Category,Message
Hello good morning, 0
Hello good morning, 0
Hello good morning, 0
Hello good morning, 0
Hello good morning, 0
Hello bad morning, 1
Hello bad morning, 1
Hello bad morning, 1
Hello bad morning, 1
Hello bad morning, 1
Hello bad mornin g, 1
Hello bad morning, 1
Hello bad morning, 1
bitch, 1

fuck, 1
fuck you, 1
nayinte mole, 1
nayinte mole, 1
nayinte mole, 1
nayinte mole, 1
nayinte mole, 1
Itu sekolah ya bukan tempat bully! Ga jauh kaya neraka,0
"In other words #katandandre, your food was crapilicious! #mkr",0
Why is #aussietv so white? #MKR #theblock #ImACelebrityAU #today #sunrise #studio10 #Neighbours #WonderlandTen #etc,0
@XochitlSuckkks a classy whore? Or more red velvet cupcakes?,0
"@Jason_Gio meh. :P  thanks for the heads up, but not too concerned about another angry dude on twitter.",0
"@RudhoeEnglish This is an ISIS account pretending to be a Kurdish account.  Like Islam, it is all lies.",0
"@Raja5aab @Quickieleaks Yes, the test of god is that good or bad or indifferent or weird or whatever, it all proves gods existence.",0
Itu sekolah ya bukan tempat bully! Ga jauh kaya neraka,0
Karma. I hope it bites Kat on the butt. She is just nasty. #mkr,0
@stockputout everything but mostly my priest,0
Rebecca Black Drops Out of School Due to Bullying:,0
@Jord_Is_Dead http://t.co/UsQInYW5Gn,0
The Bully flushes on KD http://twitvid.com/A2TNP,0
Ughhhh #MKR,0
RT @Kurdsnews: Turkish state has killed 241 children in last 11 years http://t.co/JlvkE1epws  #news  ##GoogleÇeviriciTopluluğuKürtçeyideE…,0
"Love that the best response to the hotcakes they man1d to film was a non-committal ""meh"" from some adolescent. #MKR",0
@yasmimcaci @Bferrarii PAREM DE FAZER BULLYING COMIGO =( UHAHUAH BANDO DE PRETO,0
"@sarinhacoral @Victor_Maggi tadinhu de mim , sofrendo bulling viu MIMI'",0
@0xabad1dea @kelseytheodore2 twitter is basically the angry letters of our generation.,0
"Best pick up line? Hi, you're cute... ?: I love how people call James Potter is a bully. - mypatronusisyou: http://tumblr.com/xol3xl14zy",0
Now I gotta walk to classss?! I officially hate the stupid bus system! -_-,0
@halalcunty @biebervalue @liamxkiwi @greenlinerzjm @halalflaws I know Saudis chased girls into a burning building. http://t.co/8b1AclczN9,0
Kids Love😘❤ @ Mohamad Bin Zayed City مدينة محمد بن زايد http://t.co/0xrOZSNn,0
"I still have Jack, Amsterdam, Ciroc, Crown, Bud Light, Lime-a-rita, and CRU in my love handles. I feel the jiggle when I walk...",0
"@scottyswaggod men are the ones that are going to push the real change. they are the ones in power, generally. we need their help.",0
Wishing my arena partner was on. &gt;.&gt;  Really want to get some PvP happening.,0
Education Nation: Bullying | Turn to 10 http://t.co/sxTIWtp,0
@sand_dejesus Isso é bullying! @O_Patriarca,0
@gcarothers eek. i can't stand split keyboards. doesn't work well with MMOs.,0
@MaxBlumenthal @cpassevant @anadumitrescu13 Post-Hebdo? LOL. Events like it are a daily occurrence around the world. Why isolate one.,0
You know there are people out there who like @joeyBADASS_ but don't listen to old school.,0
@Firebomb173 @ANDAASONSAN not the first time it's happened. That was probably the worst though.,0
@KamilaaRudenko how are u ?,0
"The contact form on the site was bugged. Turns out that if you use a ']' in the email subject prefix, it breaks everything. silly wordpress.",0
"The thing about Uber is, even if it wasn't a horrible, sexist, shitty company, I would still be against it.",0
I think @bxokrissy third period teacher doesn't like me he always tells me to go to class when I walk u to class,0
@andythewookie1 what's that quote about jacking off with one hand and pointing with the other?,0
"I hope this round humbled the girls, they can't cook #MKR",0
@MelissaRyan Look at what DC Public Schools are doing for bullying LGBT students now that @m_rhee is gone. http://t.co/ZegLmS7,0
Really miss my classmates n schoolmates. See you all soon people,0
Fuck. #MKR,0
#mkr Promo girls are going to BRING IT in the next round. Yeah! Bring it! Bring your store bought capsicums!,0
Hey Ma in the orange skirt,0
Fuck this paper bullshit,0
Elephants??? Direct them to #cuntandandre,0
Film ini salah satu potret bullying dikalangan anak2 #mynameiskhan,0
#NowWatching a Charlie Brown Thanksgiving #classic,0
Let's talk about what it means to be a victim. http://t.co/FInA7zfTTT,0
"@MileyCyrus @JuliaAllynn no, you are ahhhhhmazing! &lt;3",0
"@janaane poise, odiei aquilo ele sofria bullying de meninas porisso matou muitas meninas, mais mesmo assim aquelas crianças nao tinham culpa",0
no one ever help.me like my bully @AlwaysVero_ did /:,0
"@Giia_marengo le hace bulling a @Karol__Dance por que se ""gana"" en todos lados jajajaj y dice que los washiturros NO son flaites jajaj WENA",0
#Kerala RTE will lead to shutting down of 'Badal' schools in backward areas &amp; parents will mostly not allow them to join far away schools.,0
"If you are feeling perturbed about women that aren't humble, kindly go set yourself on fire.",0
You look like a gypsy. Sorry I'm not sorry.,0
"Oh hey, you should be ashamed of your disgusting self. @TheMajesticPlum http://t.co/B4obsliTUg",0
BULLSHIT!!!! #MKR #MKR2015,0
"@hayhenning good news, if i ever have a problem with a big mean bully, i know who to call!",0
I'm done - won't bother with the rest of this pathetic shit show #mkr,0
"@GlennF @Spacekatgal it is rather funny how all of us are so completely different, yet complement each other's skill sets so well.",0
"@sbrew11 If you hadn't noticed, I save my witty replies for sexists with a little more panache. I don't want to get above your reading level",0
"@nader_haq @MadDr11 Yeap, breeding and violence are the only thing they do well.",0
@SirajZarook @BilalIGhumman @OdiniaInvictus @IsraeliRegime A. I don't have a faith. B. Your tweet is incoherent.,0
Lil bro @Mackmanee_15 was on the bully last night,0
@Bahai144 ROFLMAO.  So all this time I've been trying to squeeze logic out of a religious nut that is as crazy as ISIS.,0
"@jaredchase i kept being the last person alive AND topping damage. it's like, what. this isn't hard.",0
Follow News Reports Of #BrandonMcInerney Shooting Death Of #LarryKing Trial http://t.co/WgrutwF #Gay #GLBT #LGBT #Bullying #Murder,0
"@CarSalesBossMan Unlike men, who can't fix cars because they can't fit their giant fucking swelled heads under them.",0
RT @Hanar_Marouf: Daesh is distrbuting Stolen U.N. Humanitarian Aid W/ Its Own Logo!! #Iraq #twitterkurds http://t.co/kSkGLrh1jt http://t.c…,0
@TURBOCUNT i have no idea what red bean tastes like. i'm assuming it tastes like beans? i'm not really down with beans.,0
Wait so are we voting again when we come back to school ?,0
The worst hoe is a hoe who can't admit she was a hoe.!,0
"RT @srhbutts: CEO of sony europe vehemently, unequivocally condemns #gamergate as misogynistic harassment. http://t.co/0M07MuT5AY",0
even alle bully beatdown afleveringen gedownload van season 1 en 2 :),0
"How can you sleep with make-up? Like ew, your skin will be so oily the next day.",0
freaky ass ready ass hoes,0
@jukes303 The old oil cliche again. The US pays for every drop of oil they get from the ME on the open market just like every other country.,0
Is Colin hot? #MKR,0
aposto que vou sofrer bullying depois do meu próximo tweet,0
RT @BliggiVee: Round and round we go where it stops nobody knows. How much more will this drag on?!? #MKR,0
First social test of the year...,0
@iMrBarfield it starts Thursday. My classes are canceled for tomorrow tho😌.,0
Me my self and I,0
"The only thing Facebook does well, is cause shit and promote cyber bullying.",0
Frio é bullying contra os solteiros..,0
› Meninos do Tumblr são assim: › › Meninas do Tumblr são assim: › › E eu sou assim: › › Isso é bullying. http://t.co/dr0Yql4,0
"@AMohedin Even Pickthall, who is an Englishman, was a Muslim convert.",0
@daimau5 Your boy gianluca toni was class another big 6ft 5 lunk,0
"Mum; You need a college bad not a handbag. Me; But mommmmmmm, it's phinkkk :&lt;",0
"serio, falsidade é bullying",0
I really wish i could graduate already and go to college to get away from my siblings.... Sick of all of this!!!!!!!,0
I knew Nikki reminded me of someone. #mkr http://t.co/yWjMAyphJm,0
Best Bully Sticks Spotlight on a Breed: We Honor Maddie the American Eskimo: We always love getting emails from ... http://bit.ly/rlUS4m,0
COLÉGIOS ADVENTISTAS DE SÃO PAULO DISCUTEM O BULLYING - BOM DIA SÃO PAULO http://t.co/YyfPou0,0
pratico bullying para ser aceito socialmente,0
@Kaya786 @fai3an_H And I don't walk in circles around a black meteor in Mecca under the delusion that it will please god.,0
@RealandIllusory = ranting idiot.,0
"@AAlwuhaib1977 I know hundreds of Christians, but not a single one that fits the discription.",0
She a pussy Hoe till I get the Pussy HOE!,0
"@diandrasallini Claro que nao, mas ela pode falar kkkkkkk, agora tudo é bullying kkk",0
"RT @Emoroffle: @freebsdgirl Gotta love that ""We determine the good feminists, and it's men"" mentality that GG has. Zero self-awareness.",0
@mirebotan84 @RamiAlLolah I support that. I don't like people like Rami who complain about the things he supports when done to others.,0
#SelfDefense The Best Martial Art for stopping Bullying http://t.co/cQajVOl,0
@_jearbear__ @kv3rch he swore the ravens were gonna whoop our ass.. Jj watt is gonna destroy that o-line lol,0
@edgeofthesandbx @batchelorshow @FearDept And there have been dozens of witnesses who have seen the Russians target civilians for propaganda,0
RT @peteevansnot: Seriously why wouldn't you feed #paleo formula to your newborns with TWENTY TIMES the vitamin A of breastmilk? #mkr http:…,0
"Anti-bullying workshop offers parents practical, legal solutions: With 30 percent of students nationwide being h... http://t.co/xjkhms6",0
"If your benchmark for success is Team Greek next door, then you're always going to be feeling confident. #MKR",0
Yo. Who do I know at @pagerduty? I can never recall names + employers.,0
RT @TVWEEKmag: #katandandre might have to eat her words after receiving some not so great feedback on their ham and gruyere dish. #MKR #tvw…,0
"White dude wins the Nobel for lit again, shocking, next you'll tell me his novels speak to a universal human experience",0
@normaojeda000 yupperz!! Why?,0
"@GiacomoBert8008 Honestly, WHAT",0
You know...kudos to #MKR for being able to stretch out a show....over a month onto the show and we still dont have final teams...,0
"@Llydisblur people seem to have a really warped view of what republican even means, lately. party lines have majorly shifted. :\",0
RT @brownlee_dr: #Yazidi #girls tell of escape from #IS http://t.co/6FVwGLCP24,0
@MacaLofish_UC  oajoajoajajo creo que todos me hacen bullying porr no tomar ojaojaojaoajoajoja,0
Lolol that boy is whipped AF,0
@KnightfanNeal #UCFPINKPARTY come on stay alive knights nation!!!! This is still the early bird special. #ComeAtMeUT,0
The girls need to learn how to churn #MKR,0
Stick to your day jobs girls #MKR,0
How are You? @edcrossfineart We are well...,0
@ugobananas OBVIOUSLY,0
That's crap Lynn and Tony should have stayed #MKR,0
I GUESS I NEED YOU BABYY~,0
@yuskan0723 Just as I thought.  There is no evidence of intentionally targeting children. And it's not even certain it was an Israeli boat.,0
"@LynnMagic turning it into a block list could be pretty rad, too. ;)",0
"Sure is Monday! Up at 4am for work, the boss is in a bad mood, he messed up my schedule, and our DC driver ran into our dumpster!",0
#MKR my guess. bottom 2 teams from each round are going back into instant restaurants. Just saying.,0
"@Lovemycoffeetoo @hidden_horcrux there were 4 top teams, 1 from ea round, &amp; didn't #AdamAndCarol  top their round &amp; are also safe? #mkr",0
When someone gets bitten by a rabid dog and has to get six inch needles in the belly be there to say NOT ALL DOGS #notalleverything,0
@SirajZarook @BilalIGhumman @OdiniaInvictus @IsraeliRegime There is no ongoing endless occupation anywhere.,0
"Minnesota gay teens bullied by adults, peers, say activists (Reuters): Reuters – Barb Schroeder knew about her s... http://t.co/ujqd9K2",0
"And a 7 for ""smear of lemon tart""??? #MKR",0
"@Censored31 @rupertmurdoch I don't have a religion, microbrain.  Have you found what hole that coward Baghdadi crawled into at Gwer?",0
@Assiye61 @MaxBlumenthal The Quran.,0
mmmm #MKR Forget Deconstruction @lisamromano @garydlum @mattsparks88 THIS is Lemon Tart 🍋🍋🍋 mmmm http://t.co/iiLigXbbzw,0
Pretty sure they're hiding any ability to actually cook.,0
im@s: takes 20 hours to download,0
"Walked out of the shelter with no puppy, but now I have a date. Uh. Success has many definitions.",0
Today i just did not want to get up. Am dragging myself to college.,0
"@DNas shyt iono.. i got hella shyt.. esp rockstar.. off the top of my head, the gta's..bully..re4..PrinceOfPersias..TwistedMetalBlack..etc",0
To the extreme I rock a mic like a vandal,0
"RT @nrrrdcore: At the very least, questions will be raised. And we now understand that women in our industry must choose between incompeten…",0
"I'm much happier as a financially secure adult than as a kid in a paycheck to paycheck household (and I had great parents, just no $$$)",0
RT @mykitchenrules: Nawwww 😭😭😭 #MKR,0
Annie &amp; Loyd,0
@chris_gray91 no I'm keeping that for later trackies and a tshirt on #LuckyNooneCanSeeMe :( ha x,0
"The current system is inadequate. Some of us are experienced at navigating these pitfalls, and we can help you.",0
"@RichardDawkins As a child, my parents sent us to Sunday School but I think it was so they had time on their own.I can forgive them for that",0
When is the drag show ? #ECU,0
Bullying : Quando você esta no onibus e tem um lugar vago no seu lado e as pessoas preferem ficar em pé,0
@justinbieber Your How I Get Through Bullying And Tough Times Thinking Of You & How You Got Through It Makes Me See A Light At The End NSN♥,0
@buellerishere I've watched the ISIS guys argue with Saudi Muslim scholars here on twitter. The scholars always loose.,0
@onebrightlight i've been talking to 2 employees and i heard about a lot of the internal politics re: GG. it's enough to make me stay.,0
@xoxoMs_smith never ever serve a nigga where you sleep at police be at ya door and nigga you ain't tryna see that,0
"@Censored31 @islamic_john Good, that trash should be mocked by the world.",0
"Oh my gosh they played ""Ready to Run"" on #MKR tonight!! I was soo happy!!",0
Heidi that's no argument! Not everyone who was bullied feels the need to get a nose job and eyelid surgery #InsightSBS,0
Anyone went to church services this morning?  Does your little one stay with you or go to a nursery or Sunday School class?,0
this has been the longest most uneventful weekend of my life. I feel like I just came from a vacation break.,0
ITS BEAUTIFULLLLLLL :'( :'( :'( :'(,0
"@RexMundane @gamerfortruth @a_man_in_black i'm not 100% sure where it started, but it's not going anywhere good.",0
RT @NewIdeamagazine: Just when they thought it was safe to go back into the kitchen... Instant restaurant redemption round! #mkr,0
@LifeInKhilafah LOL. YPG and Pesh are showing videos of truckloads of Daesh bodies. I'm still waiting for the big event you promised.,0
Being a Bully Dont Make You Cool,0
"@discerningmumin But regardless, ISIS will be completely defeated. I guarantee it. They are too technologically backward to win a modern war",0
@RodGarraud @conivergara perdoname :( no puedo vivir sin hacer bullying es parte de mi! jajajajaja,0
Video: Kevin Durant Gets Flushed On By Geoff Aka Big Bully At Dyckman! http://t.co/b0zyxeQ via @worldstar,0
"@_MacaAlejandra @xsiempreJcyFer @camiiHidalgo_ Oigan , me Siento discriminada :'c me hacen Bulling aaaag* Las Denunciare xd",0
#reasonifailatbeingagirl would much prefer to watch Cowboy Bebop than Made in Chelsea,0
@LifeInKhilafah ROFL.  Where is Kobani in the picture? Answer - they have lost it.,0
"@1Life0Continues i've got the code to interpret &amp; analyze, but the weights themselves are going to take a lot of fiddling.",0
"Dou um empurrão em uma pessoa, isso se chama : - › empurrão. › › SOCIEDADE: bullying! http://tumblr.com/xun3xycfun",0
#simpleasthat,0
Me and @LaDyMavV11 stay on instagram and twitter in this class!!,0
RT @jurijuri: @freebsdgirl It's like Total Recall but with only two breasts. MAYBE.,0
"Curious - so, for the rest of the (non bay area) country - is it normal to see a tweet make news?",0
@girlziplocked jfc.,0
@classic_KZ @kevin_kohout @sbroph93 @BillDollarton @inSpector_Drew Todays the day maafucks! #readytorage,0
@Blaq_Kocaine I'll have to check when I go home,0
Lets hear it for a short work/school week!!!,0
@yhdjgdjhyghghgj Thanks. I'm glad that all the genocidal Daesh slavers were cleared out.,0
Pete eating... #mkr http://t.co/3wcIykPqX3,0
@emily_esque I would love that. would you mind DMing me your email address? can shoot you an email later today.,0
@GetEmEasy that don't make u a hater..if u said u didn't think it was good u would be a hater..I think it's classic tho..to each his own.,0
Caller wanted MIKE's opinion if they r liable.,0
"@doofsmack @wadhwa YUP. incidentally, I know the editor. She's a woman, a gamer, and in tech. It's all factual info.",0
This person thinks that ~6 people tweeting at them for being a sealioning ass is the worst thing in the world.,0
"@Like_Nino remember the girl that was passed out in that wet spot, and I was like ""is that pee..or liquor?"" She was behind us in the corner",0
#face #hope #bullying http://t.co/taLCQMj,0
RT @mcRelyt: @MT8_9 We have bucookie? http://t.co/Iai78l6KCV,0
"@joanneleon @ChristophHeer52 First, Bandera fought for Nazis, but he was also in a Nazi prison.",0
"Have 2 team members, sticking with this for now. Thanks, everyone. ^.^",0
@rileysomething I'm not adverse to putting boots on the ground at Raqqa and letting our boys kill ISIS through a scope sight.,0
"Yep, me too RT@gregbugden @smh @janecaro I always like her public school affirmations too",0
"@DaveGreene11 And I'm sure you sew all the tiny stitches on your own clothes, not underpaid women overseas.",0
@caitbit BLACKMILK IS AMAZING. have you seen them before?,0
FUCKIN' SEE YA @Ztd619Dupuis,0
So I see channel 7 have found another way to drag #MKR out for an extra few months this year,0
The perfect seat in class would be one where you are surrounded by your best friend and your crush.,0
RT @Everestedup: Omg double elimination?! #MKR,0
@CarlyandTresne: I still can't believe that Katie and Nikki are out! Seriously... (Oops prob shouldn't say that) #mkr  totes awkward lol,0
@AyeOkay89 shittiest day of the week #Monday,0
There's one player on this pitch who's just a class above. Juan Mata. #supersunday,0
"RT @RichardDawkins: Watching ""India's Daughter"", horrifying. Lawyer defending rapists: ""We have the best culture. In our culture there's no…",0
"I hope their cooking shows through the next round. I mean, they have to plate it up right? All their (lacking) skills. #MKR",0
Wow...I feel so sorry for Colin having to eat what those 2 are serving! #MKR #MKR2015 #vomit,0
"@milfgaardian N'rage pink after ~1 week, turquoise is a mix of special fx. Nrage pink holds very well. http://t.co/MqX0jZSIlP",0
"Michelle ( Heartless Bitch) Bachman WON'T Sign Anti-bullying law Cause She Doesn't want 2 ""turn boys in2 girls"" WTF ?@ChrisLarson82",0
"@Ammaawah @jm111t Yeah, it says that men can beat women.  So what is your point?",0
What's better than college basketball?,0
"Bullying linked to decreases in GPA, longer lasting negative psychological effects, and obesity. More evidence... http://t.co/UCdxYcj",0
"Old school, Degrassi&gt;&gt;&gt;&gt;&gt; #ThatsMyShit",0
"Gonna cry in a minute, I can't fucking cope with maths",0
STOP LYING @XaiaX,0
@petechesbot @tmclaughbos APPARENTLY NOT,0
RT @GidgitVonLaRue: #MKR France Vs Ireland Vs Paleo Pete...LETS RUMBLE!,0
tbh rooting for jane and emma bc we have that lawyer bond #opposites #mkr,0
#theawkwardmoment when you make a status on facebook saying you hate bullies then a bully likes it.,0
@Paigey_x hahaha we will see #doubtful,0
RT @girlziplocked: WTF @onthemedia @tldr? Man gets upset that women in tech are upset that said man silences women. So you take it down? ht…,0
This is just ridiculous. #mkr Another 7 FFS.,0
@UnitePink my apt complex turns away all packages ❤️,0
the fact that there are 4958239689587 cute boys in the world and 0% go to my school i am sick of this shit,0
RT @barbara_volkwyn: Islamic State Resupply Route Extended to 400 km After Peshmerga Take #Mosul– #Sinjar Road  http://t.co/bvrcRNAn1w #ISI…,0
@_alianicole i kno a play where u i was always the bully n champion !!  ooowwwww,0
Justiça Estadual informa que bullying escolar será caso de Polícia em Cuiabá http://t.co/66xzSz8,0
@EvvyKube not sure.,0
"@Saeed6Ali @MaxBlumenthal @DaraDeBrun Since the slug is closer to your IQ, I can understand the fascination.",0
@ShariRomine @emaleroland @dehneh1   Got it!  I'm learning.,0
"@drlovegrove right?! I can't stop singing it, and I'm only 18..",0
Ubisoft's attempts at pushing Uplay is rage-inducing.,0
@TURBOCUNT they have some crazy flavors. wasabi? red bean?,0
Twitter makes me laugh....Better than the series ;)))))) Very funny 👏👏👏👏👏  #MKR,0
Did you say Ninjas???!,0
@ErikaLopezDurel Definitions mean jack.  Actions do.,0
#mkr those carrots look overdone,0
@PoliticalAnt @Lithobolos And of course I would also fight against any theocracy - regardless of religion.,0
Espero que ele fique bem! E que isso sirva de exemplo para todos ficarem em alerta em relação as práticas de bullying... o quanto é perigoso,0
K! Now I see why coaches get mad when the players go out late at night. #Exhausted,0
@GemmaBurnsX @_georgepumphrey my iphone is fucked it doesn't come up properly!,0
@tpw_rules nothings broken. I was just driving througg a lot of water.,0
"Not really feelin social for Xmas parties but just realized I don't have to deal with people saying""You're not done w school YET?"" this yr!",0
YES. I LOVE @lenadunham. http://t.co/ycgTBmmdxb,0
One of our strongest tools in stopping violence against women is public shame of the abuser and public support of the victim.,0
Wish I was with my buddies @ALLLiiXXX and @paiwai in Staunton rather than this terrible driving class! I'm not even a bad driver #granny,0
"@SSTwinrova I'm still at the stage where I've given up on finding a good task list mgt app that fits with my workflow, so I use a notepad.",0
#MKR time. Have a feeling that the remote may go through the TV over the next hour with these two clowns.,0
"@_joannedelacruz Oh, so I watched the wrong film first. haha that's why! :) I'll download it now hehe thanks!",0
My review of Kindle Voyage: a resounding 'meh',0
"Go jac n Shaz, looks great #mkr",0
This yogurt made my morningg :),0
Bubble and squeak for breakfast..are you mad? #mkr,0
"Annie and Lloyd: ""vote"" is. It pronounced ""voite"". #mkr",0
"@__QN i work monday 2-7, yayyy i get to see you again :) this is more than i saw you at school :O",0
"RT @waxpancake: Awww, Vivek made a new friend! http://t.co/B482drk2pN",0
Nome: Cantinho do sofá | Função: Praticar bullying contra meu dedinho. http://t.co/IdB3frq,0
"#50factsaboutme I always feel like my ""friends"" just pretend to like me because they only talk to me in school",0
Bullying felino http://t.co/h3lUhN7,0
Today in 1910  Dr. Crippen is convicted at the Old Bailey of poisoning his wife and is subsequently hanged at Pentonville Prison in London.,0
@BJB_22 Of course you can. Do you go to school wit Eddie?,0
@puzzle_oni having a baby doesn't end your world.And none of the young mums I know were thinking about how they were gonna be yummy mummies!,0
Thats bullying unghh!,0
@NATgotemall never that not me lls,0
I can't believe people are still surprised that Annie and Lloyd can't cook! #mkr,0
"@nitin yes, absolutely. Almost exclusively used against women that are arguing against men.",0
@RodrigoToller_ @20matarcom1tiro se ele colocou minha ft no twitpic me autorizou a cometer bullying Lei nº 930138978947324,0
Reserve game is cancelled so that means I'm sitting on the bench the rest of the year,0
"Birdman is more racist, misogynist trash masquerading as high art. Skip.",0
"@Zillytbh @leighalexander oh shit, i accidentally blocked you. whoops.",0
"@cheeseplus yeah. i'm kind of feeling like for what i'm doing, wsp is ok. for doing more granular monitoring, redis would be good.",0
"@dampscot yup, i'm aware. :)",0
I hate art. It's my hardest class.,0
Hello birthday week!,0
Here's an idea. How about the ability to mute someone for N period of time?,0
"@THEBULL_T ur bully's look official ""no homo"" lol",0
"RT @girlziplocked: .@Jason you have no idea what ""crazy internet mob"" looks like until you've seen what @femfreq @freebsdgirl and @TheQuinn…",0
"@kebesays no, my blog post. :)",0
@xCali_Boundx See: History of computer science and textile workers,0
"@jihadiA_A By people, you mean men only.  The women are clearly imprisoned in their homes.",0
@ANDAASONSAN https://t.co/dtjOHnRNhQ,0
SAVE $12.52 - Bully Dog 33307 Custom A Pillar Mount $67.47 http://bit.ly/qwpC1I,0
.@philippenis @ApuPunchau Proof?  Reliable source?,0
@LifeInKhilafah That just means that the only kinds of Europeans you will get are crazy. Other places have the brainwashed and uneducated.,0
"@lisawest99 ...falls in love with a young handsome... (continue to describe Tom Hiddleston:)))) She wants him to belong her entirely, but...",0
I hope I can finish it in time,0
@JordanL yup!,0
"@SmoothStartup all tha time, info is meant 2b shared that way I can get more from a diff perspective, my page has a variety a ppl I follow",0
"I need to invest in a YakBak so I can just press a button when I need to say ""ironic sexism is still sexism.""",0
Bullying masivo para #LosCruzadoTwitteros que andaban en Talcahuano.,0
#MKR Finally food I can relate to,0
Asap rocky mmm mmmmm his voice is so sexy I don't care.,0
Ever since I met you no one else has even been worth thinking about.,0
Only half a semester left 😁🙏,0
"@a_man_in_black sigh. prob w/being a public figure (which you are, like it or not) is that when you say shit like this, it causes a storm.",0
@Zahoorgorsi The Daesh are doing a great job of producing hell on earth for the people living in their areas.,0
"How come it is that the minute I get home, my family wind me up when I'm never annoyed like that at school? Grr #annoyingfamily",0
#Koscielny off which #LiverpoolFC have to take advantage of. 2 rookies in this #Arsenal back 4 and Carroll needs to bully them,0
"Asiik skarang aji yg jadi bhn bully? Nyekil siapose?""@sheilamatmalam: @ajiehatadji @pascaarafah tuh cha, si ajie nyekilllllll ( ¬͡͡˛ ¬͡͡”)""",0
@femfreq You cannot make this shit up. It writes itself!,0
I feel like this is necessary today: http://t.co/W70c7yjnpY,0
Why are Annie and Lloyd cooking that for breakfast? #mkr,0
"Remember RogueStar, dude that doxxed and led the mob against many, &amp; never delivered on 1st kickstarter? Has another https://t.co/6nbX7dXCvu",0
"Preciso fazer um script de 10 minutos sobre bullying, Morra língua portuguesa ; Morra Professora !",0
I appreciate every donation received. But ppl that threaten to pull funding if I don't say the things they want to hear can fuck themselves.,0
RT @cvoter: The only way Global Media can pay respect to #CharlieHebdo martyrs is by reprinting and republishing them. Again &amp; again &amp; agai…,0
"New Idea headline: ""#MKR shock! What are they hiding?"". Pretty sure they're hiding any ability to actually cook.",0
:D,0
"I'm with manu, if camping was involved I wouldn't show up either #MKR",0
"Can't believe he did that AGAIN. Jesus. Hey dudes? Don't do that. Not ever. Ask yourself, would I do this to a guy? No? Then fucking STOP.",0
"@discerningmumin We didn't overturn elections in either place, the people did, and the people have that right, as long as they elect new ppl",0
"ethics in journalism. ETHICS. IN. JOURRRRRRRNALISM. No wonder he's friends with that walking burrito fart, milo.",0
"You aren't just one person. There are many of us, and we all have voices. But more than that, we have resources, experience, and passion.",0
"@stockputout not that high yet. Only like 1800 I think. I'm not even as geared as I should be, I haven't been playing that much.",0
Preseason,0
They need a couple of 8's? #MKR,0
"Borad St Bully ,",0
@anbaari16 Looks like things have turned around and the Daesh are now very quick to run away.,0
I feel like change is gonna happen soon.,0
stan got this A+ last word before blocking me: Ever heard of caustic #sarcasm? Rename yourself @yesyoureaBellend Thanks Awfully *mwah!* xxx,0
@Slim_chaney I LOVE YOU,0
Whether life's disabilities left you outcast bullied or teased rejoice and love yourself today cause babyyy u where born this way!!!!,0
@JetsDoIt93 thankssss Joey!,0
@Vrais66 And these. http://t.co/V3cf0aGlcp,0
god bless my mom for bringing home chinese food,0
"@YesYoureSexist If anyone is interested in contributing to the project in their discipline, I have an Excel template you can go to town on.",0
whats Ja'mie doing in #MKR ? #summerheightshigh @ChrisLilley http://t.co/9npCYLVNLl,0
Have you ever wondered where the idea of the 72 virgins comes from in Islam.  Here is the Hadith describing it. http://t.co/I978JpdfV2,0
@aninkyaffair I am jealous.,0
LIKE THE TIME IN SCHOOL WE GOT FREE LUNCH AND THE COOL KIDS BEAT US UP.,0
@Matt_Cooke86 Nutrition is key to closing the .#Aboriginal life expectancy gap http://t.co/IHtNiRJMa9 @croakeyblog http://t.co/ktnqAD0TM3,0
"It's refined and it's pretty. Like us!Seriously, someone get these girls English lessons, they have no idea what they're saying. #MKR",0
#HowToGetAwayWithMurder? Serve raw #Spatchcock! #MKR #MKR2015,0
Its great to hear @danyneville voice after a long day at work ♥,0
FFS,0
It was difficult. I questioned if it was a good idea until someone in the crowd came forward for a hug &amp; started crying. Then I was crying.,0
I don't know how some people can talk about how often they get drunk on Facebook or Twitter. #KeepItClassy,0
@RafayAgha I don't like people being bullied. I am the voice for the voiceless.,0
When I have children and if I have a girl I'm naming her Frankie cause its such a cute fricking girl name omg..,0
"you call me up again just to break me like a promise, so casually cruel in the name of being honest.",0
"Kat and Andre celebrating bad cooking, bad attitude and strategic scoring. Absolute champs. #hell #MKR",0
"@Palle_Hoffstein @CranBoonitz FreeBSD keeps getting emails about firing me, as well. Y'know, the open source OS i used to contribute to.",0
We’re blowing up the sky like the fifth of November,0
".@SlutWalkTO @JustLaurenB @Filotto @TheGags29 @bowtie_guy14 @MyLostGadget @LostSailorNY Agreed, sure but what does that have to do w #Page3?",0
"@MisGrace @GBabeuf @RJennromao @DavidJo52951945 @Novorossiyan @gbazov @NewsCoverUp @rougek68 Russia, 157 out of 168 nations on pess freedom.",0
My manager just killed a fucking bee in my hair....wtf,0
#np Anti-Bully Zone by @charleshamilton.....one of my favorite beats/songs CH has ever done. so fucking deep.,0
"Like, we've all got our own shit happening, but we've got to do better.",0
#MKR did they even have chickens back in caveman times Pete?,0
"take that Kat &amp; Andre, scum of the earth LOL #mkr. I just can't with them... #mykitchenrules.",0
"@TherealTaraji Ck us out www.hbhliveapparel.com Sending out a positive messg ""Live"" Health Awareness, stop, gang, drug abuse, bullying ect",0
@halalflaws @haroonstyles @AMohedin @islamdefense @greenlinerzjm Only two verses and we are making progress.,0
RT @anildash: A friend's Facebook acct might get shut down because their legal name isn't the name they use/are known by. Anyone at FB know…,0
Bad bad food. Plain and simple Kat. #MKR,0
Hey Hey! Ho Ho! Union Bullying is Getting Really Old and Has to Stop http://t.co/8FISDJ4,0
"@CavusSeyit I have no idea what makes you think that you are clever, because so far every one of your tweets has been moronic.",0
"Stinky ass people, then they wonder why I don't come to school",0
Will @Channel7 be offering us a pension... Seems that this season of #MKR2015 is never going to finish.. #MKR,0
Wait did I see Pete &amp; Manu flying cattle class on Jetstar? Even I don't sink that low. 😂 #MKR,0
@IHatebd I apologize if I wasn't clear. I think that statement is equally racist as the original tweet was sexist.,0
vomit. #stopwadhwa2015 http://t.co/78tLSv56cs,0
"while everybody went to school, i enjoyed my day in my bed sleeping. #feelingbetter",0
great ball handling skills Will. Lloyd from #mkr could show you how its done,0
"RT @Witchsistah: The Entire History of Anti-Racism, from My Birth To Now #TimWiseBookClub",0
RT @wadhwa: I can't believe my Wikipedia page is under attack again. Don't they have policies against all this?,0
"@iyad_elbaghdadi You are wrong about that. By definition, if they are really Muslims, they are terrorist.",0
Accidentally numbed half my mouth. Dribbling everywhere.,0
@AlwaysWrightHoe LMFAOOOOOOOOOOOOOOOOOOOOOOOOOO BRUH STOP!,0
"@alwalawalbaraaa @DanieleRaineri LOL.  Making excuses for attacking the Kurds I see. But everything ISIS holds was stolen, including Raqqa.",0
Another bloody instant restaurant week?!?! Seriously! They just jumped the shark riding two other sharks powered by shark power #MKR,0
Hahahahaha blonde moment! #mkr,0
"@obsurfer84 There is no ""interpretation"" to ""I was six years old"". Only Taquiyya Muslims trying to lie about it.",0
I liked a @YouTube video http://t.co/gtYIRAo Bullying e Rodeios - #Vlog,0
69% of Children Suffer Bullying at School =&gt; http://t.co/dAdyUj9 #bullying #cyberbullying,0
"@taliyada @PatyCipriano AI CREDO, olhao bullying  :/  Mano, eu sou um gênio, claro que eu vou pra Corvinal (H) HSUAHSUAHUSHAU AQUELES",0
"pain make your way to me, to me",0
@diesel_frost but since most of the victims are women I guess you can't be arsed to give a shit about them.,0
Aussie #mkr judges need to be Aussies I'm sorry ... &amp; ones who know how to comb their hair &amp; look presentable... AUSSIE contestants too pls!,0
"RT @uk_expat: ISIS executing 'educated, professional women' http://t.co/6RezldQK9T #Daesh http://t.co/akK6sMvTnm",0
"@morangutan Andrés, ¿porqué tanto bullying a Mario?  Él aporta con ideas y propuestas. Sugiero parar tanta mala onda.",0
"Users want transparency in abuse systems, but there's a difficulty in this. It can allow people to game the system.",0
Waiting @ thee orthodontist. Just wish it was actually for ME. (.___.),0
"@TGF174 this is both season 2015 and 2016. Next they'll advertise it as ""continuing after the tennis."" #MKR",0
Just wanna go home school gay...,0
@JohnCena Don't be a Brahma Bully?,0
"RT @jlgimenez85: #mkr Annie- go ahead, punch her in the ovaries!",0
I can't trust a soul.,0
"Haaaa, please let Kat/Andre go to sudden death! #MKR",0
"@tpstigers it depends on how you define meaningful. if 3 people listen to you vs 30k, there's a huge difference in voice.",0
"Dumb idea to put armed guards in schools. That would be the dumbest job on the planet. So boring, waiting to kill some crazy gunman. #dumb",0
Bout to get my keys made,0
Can I holla at you??? Lol,0
@bradybaggett @LUVSHINECAFE Does talking to a few tell me how many want to kill apostates or implement Sharia?,0
"RT @JakeM_1998: RT BillSpindle: It's all about power at the top, but for fighters on the ground #Tikrit is religious war on both sides …",0
No u. http://t.co/zOr0eWahSS,0
@RaikonL ok yeah i am.,0
Where are they camping? Wasn't paying attention #mkr,0
We only got a few more weeks until school ends praise god,0
"@Zoebeastt Wow that undocumented, confirmation bias-stinking comment sure convinces no one!",0
I wish he will back............ hahahaha-_-,0
I'm thinking there is another round of instants coming  #mkr,0
@chrylis @ClarkHat I've met plenty of people educated by private schools who still fail at basic grammar. ;),0
Lots of ppl willing to give u that 'punch' you're missing Colin,0
RT @HizmetMovement: 'Those committed to #democracy do not bow before #Erdogan' http://t.co/D1GXQR5AWs #YolsuzlukVeRüşvetYılı2014 #Turkey h…,0
@MrMadeULook True &amp; she was still suffering from the backlash of that damn car accident. Her promo has been great this time around tho,0
Whatsapp ?,0
"If you fear your child is being bullied, this book can help make a difference and change everything. http://t.co/s34H5U8",0
RT @beadsland: What find truly astounding is number of thought pieces that fail recognize how offensive the segment was even without the tw…,0
@BRiTT_BRiT90 lmao guh these hoes dne told on me ion care fr fr.,0
Give me all the things I need that money cant buy,0
It's been several years since I've contributed code. This was due to a conflict with an employer. I *asked* for my commit bit to be retired.,0
"Wadhwa had other women write a book about being a woman in tech, then he published it with his own name on the title. #stopwadhwa2015",0
@JWYoder ouch.,0
@gavinatkinson @karinjiri @devinteske i miss sysinstall. :(,0
"@DianH4 The slave girl has no right at all, liar. The owner could kill here and there would be no punishment.",0
"[Jonghyun]: Who is that, bring him/her over~! #JjongUFOReplies",0
I do like Ash and Camilla the have screen presence #mkr,0
No president has ever won without winning Ohio.,0
@DannyVelasco @philippenis Just like the moon landing...,0
@mykitchenrules time! THE TEXAN IS BACK BABY! #mykitchenrules #mkr,0
RT @JamesMakienko: @omeisy @yemenrightsmon People in #Yemen see through #Russia supporting #houthis - already making fun of #putin https://…,0
"@travel_abstract @hotelsdotcom happy to help, of course. email me at elliottc@gmail.com with details.",0
It's not sauerkraut lol!! #mkr,0
"Lance Armstrong Award for Sportsmanship 2015 goes to... Trevor Chappell opens envelope, announces winner is Kat! #MKR http://t.co/LHsphaw1cy",0
¿Mayor acceso a la tecnología incrementa el acoso escolar o #bullying? ¿Por qué? http://t.co/Rib8BKk,0
"Drama, drama, and more drama",0
RT @halletecco: Feminists don't need to be female. Do not #stopWadhwa2015. Instead let's encourage more men to speak up. @wadhwa @jason,0
@Abu_Rumaisa @hijra2IS I saw the Kobane clip.  It was 100% Daesh lies. http://t.co/nlZsw1TzsR,0
Twitter on school computers...,0
"RT @_CHYnese__: Miserable Martha's , Pathetic Patty's &amp; Bullshit Becky'sðððððð¤·ð½ââï¸ https://t.co/eB9QH9DyD7",0
can u lend me your heart ?,0
@comattwow @sweharris i have no idea what that is?!   a spam bot??? what is your malfunction?,0
"@pazferanda por q me haces bulling, viste q me pone sensible el estar soltero :B",0
Vibrating with excitement. Every day brings us closer to being able to make the announcement.,0
@sailorhg @iroc oh my gosh. This is awesome.,0
@qmarq @ChrisWarcraft im sitting at dinner and I'm like Chris... Chris... Chris Warcraft,0
I now officially hate Kat and Andre I hope karma bites them hard. #mkr,0
"Went to school late, got sent home early. Possibly wont be able to attend tomorrow. #spiderbite2",0
RT @PSogeco: Little short and to the point ISLAM Lesson's for us which are ignorant http://t.co/m4Jcka5iR0 http://t.co/GANRH4K87a via @PSog…,0
RT @shanley: literally after months of attacks there has not been one single criticism or response leveled of my actual work. so you know.,0
"Yeah Kat I wouldn't laugh so hard you are about to be brought back down to earth, now who's laughing #mkr",0
@ZiOrim @_Median_ @RushetteNY @Banko40 I doubt that you have ever been in a street fire fight. It's easy being an armchair hero.,0
"http://t.co/F7w7deJ venham, aceito bullying tbm",0
"RT @mishbucsai: If I hear ""hot"" ""pretty"" ""sassy"" ""like us"" one more time.. I will deconstruct.. #MKR #killerblondes",0
Ideas And Help For Victims Of Bullying:  http://t.co/C0i3iZK,0
Mad A'f,0
@IAmMatticus @twitter will send an email tomorrow morning ;),0
@thatarabianguy Islam is racist. http://t.co/vxkGGzKe8D,0
"Akhir2 ini disekolah jadi serba salah, di bully mulu sama @Ady_Oho, Anthony & Budi (ʃ˘̩̩̩~˘̩̩̩ƪ)‎​",0
@Diesal3426 Lovie is like that kid in school that does just enough to get by. In Lovie's case just enough to not get fired. #firelovie,0
@shaner38 Avs REALLY needed the D man too...but they made right pick.,0
Started watching Port v Magpies but turned it off. I hate to see bullying in the workplace,0
Tongs for the memories campers #MKR,0
@GBabeuf @MisGrace @RJennromao @DavidJo52951945 @Novorossiyan @gbazov @NewsCoverUp @rougek68 I see your logic is as screwed as your morals.,0
RT @Quinnae_Moon: The distorting effects of the internet make it even worse; relatively minor figures online get scrutiny normally reserved…,0
"You've got big hearts! Colin, I believe what you're meant to say was that they have enlarged, clogged hearts! #MKR",0
WHAT THE SHIT http://t.co/ja2UbCspO3,0
"RT @EzidiPress: #Ezidi fighter and his daughter on Mt #Shingal | We fight for what we love, while our enemies fight because they hate http:…",0
"@DeShilianGuey lo digo por muchas cosas que leo, es una pena en verdad. Nuestros hijos crecerán rodeados de bullying por pensar diferente",0
"Nevermind, Kat and Andre have no hope against the other teams now. #mkr",0
Ok I officially dislike Kat the most #mkr,0
"&amp; make this our little secret Emotional roller coaster, the pain is almost over the Monkey is off my shoulder",0
Or a real #bully in life,0
"@EdWardMDBlog @haaretzcom Again, are the Daesh Libya? Executing Egyptians is suppose to make Egyptians do what?",0
@AMohedin 4:34 is in the Quran not the Hadith. And you don't explain why 5 translators would use strike.,0
@wanyinglah hehehee trying to! But now very tempted!!!,0
@kylieminogue @muse,0
Seriously stoked the girls got through they are pretty and can cook....they are promo models and sassy  #MKR,0
@RudhoeEnglish Living under ground like rats is very appropriate for the Daesh.,0
If you tell me to get one of those weird hexa things i will never talk to you again.,0
Kat &amp; Andre are terrible sports #mkr #mkr2015,0
"@LucasProsty não toh ameaçando mas é um fato.. tah rolando bullying na sala e eu vou na direção contar, fazendo minha parte, outro fato q +",0
#TwitterFamousWhoFollowMe @ItsAkmal &amp; he's my classmate too :) haha !,0
Going to Antonios after this lunch,0
RT @Kotaku: How Blizzard is taking aim at toxic players in Heroes of the Storm: http://t.co/Ukt4trogVl http://t.co/mrMRW6TcwX,0
@_Free_Boosie_ lol did you have to look on facebook?,0
Going to have a whale of a time with this trend.. #ReasonsIFailAtBeingAGirl,0
Kat and Andre are absolute dickheads! #mkr,0
@W_DiamondRacing What have you bought Tom ?,0
What a relief! They're lucky they realised their mistake! #MKR,0
no problem @pink_supernova we need more people like casey to end bullying.,0
@AdnanSadiq01 @sibeledmonds And there would have been no Iraq elections.  Real shame.,0
Unions bullying heads to shut schools for public sector strikes - Telegraph.co.uk http://t.co/UBYFU1n,0
@Katrin_Salmani Lies. http://t.co/Qax81lnvg0,0
"@trishesdishes Go back to the top of this thread and read again, then.",0
"So small national service I go do wey I dey go thru hell, ahhhh wey screening too am tired koraa",0
@omarboulakjar Thanks for the RTS!,0
Can't quite shake the feeling that #MKR is a tiny bit rigged. Since when do bullies add more value to a show? #teamlynnandtony,0
"#YesAllWomen are not going to just ""let it go."" There are countless women who are killed every day in single numbers who are forgotten.",0
@p8952_ @mjg59 not my field. ^.^ at a guess? you can be just as tied to a pseudonym as your real name - or even more so.,0
@pwafork it is awful Come Dine With Me because no one gets drunk on #mkr!,0
@Assiye61 What do you want me to do? Hand deliver the Quran to you. The verse numbers are right there. Get a Quran and look it up.,0
Não é bullying se eu te quebrar inteira e dizer que estava brincando de jogos mortais. http://t.co/W3lzR8z,0
I have no idea how anyone is seeing blue at all. I see no blue.,0
"@UmarFarooq_ radial momentum means that it does not fly away.  In the same way, both the plane and the atmosphere have radial momentum.",0
"Nunca faça bullying, por que quando aquela pessoa crescer, pode virar um bruxo das trevas e se aliar a Lord... http://tumblr.com/xea3xm99fy",0
Someone posted this on facebook in response to that woman tweeting at me earlier today. ^.^ http://t.co/bY9wkRELYO,0
"@DineshDSouza @nobigotry In fact, Morgan does not get it. http://t.co/OJQyyICUyO",0
Bradford team has 6 debuts: Hansen Flynn Branston Stewart Hanson Compton Mitchell bully syers Moore threlfall. #bcafc,0
"@ChuckPfarrer And after each of those events Putin used the event to grab more power and diminish Russian freedoms, supposedly for security.",0
RT @femfreq: Let me spell it out. It is deeply misogynist to propagate wild conspiracy theories suggesting women in gaming fake death or ra…,0
@d_lacepanties safe travels girlie,0
He's been offered contact info from those he's speaking with should he care to contribute. He's utilized none of this. I am unimpressed.,0
"Le dan color con los tuiteros que almorzaron con Piñera.Tanto bullying,si hubieran sido ustedes los invitados habrían ido igual. #Esonomás.",0
"RT @MMMotorsports: @YesYoureSexist @J_Carnivale14 I've navigated Moroccan desert w/o GPS, chase crew, cell phones. Only compass and map. I'…",0
"Jelly much, Kat? Andre is no catch.  #mkr",0
Na palestra da minha escola usaram o restart como exemplo de bullying -.-'kk',0
Sometimes I don't know what Colin is saying #mkr,0
@DiceTechJobs @Itshella_dom @Maira_Benjamin @jenrpetersen that isn't me.,0
Kat the contradictory cow. Says she regrets voting strategically but does it again #mkr #mkr2015,0
"Oh, hell. Is Blizzard proxying tweets instead of sending the tweet content directly to twitter from the WoW client?",0
@DJCPI @TheQuinnspiracy @metafilter i saw. &lt;3 metafilter. :),0
Annie is coated in + 1000 sunscreen. #mkr,0
"You confused me... in a good way, -is a that a compliment, Colin? Katie and Nikki think so! #mkr",0
@ATLathirox YOU SHOULD HAVE COME MY FRIENDS SNEAKED IN TO THE CONCERT WITHOUT TICKERS,0
@WPIAL_Insider if quip played there classification who would u take clairton or quip,0
Did that Nandos advert really just happen? #MKR,0
@abedhalawi @saedsdk @amaz7_ @ramzimort Hahahaha i suppose so :p,0
Omg Stewart has a long middle finger!! Lol!!,0
@3x1minus1 What about electroclash? #neverforget,0
@Inglonias expanding? O_o,0
"The morning after, hung over, struggling to remember how that pile of o'reilly books ended up in your bed. ""WHAT DID I CODE LAST NIGHT""",0
@SXOYXOS: Happy birthday @KierraLove2! Love you! (: Thanks girl love u too:),0
@isamjs hahaha bercanda bully bully di twitter anak angkatan 6. Apa kabar kak? Gmana lancar gak nih puasanya?,0
Colin scoring for the ratings tonight. A 7 for a roasted bird that wasn't stuffed and couscous. Other teams must feel ripped off. #mkr,0
@DianH4 Being free to make your own choices is good.,0
Don't deny it!,0
Rico so mad that I don't get off til 7 😏😏😏,0
@gennirobinson well I'm going to BK next yer I moved here from Ohio so I'm just finishing up my last semester through online school,0
@TheQuinnspiracy PLZ GET URSELF A BLACKMILK SUPERHERO SWIM,0
"@olga_imoet maafin ya, kalau ada bully yang gak diterima. ikhlasin ya... :)",0
@tooomski lo tadi di bully ga tom?,0
A melhor parte do dia é o bullying com o @CarlosPivetta rs.,0
@shehzilk @watan71969 At least Churchill got it right. http://t.co/Bjgk9PdUUO,0
Haha yes... Kat and Andre failing!! KARMA MOTHERFCKERS 😝 #MKR,0
@_RetroQueen_ on the last day of school I seen you at taco bender,0
Just now waking up.,0
bully beatdown. #intense,0
"@holinka if you are, i may try to locate you for another hug.",0
"holy shit, i'd rather commit suicide than get bullied by @Laurennicoolee....",0
"To all you people saying ""NOOO! #mkr dragging on!"".. there's 14 teams an weeks after these instant restaraunts. It's only 3 more months. :)",0
Maybe the girls should have less tickets on themselves and worry about the cooking. #MKR,0
Judges were frosty when scoring the rosti #mkr,0
@leizlibranza yeah pole dancing was my biggest achievement! Aside from i knew how to actually look and move sexy with some bonus classes!,0
if you don't know about the old old old school songs something is wrong.,0
@LynnMagic we should def talk later :),0
"The ""LOVE PINK CAMPAIGN"" for Self Love, Anti- Bullying, Ovarian Cancer, and NOH8 COMIN SOON!!!!!!! #TEAMISP #UnknownCelebrityPR  #weWorkin",0
The teams are so rough in their scoring girls deserve better #MKR,0
@FuckingDesean ahaha there's no reason anyone would bully me! X),0
"NO matter how talented you are, not everybody is going to like you, but that’s life, just stay strong.",0
Cramps from hell. Wah.,0
"@buellerishere If you are impressed by madrassa rats, Baghdadi has his Phd in Islam. So who are you to tell him?",0
My fav #MKR teams so far are definitely: Eva &amp; Debra Rose &amp; Josh Annie &amp; Loyd Robert &amp; Lynzy Sherie &amp; Emilie Jaz &amp; Shaz (not in order),0
@InstantReporter @ALWiss5 And Egypt will have even more air strikes as revenge for taking the hostages.,0
@pNibbler @AlterNet @MaxBlumenthal I don't care if someone believes that. As long as they don't assert the right to kill me for leaving.,0
@boysies It was worth the trip alone. Blown away. She loves the gays and the gays love her. If photo u took isn't awful then do send it ;),0
@bradybaggett @LUVSHINECAFE But at that time we didn't have fools saying that we can't fight Germany because there are good Germans.,0
RT @mary__kaye: I blame the other teams for this. #mkr,0
@root_tim this is my work :),0
"RT @gater_ebooks: You Big Government, anti-freedom fucks are why I am in favour of fat shaming",0
@desertfox899 is this 1997??? who uses MSN????,0
"@MikeBoom_17 smh , you're in college ! Gtfo.Lol",0
"@_DirtyTruths Of the three papers that he references, I have so far only been able to locate the third.",0
@truaemusic Now you are drowning in self destructive PC stupidity. Conversation over. Blocked.,0
"@MikePrysner @ChristophHeer52 Where is your evidence that any of these people are Nazis, Putin troll.",0
"@_d_n_verg_ @stevesalaita Screaming in pure religious hatred, ""Allahu Akbar, Allahu Akbar, Allahu Akbar""",0
@Assiye61 @MaxBlumenthal Seen it. But the Bible still has no concept of eternal jihad against all humanity.,0
#chevape #paprikash #wogfood #MKR2015,0
@98Halima @cdnKhadija @rfrankh53 @BilalIGhumman @johnnygjokaj Mohammed had no excuse at all to attack Khybar Jews.,0
A comparison to Santa would be more apt. Lots of talk around the blocker tonight. http://t.co/rTgOj41PMX,0
@LynneMcGranger Kat and Andre are a disgrace! They should be booted. To score that low to save themselves.....pffft! #mkr,0
"@lucciiernaga7 si, jajajajajajja plan macabro jajajajajja y le hariamos bullying @MonicaLuck",0
Obviously strategic voting!! #mkr,0
@Popehat i can never tell anymore.,0
"6 Italian scientists have been sent to prison for failing to predict the 2009 earthquake. I admit, a lot of people died, but really!!! #joke",0
@rConflictNews @HaraldDoornbos What is even more disturbing is the number of people who want to watch.,0
@MclendonLakisha That is a lie.  The prophet Mohammed had people executed for criticizing him.,0
@_blackglass__ @dumuzi1969 YPG has civilians leave before the fight.  The Daesh holds them prisoner and uses them as shields.,0
Im so pissed off i fucking hate everything and everyone,0
@scholarshipscom My 2013 education resolution is to go to school for pharmacy and be successful.,0
Chickeny thing. Technical terminology here #mkr,0
"So she can try &amp; claim innocence, but statistics paint her as being someone to avoid. And I've been in her sights for a while. Oh well.",0
Leo status: still zonked out http://t.co/QuSS6Mox8W,0
RT @Rildom1: @YesYoureSexist @urmindblown the fact doesn't say intended for cars it literally says the windshield wipers which doesn't limi…,0
"Really, really curious to see what happens with this.",0
@sigje mayyyybe. Is there a CFP? I've done some neat stuff with statsd/graphite and abuse metrics,0
"@MartinSenyszak you can have three errors, known errors, unknown errors and unknown unknown errors",0
"“@PublimetroMX: Ninel Conde, víctima del bullying en Twitter, cambia su cuenta http://t.co/pFE73I7”/// aaaaaaaaaajajajajajajajahahahajahaja",0
@MisGrace @GBabeuf @RJennromao @DavidJo52951945 @Novorossiyan @gbazov @NewsCoverUp @rougek68 Thanks for the intellectual response. Blocked.,0
It's go time.,0
@atonal440 @ralphcrafts i'm pretty entertained in that i only see half of the conversation. ;),0
RT @HayatAlvi: Escaped Syrian Child Soldier: 'Don't Join #ISIS' http://t.co/xpcW4uHwQ1,0
"hablando del bullying y el pasado bully de @JoselitoHuerta, @enjoyCARRILLO y @chekozucconi...",0
“And so we’ll have whittled 18 down to 14 in just a few short months” #MKR,0
Bullying ? É o caralho . Amg tiver passando porisso agnt resolvee ligeriin .,0
God another fucking instant restaurant round #mkr,0
This dessert looks I dunno... I'm not feeling it.. #mkr,0
Got out of class early today #thankgod,0
Woo can't wait to see what happens!!! #mkr,0
"Yall shluts anyways. RT @tayyoung_: FUCK OBAMA, dumb ass nigger",1
You 2 dumb ugly fuck name wayne ugly nigger pic.twitter.com/nulMByqunA,1
Wtf this dumb fuck just fired shots? Stupid nigger,1
Why some dumb niggers fire bomb a car on the street smh stupid mothefuckers you gone fuck up yo shit Damn dummy,1
That man called you out and you are here demoralizing a Black woman. Who has the biggest testicles? It may be him. He's fighting for his rights to screw white women. You on the other hand are too busy trying to remind me of my Negro status. F U,1
"............RT @tayyoung_: FUCK OBAMA, dumb ass nigger",1
People dumb as fuck. That white lady clearly ain’t mean to say Los Angeles niggers.,1
Sum black ppl are soo stupid darkskin lightskin to other races ur still a nigger remember that u dumb fucks,1
Uhm ok so u also used the straw man fallacy by talking about the waiter and how it was “racist” just Bc he was colored when we were clearly discussing about” transgenders”. uhm u also used the red herring fallacy using “ racism” as a way to show some similarities between the 2,1
"“@tayyoung_: FUCK OBAMA, dumb ass nigger” y'all see this shit.........",1
HELL NO DUMB STUPID BITCH TF WRONG WITH BETTER DEACTIVATE YO SHIT AGAIN DUMB LIL NIGGER LOLOLOLOL FUCK OFF CUNT,1
"When your 4 year old sister gets on Xbox and calls people Dumbass Niggers and Stupid little bitches and tell them Fuck you, you dumb bitch",1
Yeah the dumb ass is mad RT @_RudeGal: You mad huhRT @Ignorant_Fucks Our president is a dumb nigger #nigger,1
"Racism is like a stain on ur colored clothes, u can't bleach it Kuz it ain't white.",1
So my coworker says her husband going around calling ppl dan dumb ass niggers man I would fuck his honky ass up,1
"«@tayyoung_ FUCK OBAMA, dumb ass nigger» get WITH it BITCH!!! OBAMA HOE",1
Fuck red and white dumb ugly nigger pic.twitter.com/kTX0Fpn9Cn,1
"CONTACT ME, BECAUSE RACISM STILL EXIST. I WAS CALLED A ""NIGGER"" BY A WHITE GIRL ON DECEMBER 12, 2018 AT A HARRIS COUNTY PUBLIC LIBRARY. I HAVE THE INCIDENT REPORT THAT I MADE IN MY HAND.",1
Donald Trump’s rise to fame is based on the very fact he was taken to court for red lining against African Americans. Anything that states DT is “pro”black Americans is blatantly propaganda You seem like a reasonable person. I ask you read further into his racist past and present,1
Words to never say in the getteo cracker wacker fuck your couch oh and Nigger ya dumb,1
"#Dafuck bitch!!! RT @Pretty_BSJ: Bitch stfu .RT @tayyoung_: FUCK OBAMA, dumb ass nigger",1
"Me: shut the fuck up you dumb nigger Muk: yea I'm leaving, go find some choogs with your other noogers",1
Sebastien...you look dumb as fuck now...kys #nigger,1
@GarrettaBrown85 @5Candrew Why do people even talk about white privilege when the majority of food stamp recipients are white people!!,1
"RACISM is wen u select ur white clothes,n wash dem before the black/colored ones!! Say NO to RACISM... Wash them together""",1
You're pissing me off & then ima kick your real dumb nigger ass!! :| don't fuck with me!,1
"@PoliticalKathy What U said is racist &amp; U know it! People of color, like Urself, can be racist towards other people of color. Religion, well U discriminate Muslims &amp; their different ethnic backgrounds which goes back 2 racism of other colored peop",1
Now we all got business cards. Dumb hurt to fuck to death lying ass nigger you. You sorry ass begging nigger you.,1
Fuck you bitch dumb nigger,1
I got this dumb ass fucking nigger in my lab group and he's dumb as fuck,1
she's mad lol “@Fucccccc_: I hope you get yo ass beat . Dumb broad “@kimberrlym_: Fuck you nigger #CANELOTEAM””,1
"Hey @ACLU @splcenter @FBI @SantaMonicaPD @RepSwalwell @RepMaxineWaters @SenFeinstein @Govjerrybrown WHY WASN'T THIS DISGUSTING #WhiteMan ARRESTED ?? Attacks Black Woman &amp; commited Hate Crimes verbal &amp; physical assaults as he kicked her &amp; called her ""niger"" repeatedly.",1
"@ajplus Fucking liars, every evil they comitt will be blamed on isis, how about Iraqi troops separating boys and detaining/toturing them?",1
This nigger ain't black idk wtf he is. All I know is that he is a dumb fuck with no common sense https://twitter.com/dearyoufromwe/status/750124864619417600,1
"“@tayyoung_: FUCK OBAMA, dumb ass nigger” FUCK YOUR GRANDMOTHER &amp; HER ASHES",1
#DIAMOND IS DEFINITELY #MONA TOP #COON #EXPLOITEE THIS SEASON.  #MIMI IS PRAISING GOD THIS IS AIRING BEFORE #LHHATL SHE NEEDED THIS #LHHNY,1
JULIA IS OFFICIALLY ONE YEAR OLDER FOR ME !!! HAPPY BIRTHDAY !!!!! lit rally one of my closest and first twt friends you make my days better and ur an icon never change you're the bestest and ilysm @xuxislayer123,1
"This racist ass bitch smh. The hate will never stop “@tayyoung_: FUCK OBAMA, dumb ass nigger”",1
Very actually thx ur one if the first people to take this seriously,1
"“@tayyoung_: FUCK OBAMA, dumb ass nigger” ignorance at its best. Smh",1
"Tired of the wack ass niggaz getting recognition, nomore games ! Y'all gonna know my name !!",1
#IWishIHad d energy to beat d. Fuck out of dumb ass niggers,1
Couldnt log in to do my music homework! fuck online classes dumb bitch ass nigger shit! Grrr #withdrawn,1
"Well I'm a server, and I don't know why they would do this, but they gave me a black family and they were disgusting niggers",1
"Lmfao FREE SCHOOLS, DUMB NIGGERS! RT @RoJustDGAF: fuck @VeniVendetta got me crackin the fuck up in the store but school free tho"" lmfao",1
"BITCH YOU MAD AIN'T YOU.!!! #TEAMOBAMA Whhhhuuuudddduup.! RT @tayyoung_: FUCK OBAMA, dumb ass nigger",1
Some niggers is dumb wateva fuck them anywaysz asshole,1
"100% which is why its called Black Lives Matter. It is a totally white hating Marxist drugs money laundering outfit. It uses ADHD, OCD, Asperger white kids to look 'all inclusive.' They even hate half black folk who carry the white slaver gene. First slavers were Egyptian Negros.",1
someone's mad ... *hands you a tampon* . RT @Colton_Zappe: Fuck that dumb nigger Obama,1
"Y dis dumb FUCK in a red mustang on 95 north wit da drop top open but da nigger drivin got on gloves, hat &amp; jacket? #dumbshit",1
"And on a side note, any black dude who is into white women telling them to give them that ""nigger dick"" during sex Is fucking disgusting.",1
Now beat the fuck out of each other dumb niggers,1
like wtf did you think i was gonna laugh at you basically calling me a nigger jokingly and thinking thats funny? type of fucking dumb shit i be hearing man!!! niggas dumb as fuck!!!!!!!,1
Your best friends a monkey looking nigger so shut the fuck up you dumb cunt.,1
That’s sad af. I see my family just accepting anything from bm and I want to scream do better and look past your social circles. I’m with a black man and I’m his world. He’s never disrespected a black woman nor put nbw above bw. We cater to eachother,1
For 2020 blackpink have the most wins for one song got the most highest pak for gg And also ur faves debuted first and constantly cb 2-3 and promoting music shows while bp cb once a yr and promote only 2 MS. But one song enought to outsold M&amp;M,1
"EERP! #Obama2012 RT ""@tayyoung_: FUCK OBAMA, dumb ass nigger""",1
"Yeah but I bet your love that black dick bitch""@MyHolyPussy: #iHaveNoLoveFor niggers. They are disgusting and they have AIDS""",1
HOW THE FUCK YOU GOT 9 SONGS AND I MEAN NINE SONGS ON YOUR ONLYFANS ACCOUNT AND YOU CHARGING $29.99 A FUCKING MONTH...I SWEAR SOME OF YOU NIGGERS ARE DUMB...SO FUCKING DUMB YOU MAKE ME ASHAMED.....MAYBE I'M GETTING OLD BUT I DON'T REMEMBER MUSIC CD'S COSTING $29.99 EVERY.,1
osker grant (woodside): fuck that dumb nigger should have gotten more it's NOT ok to contact this poster with ... http://bit.ly/kP30wd,1
@Junglee_Jim wow u sound like a broken record u dumb nigger now fuck off seriously,1
@_LilMae @briskiee_ @vick_williams96 @YounGesT_PounD cant fuck with no dumb niggers,1
"I'm on the outskirts of B'ham, Trussville, and most of my neighbors are Black. There are no yard signs, either pro Trump, or pro Biden anywhere. But in the past 8 yrs, I've never seen or heard anything like what has happened in the past 2 nights. It's been spectacular!",1
"White people say some dumb ass shit then wonder why ""niggers"" wanna knock em the fuck out , stay In your lane white bouls.",1
"A false assertion by Biden. It was probably the majority. Just a few examples: Woodrow Wilson called blacks ""an inferior race"" and screened racist movies in the White House. Nixon called black ""Negro bastards"". Reagan called Africans ""Monkeys who are uncomfortable wearing shoes.""",1
@killzarin fuck you dumb fucking sand nigger,1
Saw My Lil'Nigga @DopeShitt__ Dis Mawning !,1
"Exactly. And with these masks it's HIGHLY possible. I don't put anything past these people. Google ""Black male latex #mask.",1
Great shot. There is a similar confluence in Brazil near the city of Manaus. Encontro das Águas is where Rio Negro and the sandy/white-colored Amazon River (also called Solimões River locally) meet. They run together for about 5-6 km before mixing completely.,1
@Rxppling @Zhorahs @marcoli64 you're dumb as fuck nigger,1
fuck wiz khalifa and black and yellow.. dumb ass niggers and they stupid ass agendas,1
Fuck red and white dumb ugly nigger name Wayne Positive trash soft ass nigga pic.twitter.com/6BBKr5RkCn,1
@We_Hate_Niggers lol!! Hahaha waab!! Your funny!! But I bet you won't try the shit I promise you will be a dead man walking ..dumb fuck!!,1
"RT @tayyoung_: FUCK OBAMA, dumb ass nigger --- #MADWHITEPEOPLE",1
Where I come from the word nigger offends me you're fucking white you dumb fuck,1
"negro in Spanish is not a slur it's a colour and adjective, the word for black. like ""blanco"" is white. ""moreno"" means tanned and is often used as an euphemism to avoid saying someone is black. black spanish people would be upset if you called them moreno and not negro.",1
Just saying because I bought one for my son at Christmas and cost me about 1700 for everything. Granted it was a pre- built but idk first thing about building a pc,1
@JEcountryboy so its ok to say nigger is what your telling me ? And it was a year not 2 dumb fuck &amp; that other tweet you tweeted in Sept,1
"Shut the fuck up you dumb nigger. Never tweet again or the clan will get you, you chicken loving ape.",1
Saw two gay guys in amk library...one tall nigger wearing a black tshirt kissing a skinny indian wearing white tshirt...omg disgusting!!,1
"well i personally dgaf about the """"large amount of niggers"""" in europe i give a fuck about this nigga corbin and his dumb last name",1
@InaGroll We know you fuck niggers you dumb cunt! http://www.dailystormer.com/npd-disassociates-from-model-after-she-makes-porno-with-a-black/comment-page-1/,1
"Bitch shut the fuck up and respect your president hoe! RT @tayyoung_: FUCK OBAMA, dumb ass nigger",1
@HoskinsTy96: White boy power bitch black power bitch,1
"Racism is when u select yours white clothes n wash them first b4 de black n colored ones, SAY NO TO RACISM n wash them all @de same time",1
"@tayyoung_: FUCK OBAMA, dumb ass nigger Telly Tubby lookin Bitch mad af! Ctfu",1
"both of yall look like Edward Scissorhands in the face RT @tayyoung_: FUCK OBAMA, dumb ass nigger",1
Fuck that dumb ass nigger kike. Fukn bum ass jew cunt. tell me i cant c0me inside till i wash ur car u can suck my butt bitch,1
"Blah, blah, fear, fear, blah, fear, fear, I past a test, blah, blah, blah, Trump can't read his script, fear, fear, blah, they are Black and will fear, fear, blah, blah. I saved all of us from the virus, blah, blah. Obama did it, fear, fear, hate, blah. Did I miss anything?",1
"Imagine ur first comeback is lucky one and monster,,, I was so lucky",1
Dave focking right everybody be mad as hell for saying the word faggit but nobody gives a fuck when we use nigger y’all some dumb mother fockers,1
@Black_success you are a sick and disgusting yellow nigger!,1
Ty bby. Ur the best and you’ve encouraged me so much! I feel like u were one of my first friends ily endlessly!,1
Don't follow this bozo nigga is white and called me a negro,1
@senpaigaharabot shut the fuck up u dumb nigger,1
Dumb nigger in fortnite killed me I was stacked as fuck too,1
I'm confused on why you say fuck a nigger? Ain't ya daddy black? Bitch are you dumb or are you dumb? Fuck outta here.,1
@lakimcardasian who you think you are when you defend rocky it first breaks the stuff of others and is so Nigger that it will not replace it and then beaten up with a bunch of junk Dumb guys i do not respect you for a fuck.,1
RT @corralt93: Fuck you obama you dumb black nigger,1
"YOU MAD??????? OH...WHO CARES!!! RT @tayyoung_ FUCK OBAMA, dumb ass nigger",1
So what..You call all white ppl Devils ..Thats worse then being called Negro..Plus u call black ppl Negros to...Wow...,1
"«@tayyoung_ FUCK OBAMA, dumb ass nigger» you mad, bro? Haha",1
"“@tayyoung_ FUCK OBAMA, dumb ass nigger” bitch shut tf up n obey yo president!",1
They r all weirdos every single one of them... ur first mistake was trusting men,1
Wow RT @WrightStateUniversity: Yeah? Ok dumb nigger RT @FRESH2DEF216: I just parked illegal as fuck lol no pass or nothing #firstdayofclass,1
Huh lol RT @Cracker_John: @dblcheesemeeks dat i random as fuck yuh dumb nigger....but ill agree wit ur planet of the apes looking ass..,1
"@FellasLoveBJ #Dead lmaooooo... aye thats funny shit ima use that! yeah he good as dead, dumb nigger lol and FUCK YOU yellow ass =]",1
"Since this is open, i would like to state.... AFRICA IS SAFER WITHOUT HATRED. We clearly got the minimum count..... You Americans called us negros, &amp; Thank you Lord for teaching these white ..... a lesson. Took us as slaves, jesus has come back.@realDonaldTrump",1
@CoachK1992 dumb fucking nigger! Fuck,1
Pop a Beer I'm Sweating #HowTo #Vine Fuck is a #Molly Dumb Niggers https://vine.co/v/hgzuDpeW3x6,1
"ur so talented man, may i use the first one as my avi, sorry for asking again i don’t wanna use it unless i have ur permission",1
Negro really just called me a c**n because I disagreed that Michael B Jordan playing Scarface would be career suicide.... Same dude worships Scorsese whose early films had his white characters say N****r in every film. Tough talk when you're in a completely different country,1
"Girl FUCK YOU ! RT @tayyoung_: FUCK OBAMA, dumb ass nigger",1
“@MrStayinyolane: “@sniperkc: I just realized ... Meryl ..Daryl .. Haha so late #TheWalkingDead” DUMB FUCK.” Eat this juicy nigger cock bruh,1
"Dear ignorant white ppl, stop trying to insult me by calling me a ""nigger"". I am 100% PUERTO RICAN you dumb fucks",1
Fuck the pursuer dumb nigger,1
YOU BLACK BITCH ALL THEY SEE YOU AS IS ANOTHER DUMB ASS NIGGER WHO'LL KISS THE FEET THAT THEY WALK ON JUST BECAUSE THEY GAVE YOU A BAG... REMEMBER BITCH YOU WORK FOR US... WE'RE THE MAIN REASON WHY YOU GET A PAYCHECK FUCK YOU MEAN https://www.facebook.com/abby.c.hepburn/posts/1882568655089314,1
Unfortunately no matter how loud you scream it they won’t hear anything past the idiot sticks they have shoved in their ears,1
"Just my school downplaying blatant racism and referring to a racist student calling my black friend a nigger as a ""bias incident""",1
"You did not just call me a dumb nigger, who the fuck do you think you are. #assholes",1
You 2 dumb ugly fuck nigger name wayne positive Trash soft ass nigga fuck red and white black brown pic.twitter.com/Z1Rzs3N75Z,1
"There wouldn’t be anything in pop culture without the Black, Trans and Queer culture from the past and current times.",1
bitch made niggers up my ass obsessed m****fuckers your fucking up my mood dumb bitch and that shit means a lot so dont. dont fuck up my vibe,1
Fuck Your Life Dumb Nigger #textgram http://instagr.am/p/REExfJIRmo/,1
"@tayyoung_: FUCK OBAMA, dumb ass nigger smh you're sad",1
"like u needa look up how to spell lmao RT @chea08: Dumb fucks need to look up the detention of ""nigger"" because it doesn't say BLACK.",1
RT @MikeSimsWalker: RT @SamJags: @MikeSimsWalker FUCK YOU DUMB NIGGER!!!! JAGS SUCK FUCK YOU!!!!!&lt;Wow!,1
@Based_World avi is stupid as fuck. Dumb nigger lmfao.,1
@flanzamakhadanc I didnt fuckin break ur cord u dumb fuckin nigger. Fuck u ill buy ur bitch ass another cord Idgaf u beatoff. #scumthisdick,1
"“...the negro is not equal to the white man; that slavery, subordination to the superior race, is his natural and normal condition.” - Alexander Stephens, Confederacy VP Nancy Pelosi just called for his statue, and others, to be removed from the Capitol.",1
"(Acts 29:18212) REBELLIOUS unto God of God's own divine dark skinned ""Golden"" Negro Hebrew Nations of God's people ""now"" gone over to the devil like the Potter's House rich black man called the great ""white"" preacher of Satan, still teaching about Satan and the devil's Church, in",1
"I’m telling you as a black man, not a POC like you, that what Kanye said isn’t anything special, genius or exciting. It was bullshit. A rich man telling poor people that we’re too “obsessed with our pasts” yet the actions of the past affect pur daily lives.",1
"if you actually knew how to read the pedo narrative put on him is false. He was 15 when the girl was 16 and she lied. if you’re a black male, they police will charge you with anything because of this thing called systematic racism you saying “past” like he stop cheating on her",1
"Goodmorning. Free Cello Growl available here. Dedicating mine to the lady in the co op who pushed past causing much distress and anger, but you can use yours for anything you like. Black and white video of cellist playing Sounds like low angry cello #Cellist #MusicIan",1
HWTS TGE FUCK THESE DUMB NIGGERS ARE CAMPING THATS ILLEGAL,1
"bruh ur so boring, first one is a tory lanez album, 2nd is summer walker, 3rd is jackboys and travis",1
See what I mean RT @Malt_bia: Talmbout you got 'stacks'...yea nigger but what did you risk to get it? You dumb fuck.,1
@quismar12 if that's not the most false assumption that's ever left your mouth you stupid ass good for nothing dumb fuck nigger,1
Not just the leftist media but the white liberal Democrats and their token negros (as Malcolm X called them),1
"Ideally,When we go for Darshan,we need to see His Feet first then see His Divine Face; but the crowd is so much, hefty men carry their kids on their shoulders,block view, staff literally grab Ur waist,shoulder and push you,so, stumbling,one sees His Face for a second that's it!",1
Disgusting did you hear that black person saying that the wrong nigger we would end up in court for saying anything like that,1
"God RT @AntiDARKSKINNED: Don't start with that ""I'm brown"" bullshit. You are black, you are a nigger. You are filthy &amp; disgusting.",1
So black lives matter only focuses on police brutality? They don’t care about anything else? At 16 I was street gang member and now speak in school classrooms about my past life and how not to follow the road I was on. I hope my past helps all kids regardless of skin color.,1
Fuck you Maicon dumb nigger gave Bale a career,1
Why is it when your in a great mood some dumb ignorant fuck has to try n jack shit up?!?!....I will NOT have a nigger moment!!!,1
"Derrick B mad that Black Rob called his woman “baby mama”! Negro done heard worse from those white men who drafted him, white sports guys talking about him, but now he’s mad at Black Rob?Lol",1
@ForeverPalesa I do wut I want nigger most black peoples hair is disgusting,1
"They said, you can’t take want Kanye says in the past to mean anything in the present. If you knew Kanye you would know that. (But y’all wanna vote him into a position where what you say in the past is a direct accountability issue in the present. Ok.)",1
Me side-eying film critic twitter who defended that goofy negro who called Blue Ivy ugly and that white woman who blamed us for why Greenbook won an Oscar but NOW want to speak up on why our lives matter. I’m good. We don’t need you.,1
"Y’all real life dumb as fuck, I hate you niggers, and y’all know who y’all are.",1
first impression: i like ur name :D your nickname in my head: max?? closeness ratings [1-10]: 1 do i like you: sure lol i dont know u you are my: ??? ever had a crush on you: no should you post this too: if u want one random thought: hello,1
"@tayyoung_: FUCK OBAMA, dumb ass nigger Catch Fade ?",1
@ImagineTG @RicansTG this fucking nigger called me an ogre. This kid is dumb as fuck,1
"Fuck out ta here with that ""I can say nigger because I'm Jewish and people are racist towards us too"" shit. Dumb ass.",1
"Ridiculous. Or is it a strategy to fracture the black vote? I don’t put anything past POTUS. He’ll try anything to win. Seriously, Kanye?",1
@TuckMyJPP YOU CAN BE A NIGGER LOVER ALL YOU WANT BUT KEEP YOUR DISGUSTING BLACK FRIENDS FROM TALKING TO ME YOU MARIACHI BAND BITCH.,1
"@NET_ZONER: @tayyoung_ FUCK OBAMA, dumb ass nigger"" BUT YOUR PRESIDENT IS BLACK THO HAHAHAHAHAHAA HAAAAAATER"" loooooooool",1
Some Nigger's Are Dumb Has Fuck ( @AmbroseFarmer ),1
"@brvden ANWAY, don't say nigger, and don't be a dumb fuck. bye",1
".@hilaryr's candidate, Joe Biden, fondly remembers plantation owner/white supremacist and U.S. Senator James Eastland, who once called for the abolishment of the ""Negro race"": “He never called me ‘boy,’ he always called me ‘son.’”",1
"Thanks for adding more ammo to my #NeverKamala stockpile. Why would I a black woman, trust or believe anything a woman like Harris would say or do with a past, as such, along with questionable ties to WS and wealthy donors? With my money?! To help the poor?! #MakeItMakeSense",1
"And then Shane being part of it, like I loved Shane in the past, and as a young fan at the time I didn’t think shanaynay was racist and I thought black ppl were ok with it coz no one said anything, according to what I was exposed to. And now it’s like....",1
FUCK YOUR BREAKING NEWS.. real spit my dumb ass niggers,1
"More like he called himself brown because his skin is brown, and he calls white people peach skinned. He doesn’t label people black or white. LA’s refer to each other as negro or trigeño. Not marrón. The left runs on the fake pillar that keeps it propped up, racism.",1
That BLACK MAN was just treated like a nigger by ESPN! He said nothing wrong! Did NO HARM! Molly Q was briefed to do that in her ear wedge!!! Utterly DISGUSTING AND UNJUST! #AmeriKKKa,1
@Khi_Blazee no life bum? My dad owns a buisness dumb fuck while your slutty mom is getting payed shitty like every other fucking nigger,1
"dont u dare compare a racist white woman to elijah, it is about colour, white people have made it that way. elijah deserved his redemption, bc his personality originated from struggles and pain of racism. josie pye is a rich white girl who dismissed marys death cus shes ""colored""",1
@CrakersInAfrica @SportsCenter hey stupid nigger.. the jazz have 13 wins and you won by 3 dumb fuck,1
"Dumbo is known for racism from both 1 as I witnessed a hispanic calling a black a nigger. My high level mason family were on the phone with me when the racist incident happen, and I'll be meeting with some of them tomorrow in possibly pressing criminal and harassment",1
"It’s about something that’s finished. Been and gone. That none of us are anything to do with. Crying about the past and trying to erase history, rather than fixing the present &amp; the future. How pathetic. Black Slavery is happening TODAY. Right now. But you don’t care.",1
really? really? racism from other races just isn't enough? RT: @JayFrogs That's cause u high yellow u ain't colored lol,1
"Why y'all so mad? Blame Mitt Romney for not winning! “@tayyoung_: FUCK OBAMA, dumb ass nigger”",1
@OneAndOnlyAkash I don't doubt that where I live racism exists to I'm talking but the word. Nobody uses colored no more!!! Where u live at?,1
"They ask how local #NewsPaper #media #journalism is crushing &amp; not trusted: @leicslive wrote MERE RD is re-opened (no, its not). While #racism #discrimination #inequality of #police @leicspolice @LeicsFireRescue - what is it (u dnt trust colored folks #BAME): all on-site WHITES!!",1
omfg this nigger dumb as shiitttttt. fuck,1
Went to Mississippi on business from California. Front office consisted of all white. Warehouse consisted of all black. CEO was proud that his employees were not NWA. Never heard that and asked the jerk what he meant. Niggers With Attitudes and the office laughed. Disgusting!!!,1
name a one direction song that starts with the first letter of ur last name,1
it's been a long long time but ur one of the first mutuals i had on this hell app and i'll always be grateful,1
i wasn’t in ur page in the first place werido. i responded to someone else &amp; u hopped in. also ur the one who’s a fan. baby u still remembed me from a whole ass week ago. sit down.,1
Fuck you dumb niggers hang them @Kriegsson,1
"1st he called me a ""nigger lover. disgusting"" im assuming bc my best friend is black. &amp; threatened me when i called him an old creep.",1
Thats PRESIDENT OBAMA* to you RT @Colton_Zappe: Fuck that dumb nigger Obama,1
“@felicia_Shahan: A nigger doesn't even mean a black person . It means a disgusting human being .” uh,1
Black Mob Swarms Georgia Walmart to See 'How Much Damage' They Could Do http://bit.ly/1C7w0ZA via @BreitbartNews &gt;&gt;JUST A BUNCH OF PUSSY ASS POS TRASH THUG NIGGERS WHO ARE TOO LAZY TO WORK AND MAKE IT ON THEIR OWN!!! DUMB FUCKS!!!!,1
"@tmears MOTHER FUCKING COCK SUCKING DUMB ASS MOTHER FUCK, I HATE THAT NIGGER MORE AND MORE EVERY STATUS MOTHER FUCKER ASS HOLE SHIT NIGGER",1
"RIP to her mentions RT @PecannSundae: This how u die .. food for thought shorty RT @tayyoung_ FUCK OBAMA, dumb ass nigger",1
@CRAVIZ0NE —first impression: ur name is cute !! —your nickname in my head: the one who makes a lot of threads —closeness ratings: 5/10 (?) —do i like you: yeshh —you are my: creative moot —to be honest: i love ur threads theyre so —should y,1
RT @ImFunkyDee: @amdatguy says fuck a dumb bitch I say fuck a dumb ass modafarking Nigger&lt;&lt;what nigga o,1
"@_Gokuuuu: RT @_Curd “@tayyoung_: FUCK OBAMA, dumb ass nigger”you lil bitchcalled her a little bitch lmao",1
"*Niger Knocking at Vince's* *Dog barks* *10:40 at night* Eddie : ""SHUT THE FUCK UP!"" ""DUMB SLUTTY DOG!"" *Everyone takes off running&gt;""",1
RT“@RacistTom: hush nigger your just another problem in the system you mean nothing.” it's you're not your! Clearly you're dumb as fuck!,1
"youngtaek speaking english :we must go :really? :we must make up but in my mine ""we will do anything in the power to make sure golden child for ..uhm in sorry man jaehyun~"" LMAO the black hole youngtaek in the past . sorry mr taaaag~",1
RT @iHateHostal: I swear somebody needs to invent a #KanyeShrug emoticon &lt;fuck that dumb nigger!,1
why the fuck is this nigger liking my tweet like say he hasn’t texted me for nearly 2 days. dumb ass,1
You 2 dumb ugly nigger name Wayne Positive trash soft ass nigga fuck jj we don't give a fuck about j who ever heis pic.twitter.com/2RCuckCOIB,1
But we are all niggers to them... Dumb fuck,1
what?? racism? in failing to pronounce your name and colored half of India culprit..Damn girl what cud u do when not liking Mcd burgers,1
@CelphTitledd wya big boii $w@gger panty dropping ass young dumb and final ass kid yameannnnn hotel swag on you soon ford fiesa nigger fuck,1
https://youtu.be/Nhwo_0LMDuw this the first one I found. There’s more if ur interested,1
"Been done some shit only couple souls kno, will be a vigilante on the dumb HOE niggers head, fuck it, ur smart niggers every time",1
Racism is when u select yur white clothes to wash first before the black and colored ones....Don't be a racist! Wash them all 2gether,1
"Smfh RT @tayyoung_: FUCK OBAMA, dumb ass nigger",1
"Jus had someone dm me sayin ""fuck you nigger go pick some cotten"" with a Nazi pic on it. All I said was. It's cotton* you dumb fuck.",1
A white man say that if you have 1% of Negro blood then you are a so called Negro and people still believe that to this day. Biracial people are not what we call black. That definition came from a racist.,1
Fuck allah and his goat. Same for dumb gansta niggers and rappers. We need to drown all muslims and feed to pigs in IOWA. Go Trump,1
well fuck........ that dumb nigger well I guess it really does mean we are all dying in a month,1
“you chose to be born as a ‘colored’ person in America” what does that even mean? how does someone choose their skin? why does it sound like she justified racism? “take responsibility. you chose to be black in America. it is what it is. poverty exit lol u call that a problem?”,1
"So Fuckin over u dumb,outta touch “I fuck my sister, I don’t know 12x2, i hate u niggers” types lyin abt everything while believing what ur uncle (who has fucked u all ur life) tells u gtf over urself",1
"1 we can try change 1 we cannot do anything about, the 1 we can change needs all people behind it together instead of disregarding the fact that other people that are not Black can be discriminated against, if we spend too much time looking at the past you'll never look forward",1
I’ve heard it and the shit isn’t cool at all . Y’all don’t want anyone calling y’all “nigga” or “nigger” but you’re going to call another black person a “nigger” . It’s fucking ignorant and disgusting.,1
@johnnbread fuck yoou than dumb nigger!,1
U dumb “@wood2020: I am vote for the white man! Str8 ^ fuck ya niggers!!”,1
"“@tayyoung_: FUCK OBAMA, dumb ass nigger” shit like this. Grow up",1
"Why are you mad Fat Girl RT @tayyoung_: FUCK OBAMA, dumb ass nigger",1
Hallmark movies are so racist it's disgusting they will star a token black and make their movies about white women or men finding love us niggers celebrate Christmas also and spend money on Christmas and go through the same things Hallmark,1
"Lmaooo. she mad? RT @StevieJay_: This hoe mad too..awl shit “@tayyoung_: FUCK OBAMA, dumb ass nigger”",1
"I don’t want anybody being upset that these ppl don’t get pushed.. She was in a huge storyline... her first big one.. and look at what she does. It’s really idiotic, especially when ur already out for the same reason .",1
Blocked 6 irrelevant halo kids 1 dumb nigger and 1 fat ugly fuck in less than an hour. And I thought the cod community was bad.,1
“@BrendanAlec: And that's why you shouldn't of traded sekac. Dumb fucks the nigger's useless @CanadiensMTL” WOW I hope you get beat up,1
"Racism is wen U̶̲̥̅̊ wash Ūя̲̅ white clothes ist b4 washing D̶̲̅ blacks n oda colored ones..don't b A̶̲̥̅ racist, wash dem 2geda",1
u ever just remember this and black out and then wake up with no recollection of anything u did over the past 3 months,1
@POTUS @kayleighmcenany @ABC @CBS @NBC @CNN ASS HOLES AND EVIL WILL ALWAYS EXIST IF U DONT KNOW HOW TO DEAL WITH ABUSE AND NARCISSISTS MAYBE U SHOULD STUDY FIRST ITS EASY IF U KNOW WHAT UR DOING NO ONE HAS TO TOLERATE ABUSE FROM ANYONE EVER THEYRE EASILY ,1
that hgtv show called bang for ur buck was my first introduction to the way rich ppl really spend like it's no one's business,1
“@King_Kaiser94: @piss_sandwich im drunk aSS fuck you dumb nigger faggot” you drew,1
Don’t have credibility because they don’t say what you want to hear? Or because they are black and aren’t completely crying foul at everything this country was built on. Using the past to justify an argument about present day is divisive and never solves anything.,1
"Fuck her, let her dumb ass be mad looooool RT @MisterBibb: “@MoriahRae1: Fucking Nigger won again.”( @LIL_HOLLIS @TheBSharp smh)",1
"HAAHAHHAAHAHHA yes, you will be the first one I will invite. Still remember ur advice",1
"“@tayyoung_: FUCK OBAMA, dumb ass nigger” You got a hot lil mouth, im tryna test that throat",1
@ChainReactionzz: Fuck Obama care dumb nigger,1
"Lmfao fucking Kentucky cracker RT @BADDtooTHEEbone FUCKING REDNECK RT @tayyoung_: FUCK OBAMA, dumb ass nigger",1
"“@Allanlopez97: @stephenpyron @DankLionPrince whoa, I think that went a little too far man..” It's okay he's a nigger. Dumb ignorant fuck.",1
"im not talking about ""reserve racism"" u used the term colored ppl correct? do u kno how many other races hate other races jus cus they race? https://twitter.com/s4misosaa/status/837721483375968257",1
To even consider the word “nigger” for a stereotype of certain black girls fighting is disgusting when even innocent children were burned and raped because they were considered “niggers”,1
"oooo ur the first one to have spotted that its not kuroo hes actually waiting for kuroo but i got lazy to draw all that KDNDKSK ill finish it one day okay,,,,, but its a symbolic version of kuroo ig HAHAHAHA its intentional thank u for noticing",1
"There are too many racial slurs to count. Negro being one of the most white washed. But in this case, it was the fact the he felt the need to clarify the hosts race, then coupled it with a condescending tone. This is what racists do! They need to be called out!",1
It don't matter how white woman you niggas fuck ..how many mixed babies are created..you still looked at as a dumb field nigger..goofys,1
"Do you even know that it was a white Jewish guy called Abe, who formed the first negro basketball team...The Harlem Globetrotters.",1
@Jim_daratchet_K shut the fuck up u dumb stupid nigger #CHRISVOICE,1
I'm ashamed I'm half white ! I don't want to be a part of a disgusting judging race ! Like really ? U change nigger to mean black ppl ? Sick,1
u know its crazy when colored people follows me it's like I'm in these American movies about racism,1
#Niggers RT @OhGinaBehave: Some black men are just really dumb as fuck.,1
"never said that dumbass, i’m saying stop talking out ur ass and making up shit first off; no one frm the beginning this happened ever said that megan started it an deserved it. women jus love making shit up to make men look like we support this misogynistic behavior",1
You are a Racist if u select your white clothes to wash before the black and colored ones....Stop Racism! Wash them all 2gether!!.,1
@FortniteGame Why the fuck did u fucking remove playground dumb niggers,1
Cool. He hasn't done or even fucking SAID anything pro-white in the past 3 years. Pro black? Yup. Pro Mexican? Yup. Pro American? Nope.,1
"@AntiDARKSKINNED: Don't start with that I'm brown"" bullshit. You are black, you are a nigger. You are filthy &amp; disgusting.""...........oh",1
gaurentee u cant nigger im not a dumb fuck,1
All the personnel of 4949 Broadway Sacramento California are all queer dumb fuck niggers no matter what skin color they all are,1
RT @niseycouture: i say we all ban nigga & nigger. we sound dumb as well as ignorant as fuck. i'm deleting that shit from my vocabulary.,1
@emmittreed21 may nigga. You tried to chase me fuck ass nigger. I hit you with a broom cuz I couldn't find the bat. Dumb ass fuck nigger,1
Fuck I fucking hate dumb Hawaiians with nigger lips!,1
ur first one it just fits,1
@JoemaLoMA: @Imrude89 @korilashay you would think a fucking nigger is sexy you dumb cross breeding fuckWTF didn't say sexy at all,1
"RT @RLJ1738: Nigger unchained...“@keibenet: Epitome of ""nigger"" RT @CheesusSlice: Maurice Clarett dumb as fuck”",1
"The ignorance of the younger generation is on full display. They're not going quietly, y'all. RT @tayyoung_ FUCK OBAMA, dumb ass nigger",1
"@_SoPretty_: @dressedbyDRE u dumb fuck ! can I let my phone charge, my nigger?",1
disgusting black niggers or whatever shadow said,1
@Dobey_Dobin dumb nigger I have an iPod so fuck u but u can also fuck me if u want,1
Take ur time ordering a large meal & when the white/colored/indian folks next to u get served 1st. U better raise ur fist in protest.#Racism,1
black christians? HILARIOUS as fuck.. dumb ass niggers,1
"@kammie_shadows I type whatever , nigger. Atleast I ain't all F's dumb fuck.",1
“@DumbNiggerNames: @WAT_DA_FUCK_B @ShitNiggersSay This guy is fucking dumb ass nigger.” Lol lil bitch fuck u,1
Ur first one that is so apt!,1
"1) I’m not white 2) Latinx is not a race. It’s an 1. 3) in Central America, black people are called Negro or Negra, Morena, or Prieto. I don’t go around arguing for that Latinx people call black people Afro-Latina/o. 4) Latinx is the anglicization of the Spanish language",1
you all pick on her cuz she is the pretty than all you put together that nigger bitch erica is dumb ass fuck and listen to stupid julies ass,1
Fuck these bitch ass niggers how y'all doing I'm a tunchii I'm a newsSince I go stupid i go dumb like the 3 stooges I don't eat sushi,1
tbt the time when I was called “negro” and “monkey” by a teacher the time when I was asked if I even have a father the time when I was gaslit with the “you think everything is racist” the time we weren’t allowed to talk about BLM anymore because the white kids felt attacked.,1
"@ProffJola it may happen that you aren't qualified at all you dumb fuck, take your nigger tendencies and fuck off..... go back to the bush",1
@twinningronnie FUCK NIGGER SHIT YOUR RIGHT FUCK ME. DAMN IT. we're both hella dumb. #shitherpessquad,1
omg I’m in love with ur fancams! mostly the first and last one can i know what app u use to make them pls ?,1
What about the racism that people are causeing and me haveing to struggle in life I know it’s quarantine but people are offended by people makeing fun of there color or either them police people are kill them colored people u think that doesn’t affect other people it hurts me rn,1
@MarkRoundtreeJr: LMFAOOOO I HATE BLACK PEOPLE https://t.co/RNvD2nLCDR This is why there's black people and niggers,1
"I know the game I should teach it , cause these nigga hate for Mfn reason ð¤·ð½ââï¸ !",1
"“@Chris_Dangalan: I'm never doing dumb shit in my life ever again, fuck that shit man” nigger tits",1
Fuck Kobe... idgaf dumb sportsball nigger,1
"#TrayvonMartin IS A DUMB NIGGERS,NIGGERS, NIGGERS, #zimmermantrial #zimmerman Fuck #trayvon stupid ass kid. loser. cockboy",1
"U so silly @lovekriee RT @lovekriee: “@tayyoung_: FUCK OBAMA, dumb ass nigger” you fat too? fat folks b so MAD!",1
@EpicGames your a dumb nigger for thinking save the world was a decent idea. Fuck you and your family,1
"Somebody called me a white supremacist. Uncle Tom, House negro. Just I told them I'm not ruling out that there's systematic racism, but using George's death to score politcal points that's what I have a problem with. Black people we're being used by the left thinkers.",1
"I'm not arguing that white people have had a troubled past with racism but right now, today, it is being used by both sides to further the divide in our people for personal political gains. You think BLM has anything to do with standing up for black people? You'd be wrong.",1
"Ay ay ay, indaba. This is coming from a political party that calls themselves Fighters, and displays pure racism toward colored, white and Indian. Ay boys @Julius_S_Malema @FloydShivambu @MbuyiseniNdlozi, Tata castor oil, u full of shit. You will do the same here to our people.",1
Itsssss a question dumb telly tubby IS YA CLIT FAT PUSSY HOE NIGGER... — oh fuck off you stupid cunt http://ask.fm/a/2521g18e,1
Niggers who act like players are really dumb fucks,1
@Countryboy557 Nigger? you dumb shit head. You are by far the dumbest fuck ive ever talked to.,1
@sumanthraman We have shown one pass it was confirmed government as well today. First you show uday pass and come and ask us other pass. People are clear in this issue long back for your u people it would be clear. If u not clear or not trusting govt then,1
"I remember when Rush called Chelsea Clinton the ""white house dog."" I remember when Rush called Obama ""the magic negro."" The meaning of the medal of freedom has been cheapened by being awarded to a misogynistic racist.",1
Nicole it’s like anything else the buck got past.Obama’s racism didn’t show until Trump took over as president then his racism showed.the idea that he’s part black nobody was going to go against him he wanted to keep being an ass kisser,1
"You've had nothing but COLORED men ALL UP IN YOU, yet u never gave racism much thought @KimKardashian? #shameful http://necolebitchie.mobify.me/2014/05/kim-kardashian-before-i-had-baby-north-i-didnt-give-racism-much-thought/",1
"I was born in 77’, 14yrs after this incident&amp;millennials pick on my age as if I’m out of touch,so how much racism like”those days”do you honestly believe still remains? Bathrooms&amp;water fountains were segregated in many towns then if you forgot. These days are nothing like then!",1
fuck you niggers RT @RIPMCGRADY: RT @MunchGottaChill: RT @Blueraydre: Dumb ass baseball taking over my ESPN smh,1
"RIP RT @HeartBreak_Zayy: Beyond ignorant to say. RT @tayyoung_: FUCK OBAMA, dumb ass nigger",1
Who's policys his the way he manipulates u people his racism towards colored people way u guys think he's a great business man when hes one of the worst the way he thinks he's god the way hes more into turning the country into a dictatorship then a actual presidency,1
@RogerTenard Smh.Stp Bullying Dem Niggas Bro.Lol,1
"I wrote a Pakistani character love interest and a guy in my writers group brought up the ""Magical Negro"" thing. Yes my character is quite special, but when I have a super cool character are they always going to be called a ""Magical Negro"" unless they're white and then it's chill?",1
"I’m a Black woman. Same, future. There’s no point of the past if I can’t change anything.",1
"@ThatGentCarlos FUCK U BITCH, WHO WANTS 2 GO 2 JAIL OR DIE U DUMB FUCKING BITCH ASS PUSSY NIGGER, MARY JANE WE LOVE U, FUCK BAMBI,",1
This dumb ass really finna fuck up her whole future cuz she wanted to crack some jokes about the niggers like...you love us that much bby? You gone ruin yo life for us? Our power...,1
"its merry christmas , dumb fuck ! RT @fucktyler Murry Xmas Niggers!",1
"For that u have to play that y no one knows ur name first learn football,There is different between playing and watching from outside",1
What the fuck you dumb nigger I hate you now,1
"First of all racism is a whole different thing, I'm colored because i was born black but when it comes to trans, they chose to become trans by doing surgery like if someone dyes their hair green and u tell them I don't like the color of ur hair. I don't think they will get mad.",1
@SippinDR4NK @XXLNack @LongDickFEAR LAST THING WE NEED IS ANOTHER DUMB NIGGER IN THE TEAM LMAO FUCK OUTTA HERE BOY,1
RT: @EMPIRE_JIGGI3 derwin ur da reason y bitches think dey rule niggers ur a dumb ignorant fool ... fuck bitches,1
"u know i have 2 say this cuz its been bugin me 4while now. N maybe on ur platform u can help spread the word,but in order 2 battle racism n defeat racism we need 2 stop usin words such as""white""(Caucasian)as well as black or colored(African american)n stop fuellin hatred n racism",1
"Yeah, u stupid dumb fuck nigger “@Libras_R_Us: If #Libra gets upset, that means they care, and you should take it seriously.”",1
"@Fuck_Kasper lmao no i think everyones dumb as fuck for freaking out on her like that, like Mel Gibson said nigger too who gives a fuck lmao",1
@jenn021327 u are implying that the play For Colored Girls Who Have Considered Suicide When the Rainbow is Enuf is reverse racism lol,1
#Gay RT @TrendSettaShane @Me shut the fuck up you dumb Nigger. Nobody gives a fuck what you think. Tryin to make yoself feel good? #iownyou,1
"hoe bout to get spammed -> RT @d0drugskids: @iDreamPersian bitch youre dumb as fuck for taking me seriously. Leave my mentions, nigger lover",1
You're being a racist nigger what the fuck was going through her head when she said that dumb ass shit. https://twitter.com/laurmanipng/status/750494091310342144,1
"@JColbert_116: “@tayyoung_: FUCK OBAMA, dumb ass nigger” tweets like thisMake Yu Loose your Religion WWJD!!",1
"#PewdiePieIsOverParty The racial slur is ""nigger"" not ""nigga"", you dumb cucks. He didn't say shit like ""LET'S BURN ALL NIGGERS"", fuck off",1
"RT @tayyoung_: FUCK OBAMA, dumb ass nigger ----WOW this is so sad!",1
me: *gets a new wig cuz its pretty* everyone: ew! ur wear wigs??? u disgusting bald headed bitch!! you niggers cant even grow HAIR! oh what? nah don’t worry i got black friends im not racist haha,1
"one of ur first bangers i've witnessted, still a banger !!",1
"While people love Splash mountain.... It's based on a Racist movie. There is nothing better then people riding down a water slide and being reminded that a white man created a black character called Uncle Remus that was one of the first ""Magical Negros"".",1
U do for white folks what U don't/ won't do for non colored folks in similar situations. Ur racism/bigotry shows more and more with ur passing days!!,1
"Shut the fuck up nigga!! RT @tayyoung_: FUCK OBAMA, dumb ass nigger",1
#PointProven lmao RT @C00kieeeeee: I hate niggers! Fuck is a hellacoppa??? U mean helacopter? Smh.....dumb asses,1
Dear dumb nigger: why the fuck are you still wearing skinny jeans. Go back to your mother's basement and change your fucking clothes,1
how have you been on twitter these past few months and not read anything omg they said read black radical theory so start there,1
"@Blklivesmatter and @ash_antifa if your going to go after “slave owners from the past” I would think ya started with #DemocratsTheEnemyWithin and chase them out first!! The Democrats @HillaryClinton was the last one to go to a former kkk funeral, ur g",1
#6wordstories FUCK ALL YOU DUMB ASS NIGGERS,1
"There's a negro in a smart suit with a beautiful White woman whose hand is caressing his chest, This is the promo shot of a series called 'Power' New releases: 'Who Killed Malcolm X ?'...",1
"To the nigger who was outside of turner slapping people with shaving cream, you are a fucking dumb ass. Grow the fuck up -.-",1
"“@LightDreams_: “@Tweet_DatAss: someone's salty “@TeaTimeWithTiny: Awwww RT @tayyoung_: FUCK OBAMA, dumb ass nigger”””",1
when ur first one out,1
@eGoaTizM @Blaztful @NicktasticYT tht dumb fucking nigger just kick a cat? I'll fuck tht fat nose idiot up ill beat his ass for real,1
"@AshleyLyerla all I hear is you bitching about how he wont fuck you, suck his dick you dumb nigger",1
@Darknightt5150 @YouTube Fuck you stupid ass nigger fuck off in hell you dumb son of a bitch,1
That shit sounds dumb as fuck RT @FuckeryBusiness: @ikidnap_puppies @FredTheTruth &lt;== nigger said if im (cont) http://tl.gd/a88ujr,1
"Saying the N word to harm Black people is disgusting and racist. But saying ""Nigger"" by itself without any intent to harm is fine. Especially if you are educating people on how bad of a word ""Nigger"" is. Do I hate black people? No. Just because I said the word doesn't I'm racist.",1
"(Im so rubbish at updating this omg) Book 28: The Vanishing Half by Brit Bennett Follows twins, 1 marries black, 1 passes as white &amp; doesn’t tell her family anything of her past &amp; we see the generational differences, privilege etc devoured this 5",1
Said I was reporting anyone saying “Nigger”. HOW THE FUCK ARE YOU BLACK USING THAT WORD?!?! Like are y’all dumb orrrr ?!?! Don’t use the white mans word to prove a point!,1
@Roxanne_Thinnks @DangItObama fuck you niggers Alabama a good team obviously we just one you dumb fucks,1
@ThisGuy_Trey I am begging them to never give him a mic again. #Coon,1
"hi, i would like to apologise to my black mutuals or followers for ever using any aave in the past. i will continue to educate myself on all of it. please call me out if i ever use any words that make you feel disrespected, uncomfortable, or just anything i should never say.",1
was listening to guys discuss racial issues but one thing I’d like to say: u are not valid 2 go against the fact that racism can’t be towards white people when u r a white individual urself. U cannot relate to issues of POC’s bc you have not experienced being a colored person.,1
"i Love You. RT @tayyoung_: FUCK OBAMA, dumb ass nigger",1
"Honest to god what do those dumb fucks think? ""Huhuh, im just gonna call this guy whos stronger than me a nigger huhuh im fuckn smart yo""",1
@Valerie_JeanC But Annie is fantasy and you ca--fuck it. Niggers are dumb.,1
@TreySongz stupid ass nigger stealing music and shit...dumb as fuck,1
"No! I don't have to do better! His use of the term nigger was gratuitous, disgusting and offensive to myself and most black people! Stop making excuses for him! White people are not allowed to use that word under Any circumstances! What would Dr. King say about his use of it?",1
"No. Macy's has investigated all video, the white victim (an employee) uttered no provocation. But that's evident right here...the Negro is concerned the white guy touched him, not called him n*gger.",1
so are we insinuating that saying nigger repeatedly is the same as saying fuck the police because honey do I have news for ur dumb ass,1
@__evan_____ @__ColeJ @LoganPeeples niggers that will beat yo baby ass nigga fuck wrong with yo dumb ass tryen us up,1
Lauren said you are dumb as fuck bitch ass nigger,1
"Plus their were black slave owners. No one is white washing anything from the past. What you need to do is learn from it. If you sweep it under the rug, doesn’t mean it didn’t happen. I was not there and I don’t want to go back. Obviously you do.",1
"Oh RT""@tayyoung_: FUCK OBAMA, dumb ass nigger""",1
"White people do not get judged negatively right off the bat when someone walks past you... people of color as in... blacks, mexican, middle eastern.... etc, people NOTICEABLY colored differently than white. thats what racism is. NOT being judged because u have white privilege..",1
"Disgusting. This Baton Rouge Judge, Mike Erwin, openly called a Black woman a nigger at a local restaurant.... http://fb.me/1WJMoOScp",1
NIGGERS WITH AN ER I HATE YOU BITCHES SKSJSJDJDJ FUCK BUT WHY IS THIS ME @YALL DUMB ASSES FR,1
"The funny thing is (when you look past the insane idea of covering graffiti as a hate crime because kids with daddy issues said so), if anything they were supporting blm by making the writing black as opposed to yellow.",1
YOUR A STUPID FUCKING NIGGER GET THE FUCK OUT OF HERE YOU DONT BELONG HERE OR LEARN TO SPEAK ENGLISH DUMB NIGGER,1
"The YouTube comments are going to entertain me for 3 weeks ...already read ""good for him. fuck that dumb vintage nigger"" that's comedy!",1
"As it, even Niger Tonadoes will go to Stamford Bridge and beat Chelsea blue black. #disgusting",1
@DemzArtiste: #Respect To My Brother @CESounds fuck this teefing nigger yo keep shoutin me an see u dumb shit. Iv said wher it is nw luk!,1
Thats why the fuck you were soooooo into MY pussy? bitch PLEASE. Shut the fuck up or I'll fuck all your friends you dumb nigger,1
Niggers gotta be right about everything damn just STFU bitch you're wrong end of story you dumb fuck,1
@razb2k u piss me the fuck off dumb nigger! Making a book really? No one wants to hear your story bitch cuz u ain't shit,1
"@Polo_Nigda OH ! &amp; nigga I ain't a dumb fuck , nigger",1
your not gonna know him dumb fuck like your such an annoying nigger who thinks they know everything,1
#drake represents the 416... but lives in the u.s.a. fuck u... dumb ass nigger.. come back 2 t.o and I'll spit in ur face!,1
"when white (american) people use colored it's like I got u, u stupid fuck u thot u could pretend u care abt equality but ur racism shines thru",1
"“@OfficiallIreee: ""@tayyoung_: FUCK OBAMA, dumb ass nigger"" https://twitter.com/OfficiallIreee/status/266042634613710850/photo/1” sit yo cracker ass down for 4 more years. #2TERMZ BITCH!",1
JOE BIDEN LABELS HISPANICS AS LATINEX WTF IF YOU THINK THATS BAD I’VE HEARD HIM REFER TO HISPANICS AS WETBACKS! PEOPLE FROM INDIA AS DUNKIN DONUT WORKERS..BLACKS AS BOY OR NEGRO WITH A CLEAN DIALECT...HE EVEN CALLED A WHITE GUY FROM ALABAMA A HILLBILLY WHEN HE WAS VP HES A BIGOT,1
"If you vote republican, you're a dumb ass... nigger RT @DominantMind Fuck Obama! Yea, Im black. What now nigger? #burn",1
dumb as fuck...lol Thats NAB dummy...smh RT @LilUglyFolks NBA stands for niggers always balling.,1
Only argument dark nigga a have is that his lips black lmfao u dumb niggers they ain't lettin no darky in the White House fuck u mean,1
Baby ur white and u jus called me a negro plz put down for phone,1
"“@tayyoung_: FUCK OBAMA, dumb ass nigger” Df ?!",1
Me first dumb ugly nigger name Wayne Positive trash soft ass nigga fuck you black trash White &amp; orange Me pic.twitter.com/zBVQnBa8Zo,1
nowadays people can say nigger jokingly and it wont fucking matter grow the fuck up you dumb cunt,1
"@pacehbreh plus you spelt it wrong you dumb fuck ahaha, its nigger*",1
"Jared, Haili, and Matt!!! get the fuck and xbox!!!!! im getting a lil pissed and i wanna yell at some dumb illiterate niggers!",1
Dark skin vs light skin thing is dumb as fuck yAll all black and white people still call yAll ass niggers lol so hush,1
I’m not Indian. Go eat a cat dumb Haitian how bout that you fuck nigger . You niggers eat cats and dogs,1
"Her twitter gone het stormed !!! RT @RocNATEion: Eat a fuckin dick cracker “@tayyoung_: FUCK OBAMA, dumb ass nigger”",1
"“@_LexiJosephine: This bitch ... RT @tayyoung_: FUCK OBAMA, dumb ass nigger”",1
“@igbronze: THERES NO SCHOOL ON NIGGER DAY CUS THEY BACK WITH THERE MASTERS ” sounds dumb... as fuck... go die.,1
@Nigger_FLIPPER: Dumb as fuck . https://twitter.com/Nigger_FLIPPER/status/494733694213816320/photo/1,1
"RT""@tayyoung_: FUCK OBAMA, dumb ass nigger"" lmao shut yo ass up and go get some nigger dick lmao",1
"Are u looking at the same picture. I am sorry everything isn't rose colored. My family being survivors of racism, know racist when we see it. And you trying to justify it well....I guessed you are okay with it. God bless. I will pray you have empathy for POC.",1
@ScubaSteez @alexsinner12 @_itMAYbeNICOLE @NotKyleGoers this niggers dumb as fuck,1
i'm sick of these niggas they had the easiest road ever,1
"This hooker has taken the dick out her mouth to speak ---> @tayyoung_ FUCK OBAMA, dumb ass nigger",1
racism is real regardless of me not fitting a stereotype! i’ve been called a nigger &amp; a colored person” i’ve been discriminated against i’ve been racially profiled i’ve been racially profiled by police been told “go back to africa” UNTIL MY LIFE MATTERS THEN ALL LIVES CAN,1
Im at the casino you dumb Nigger Idiot fuck,1
@SteeloBrim @WeRunLA Shut the fuck up you dumb nigger boy,1
“do you know what i hate more than niggers? ... white niggers” what the fuck is a white nigger so dumb,1
"Maybe I am single because Drake is single. Maybe I just fall in the category of ""dumb ugly niggers from ghettos"" because fuck man that's me.",1
"@AntiDARKSKINNED: Don't start with that I'm brown"" bullshit. You are black, you are a nigger. You are filthy &amp; disgusting."" Really :O??!!",1
"I still love you though :) RT @tayyoung_: FUCK OBAMA, dumb ass nigger",1
WHY DOES MY TWITTER DO THIS EVERY NIGHT DUMB BUTCHHHH FUCKING NIGGER FUCK,1
RT @MarlaGetsIt Fuck may weather fuckin nigger &lt;--- WTF did yu expect ppl not to say ntn to yo dumb ass !?,1
very mature of you guys @GabriIsTheShit awesome friends RT @TeamUSAJohn: @iiamty @martinsnottrill @gabriistheshit Yea fuck you dumb Nigger.,1
The organization is has been called UNCF since 2008. A white person using the word negro is racist.,1
@kanyewest fuck you youignorant dumb peice of shit your baby looks like a pile of shit and what all the Kardashians are dumb nigger lovers,1
RT @MikeSimsWalker: RT @SamJags: @MikeSimsWalker FUCK YOU DUMB NIGGER!!!! JAGS SUCK FUCK YOU!!!!!&lt;Wow!&lt;&lt;&lt; racisim no matter how rich we get,1
"Calling people dumb isnt nice :( RT @tayyoung_: FUCK OBAMA, dumb ass nigger",1
@PancakeWar @Ipodmail @YaBoyPvt he is a nigger though....just like @ipodmail is caucasian.....are you to dumb to realise that you fuck?,1
Dumb nigger... yea fuck yea he must have a high school education at minimum,1
@HIGHDii_ why the fuck u rting me? ..learn how to talk proper English. 'They gon'e' dumb nigger,1
@Cameron_Mentel when you said “you’re letting the niggers run the school” is what I keep replaying in my head and I’m still sick from it and that was MY freshman year YOU DUMB FUCK YOU RUINED MY HIGH SCHOOL EXPERIENCE YOU AND YOUR RACIST FRIENDS W,1
An example is #tedcruz and Donny posting images of black toddlers holding signs showing “f the police”. But neither has posted anything or spoke about the several lynchings of black men over the past few months. You only see what they want you to see.,1
"Stankin ass “@retrowill3 Why are you mad Fat Girl RT @tayyoung_: FUCK OBAMA, dumb ass nigger”",1
Your uncle touched you didnt he? @pacifictomb:RT @brandongorham48: @pacifictomb Dumb nigger.Xjaws will fuck u up in a fight.Small dick bitch,1
@MasonClay117 whatever you say you support someone who isnt in your country? Your the pathetic one u dumb fuck go live there nigger lover,1
then he seen me in the truck w / MY dad &' gone say while she in the truck w / that old ass nigger NEWSFLASH its MY dad YOU DUMB FUCK !,1
"Those Ones Just Calmly Went Through Our Tags To Knw How We Do It, Now They Are Out There Copying Boldly n Lying Abt Being The First! That Show Host Might Actually Be The One That Gave Them Tht Idea As Their Ambassador. We Are Ur Leaders We Are Ur Leaders #NguvuTacha",1
"love discovering new memes because you first see it &amp; ur all ""what??"" then you see another one &amp; it clicks",1
"Ok some dumb guy wore black face 40 years ago back when people thought it ok to say “ don’t nigger lip the joint “ now another from 50 year ago , fuck it let’s go desecrate the grave of al Jolson ! Times have... https://www.facebook.com/100000116920163/posts/2943890005624868/",1
Ooo neat 8 is a powerful one And ur the first 8 I've met,1
@sidharth_shukla @ishehnaaz_gill u know this was the first season of bb which I followed throughout but ur bb season is everything for me in future many bb seasons will come and many people would try to create bonds but no one can match the level of #SidN,1
Niggas hate apologizing but always doing something they need to apologize for,1
See the issue is no one else tells any other group to get over a past atrocity.... but when it comes to slavery or anything concerning the Civil Rights era folks are quick to tell black people to let it go.....I think you guys should stay in your lane..,1
Look at his other tweets. He thinks we WANT to be called “blacks” or “colored people” or “negros”. He thinks he gets to decide what is or isn’t racist. White people used those names and used them for generations in a derogatory fashion. It was no ones choice but theirs.,1
"RT @_laporcia: Bitches be like my "" NIGGA "" crazy nah HE crazy with you HE pussy to us !!",1
"@KingKaay: This that shit i dont like RT @tayyoung_: FUCK OBAMA, dumb ass nigger no this child didn't her tweets make u wanna k.o. her",1
”fuck y’all thought this was.....niggers” had yung jeezy lookin dumb af,1
"@tayyoung_: FUCK OBAMA, dumb ass nigger SIT YO LONG NECK ASS DOWN !",1
"Is that Natalie Portman? Sad. I loved her in Black Swan, Leon: The Professional, etc. But her politics is so divisive that I can't watch anything from her from the past or the future. Oh well. #IStandWithTucker",1
What the actual fuck. Like are you dumb? Sand nigger? How the hell did you even think of that? pic.twitter.com/ArGte6ZaEQ,1
You look dumb as fuck my nigger.  Hahahah.,1
"#NW-D.L Hughley: Unapologetic. &#13;this nigger dumb as fuck though,shit. #LLM",1
@LCHS_patriots your a buncha dumb niggers fuck you,1
"Somebody's gotta tell these people the truth.... Everybody knows that racism and poverty was invented by liberal Georgia Soros -- in a hotel on 125th Street called ""Lil Negros Soros"", near that ol' Pathmark store. Why did they do it? To hurt the innocent white people.",1
I HATE YOU TOO LIL NIGGA! IF YOU HATE US WHY YOU HERE? Lmao fucking bully.,1
"ur first one made me laugh and the ""monur "" in mine like what am i saying",1
"Columbian niggas outchea tweaking on TV, getting disgusting for the camera",1
"This bitch nigger on wwe, just asked 'how do you tweet in ghana,do they even have computers' this dumb fuck",1
6 minutes ago Hey you toothless dumb fuck. Your a fucking stupid nigger!! Why don't you smile and show us the... http://fb.me/4HdxGij5Q,1
"Before I knew anything political about Goya, as in this past Wed, I had served their black beans with my king ranch chicken.",1
@F7Tempo fuck no wtf you dumb nigger lover,1
damn neighbors been get knocked the fuck out/… haha don't play dumb black niggers,1
"you dumb racist Bitch Fuck You &amp;'nd Mitt Romney #TeamObama @brittd1178: Everybody get out and vote so we can get this nigger out of office!""",1
WHERE IN THE HELL IS THE NATION CALLED AFRICAN-AMERICAN IN THE NEGRO SCRIPTURES TITKED THE 1611 KJV TRANSLATIONS (?) LAST TIME I CHECKED I AM NOT THE PRODUCT OF TWO SO-CALLED WHITE EDOMITE (CAUCASIAN) MEN,1
"Ally: ""black people say niggers alot...."" Ally's dad: ""I know it's disgusting "" lmao yessssss Papa burrows. #gottaloveron",1
"Fck the testicle you were formed in you cum guzzler. RT @tayyoung_: FUCK OBAMA, dumb ass nigger",1
Why The Fuck Are Yall Dumb Ass NIGGERS Saying #freetayk He Was Out On Bail. He Went On The Run An Committed More Crimes,1
Nobody should be calling anybody a nigger whether you're black or not it's a derogatory term I think that's where you got confused you think just cause they're black means they get to say the disgusting word that racists uses to taunt blacks ? No,1
"MEX-EWR flight landed with 2 women with dogs on board, next to each other. White woman proceeded through US Citizen line. Colored woman (me) gets flagged down (despite being a US Citizen), ""oh u have a dog"", told to go to the ""foreigner"" line, then detained. #racism",1
"you dumb fuckin nigger i wish you would shut the fuck up, i mean god. that wasnt your conversation, so stay the fuck out of it. -Holli ...",1
“@Shelly_Smyth: I would never fuck a black nigger they ugly and have aids”--&gt; aha you dumb fuck !,1
y’all please take me to protest w you my driving/parking anxiety is too bad but watching this shit the past 3 weeks i haven’t done anything but in house doesn’t sit right w me. i need to be out there showing support &amp; learning more.,1
@Mr_NastyTime623 I know dumb ass I hear him saying fuck them black Niggers lol.,1
@CheechdyChong Dumb Nigger Fuck! Its CELIBATE ! Illiterate Fuck Ass Nigger !,1
Oho... First learn how to write then talk to me....yes also expand ur knowledge..... Just do one thing open read a GK book,1
"Snooki jus venting RT @hieress_313: Here they go RT @tayyoung_: FUCK OBAMA, dumb ass nigger",1
"For example, systematic racism, as you called it, happened to pretty much all migrants in the U.S. Like the Irish, who were white, were considered to be colored and had many problems in society because of it. There are Cubans who are white that had problems establishing life too.",1
RT @DopeDistrict: @CarioAmsterdam NEGER AND NIGGER ARE EXACTLY the same you dumb fuck! don't be justifying a racist remark,1
"Lmao, is you salty ? Oh okay . ""@tayyoung_: FUCK OBAMA, dumb ass nigger""",1
"This government us just a bunch of house Negros just following whatever the masters order them. These master are hidden via a fancy name called ""INVESTORS"". I highly doubt that there's any BLACK ""INVESTORS"" but only white old men, called ""INVESTORS"". But hey, we need to listen",1
You dirty disgusting piece of shit niggers no one wants to be fucking black I hate all of you so fucking much what the fuck,1
"''man fuck these bitch ass niggers,how y'all doing?i'm lil tunechi i'm a nuisance,i go stupid,i go dumb like the three stooges'' @liltunechi",1
It really is just about black lives. No one's fighting a war for anything other than the lives of their communtiies. America has never been United by race we've always been divided. The past 40 years have been a bandaid.,1
Do you like niggers or beaners better? — Stop being a dumb fuck http://ask.fm/a/2og6ep9p,1
Dumb ass niggers with no heart ' fuck ya'll ...,1
@GloGang_Ricoo what's your@point ? I live downtown come at me man ill fuck your face up dumb nigger,1
Raw “@ShyGuy2Flyy “@Joe_Schmucc your mom would let them all fuck RT @Tjones3221: Seahawks are a bunch of dumb niggers””,1
@DcV_Storm Cuz hes a dumb nigger (not a nigga a nigger) FUCK HIM. NIGGA THREATENED ME TOO.,1
"Fake dumb ass niggers doing fake things, dumb ugly bitches running around like lose dogs, does it fucking looks like we doing two or give a fuck about two just always talk shit something that has nothing to do with any of you gosh.",1
Who the fuck said i was upset? Im sharing MY onion on internet that I pay for so i can say or do whatever the fuck i want. Fuck you and your dumb ass kids stupid nigger.,1
@_NinoFrown Lmfaoooooooo No racism? Nigga u Waffle colored u wouldn't know if racism was there or not,1
I HOPE SOMONE PISSES ON YA GRAVE RT “@PhonkyTown TAKE THAT YOU FUCKING NIGGERS ZIMMERMAN NOT GUILTY YEAH BITCH FUCK TRAYVON DUMB ASS NIGGER,1
Fuck you you dumb ass coon nigger RT @iCallHoesOut O RT @BonitaCourtney_: i feel like watching burlesque.,1
@EasyE___ you dumb fuck. I'm saying that's what I am. That's why people call me sand nigger,1
"Yea he still ur president #runtelldatRT @tayyoung_: FUCK OBAMA, dumb ass nigger",1
Fuck you dawg. White folks were calling you a thug and a nigger over a football game and you got the nerve to say some dumb shit like that,1
"#Dizzamn!RT @MizzStrawberrie: ""@tayyoung_: FUCK OBAMA, dumb ass nigger""Fuck yo mama bitch!",1
"Got called a ""dumb nigger"" while I was getting gas just now. Like, I'd be mad but I made $200 today at work so honestly fuck them but I'm still gettin this money",1
U LOOKED LIKE UR LITTLE SISTER LOOKS IN THE FIRST ONE OMG,1
"Yep, I DID watch it...again that's not my point. If you all want to fight against racism, as do I...pick TRUE incident of racism.",1
"Youre a nigger and you hate your life hmm, really? Lmfao Briana is a dumb cunt. Fuck you bitcchh.",1
Ass fuck nigga name wayne and ugly ass chris call 411pain fuck j who ever j is fuck j fuck you dumb ugly fuck name wayne stupid nigger,1
Let me MUTE #oomf  they annoy me too and this NIGGER that's texting my damn phone annoy the fuck out of me too dumb bitch,1
Systematically we have all of that in America. If anything as a black female you’re more privileged. You have a higher rate of going to college. If you graduate with an engineering degree large companies would go in a bidding war over you. This is 2020 stop living in the past.,1
"Shitty Mitty, that you are. RT @tayyoung_: FUCK OBAMA, dumb ass nigger",1
Saw countless posts for Floyd and Brooks but haven’t seen anything for the young black princes and princesses who’s lives have been taken in just this past week due to senseless violence by their own neighbors. RIP Secoriea and Natalia. Two of many that have been lost too soon.,1
@saraph109 suck a dick you fat no life dumb bitch nigger ass fuck nigger wendie,1
TY UR ONE OF THE FIRST PEOPLE TO SAY THAT,1
"Black army has been experiencing racism for a long time from KArmy. They are now speaking against the discrimination. Karmy goes as far as calling them niggers, go back to picking cotton etc... It's disgusting",1
Thats the same argument as saying: as a non colored persn u can not understand racism... Its a argument which intrinsicly shows its intolerance...,1
this is why i don't give my number out. this nigger is dumb. as fuck.,1
people are right to be mad when it creates an imbalance esp when ranking for a card.. etc satans first UR being a ranked event one that led to us satan fuckers whaling so damn hard,1
George W bush=4 trillion in debt after 8 years... Stupid nigger=16 trillion in not even 5... Good job dumb fucks #welfarebums,1
"Do people really still say ""TN?"" If you don't have enough balls to say ""typical nigger"" then maybe you shouldn't say it. Dumb fucks.",1
oh look at me its miss malaysia reporting here from outside america just coming to let all the black folk know that they chose to be born colored and the “whites won” like guys we should all just be happy and accept racism for what it is! oh btw just in case u didnt know,1
Blacks are not a minority in the UK and they think they are allowed to do anything they want just because there were Black slaves the USA in the past and still in Africa and Muslim countries.,1
"I'm not with that dumb shit, so don't expect me to run with niggers that I don't fuck with",1
I don’t know if people realize how important it is.... For the world to know that the so called white man is not a Jew. And that the negro in America is the real Jew. Y'all might not understand what that means for the world. That's a fckn problem for the lies set before us,1
this ain’t no bf/gf type beat this is marriage. You and ur wife are one. So she comes first in every aspect once u are married,1
"when u tell colored ppl to ""come together"" to stop racism,that should mean we're gonna discuss what needs to be fixed,not forget everything.",1
FOR FUCKS SAKE YOU'RE IN A LIBRARY STFU DUMB CUNT STOP CALLING YOUR LEBO/'NIGGER' CUNTS ON YOUR PHONE JESUS CHRIST,1
@nicolebrown2727 a nigger is simply a complete fuck idiot too dumb for his own good,1
Democrats like you talking about empathy is funny. You don't have empathy. You're just a spineless coward. Where is your empathy for all the black children murdered this past week in black communities? You won't say anything because their killers were black.,1
"Don Lemon, he said white men are the main problem in this country as well as laughing about a guest making fun of half the country as uneducated. Then he laughed when a guest called Kanye West a token negro. He is a total POS.",1
"“@tayyoung_: FUCK OBAMA, dumb ass nigger” you mad? Want a donut??",1
“@HollaAtMe_Baby: Why. The fuck. Would you ask me to follow you back. then fucking UNFOLLOW ME. You dumb cunt ass nigger bitch.”,1
Idc that Kanye is black. He is a rich celebrity. He does not have to deal w/ the same consequences we deal with as regular black citizens of this racist country. Nothing about anything that man has said in the past 3 years would ever make me feel like he should be our president,1
Dallas Snyder is such a dumb ass fuck tard pussy bitch bastard tittie skinny shit nigger damn cunt can scrotum shifting dick shitting bitch,1
white people in the TL are acting like y’all didn’t learn anything about black people and POC in the past couple of months,1
"rogan is aight. he don't mince words and he didn't have the power to actually oppress black people like biden did. biden was obama vp to cool white people down, he called obama ""a clean negro""",1
"And you don’t know that I don’t like a bargain day. I’ve gone to Black Friday for the past 11 years. You don’t know anything about my political beliefs, either. Never said I was advocating for pure socialism or against any form of capitalism. Critiquing society is healthy",1
The next @carlospuyol_5 in the making ur one leader man I hope u go play first team football @QSetien @GarciaPimienta @EAbidalOfficial @jmbartomeu,1
"better yet, if old white racists don’t look at you and think “nigger” you can’t say nigga. dumb fucks.",1
"that made no sense. RT @RezilientKid: fuck off blacks. RT @x_Keith: Nigger, stfu. RT RezilientKid: see why americans are dumb? SIMON&gt;",1
"@d800man ~ Ok nigger lover, you're not black. WHO GIVES A FUCK YOU DUMB NIGGER? YOU ACT LIKE A NIGGER.",1
There isn’t any. None at all. I actually look for anything past the shit they make up on the fly.,1
"Lmaoo ""@stransinf: @_WSBG fuck u hatin on budden for u dumb nigger""",1
FUCKING ASSHOLES GO THE FUCK YOU SLEEP YOU DUMB NIGGER BITCH COCKSUCKER FUCK I SWEAR TO FUCKING GOD IF YOU HAVE ONE MORE LOUD ASS CONVERSATION THAT ECHOES THROUGH THE WHOLE ASS HOUSE IM GONNA MOP THE FUCKING FLOOR WITH YOUR DEAD BODY,1
"One thing about this question is that its giving notifs for ur replies too. So if ur going to reply to people on this acct, it sends a notif to everyone for each reply u made. It doesnt ping for continued posts on a thread however, just the first one.",1
"ANYBODY SUPPORTIN DEM CALLIN U A NIGGA DUMB &amp; WEAK AS FUCK “@MiszChyna: I didn't say niggers tho, but Idgaf if they say nigga @bToocold87”",1
“@gspitzerr: Dumb little nigger needs to back the fuck off”Aye you need to grow up! People like you make the world an ugly place! You bitch,1
"Ooh, racism, now I'm scared! T @tml321: @J_Mess14 I was wrong from the looks of ur pic u r a nigger loving fag u dumb ass fuck",1
first impression: i am still intimidated your nickname in my head: i don’t know u well enough i don’t know ur name i’m sorry let’s talk! do i like you: yes!! you are my: one of my moots what color do you remind me of: light tan should you post this too: if u want! :),1
@bilalisyodaddy yesss I know that but there are v4s u stupid fuck it's called vteck u dumb sand nigger,1
"Like niggas always lying thinking I'm stupid , like you don't have to lie to me baby you ain't my nigga",1
@DogBountyHunter She was just a nigger to you...you're disgusting...then I see you embrace those black football players on TV..so fake,1
"@angelxroblox tysm for the detailed commission i think ur the first person that doesn’t over price it bc i found one that’s like 50 robux for the same thing! anyways tysm for not getting mad when i had no funds and i happily payed the gamepass way, i�",1
"The answer to your question is that we face racism and the effects of past racist regimes everyday. If you want a specific calendar of each day, incident and location it would span from roughly 1652 to this mornings delightful ""nigger"" comment under my latest YT video.",1
This being one of ur first replies to my tweets,1
@lilduval on the real niggaz is dumb as fuck you cant have a movie involving slavery and leave out the niggers,1
Pull Up With The Pistol Make A Nigga Look So Dam Sick Like He Seen A Bitch With 3 Titts https://t.co/64YCâ¦,1
"@NeonsYoutube ugly pug nigger, cyro is better then u mate u dumb faggot I will fuck u up blud, u .see you right I’ll fuck u up if I see u , cyro is better and so is hypoistix",1
@crownkakashi one of my first oomfs here! i remember u bc ur ratio is amazing plus u havent changed users i think. ur layout looks nice i hope we cld interact more ^____^,1
"You reacting calling us dumb niggers. I’m hurt. RT @JuggernautBG: I’m mad over that call, I don’t give a fuck about none of you niggas",1
This nigger in my class dumb as fuck #holyshit,1
"Fuck it.... where is these damn black broadcasters that slammed Bron over Hong Kong and China... White movementist..... saying oppression should be denounced.....two weeks later after they, the Hong Kong protesters, called him a dumb nigger I'm like where the smoke on that....",1
u are a Racist if u select ur white clothes to wash b4 the black and colored ones..Stop Racism! Wash them all 2gether!!.. Nutin Doeth Thou!,1
“@chiIIful: FUCK MIKE BROWN. FUCK TRAYVON MARTIN. Niggers deserve to die. BLACK LIVES DONT MATTERR” kill yourself you dumb hoe ass bitch,1
Sick and tired of my dads bullshit fuck that nigger dumb bitch,1
@RELLVAMPSTAR man fuck lebron and Eli y'all just mad our owner a better gm then that dumb nigger y'all have in office,1
I HATE DUMB FUCK'N NIGGERS!!!!!!!,1
@WeirdKrista word you're dumb as fuck lmfao . Calling someone a nigger is childish and your parents wouldn't be so proud boo boo,1
"The instrument is being used on both sides. Right wing extremists searching for “black pages” in the past of opponents. And left wing extremists, who are calling anything they don’t like “racism”. There seems to be no reasonable middle in any discussion anymore.",1
#FavoriteOFLine fuck u dumb nigger RT for fuck sakes,1
WHAT THE FUCK. SOME DUMB NIGGER LEGIT JUST KILLED DESEAN,1
Tell them wena bae RT @Herms74: yall niggers are dumb just complaining about that ass cos you know she aint never gonna fuck you,1
Shut the fuck up you dumb ratchet ass nigger,1
"Damn I HATTTTE the word ""nigger"" its 2012 ppl ALMOST 2013 GET THE FUCK OVER YOURSELF &amp; STOP BEING FUCKING RACIST! #DUMB BASTERDS!!!",1
no your dumb as fuck. and what kind of skater dates a nigger in h... — you're such a racist. go fuck yourself dawg. http://ask.fm/a/4khg147f,1
"!!! RT @FyeRedNiquee: Ignorant ass white people. So you mad? ""@JustBRI_You: Girl FUCK YOU ! RT @tayyoung_: FUCK OBAMA, dumb ass nigger""",1
@jobbyblobby likewise virgin dumb nigger and btw he is making 1 million a year you dumb faggot loser fat fuck dont you ever tweet me again,1
@THERACISTDOCTOR fuck that if niggers can unite for dumb shit but white can't unite for a great cause motherfuckers need to die,1
This Nigger Right Here --&gt; @Gr8ight Is Dumb As Fuck cc @rhymemarvel @drvektor **spits** #thatisall,1
If anything you'd think the Black's would stand up and speak out but no y'all literally love playing the victim in a equal world y'all know absolutely nothing of what real racism is Taking About past pains what y'all fail to understand is its there to learn from not manipulate,1
"“@Rapmonster: people are dumb as fuck.. especially niggers.,” WTF IS THIS?! Ignorant shit.",1
"I can only remember what happened in my past life if I written it down at the time or it is in old messages Anything before I was 12 I blocked out of my mind and it is all a blur, I can't remember anything it's all black to me",1
@JtheKidd @corygunz @iampetergunz @hashbronxbeast what's up dumb Nigger? Howard is gonna butt fuck u...ur a bitch and u know it. Haha,1
Y'all don't know shit about Chicago. If you know anything then you should know the feds have already been to Chicago in the past to help and nothing has changed. The feds can't solve this problem . .,1
"Yes! I heard of it after it had been out for awhile. I downloaded the first couple of episodes and got hooked. I may dl it again, hard to find good shows except on premium networks like HBO. The seasons only run usually about ten shows. One good day or a couple nights, ur done",1
"on the receiving end of racism, u not only prove it's existence but that your thoughts r colored by biases #Bamon",1
"Racism is so deep in Latin America, like even tho must of us are brown, having white skin is standard for beauty being called “negro” it’s an insult, you grow up wishing you were white, you grew up with zero representation because your skin color is not “attractive”, because it’s",1
"That tweet made me cringe, never imagined that any black child can call another a house nigger. It's demeaning, it's sad &amp; utterly disgusting #SorryPrinceKaybee",1
"@MandaSwaggie DEAR DUMB FUCK: BLACK PEOPLE ARE NOT NIGGERS. HECH, THEY ARE NOT EVEN BLACK. THEY HAVE DIFFERENT SKIN COLORS. FUCKIN RACIST",1
"Everyone saying mom backseat are fucking stupid, respect ur elders. if I was driving anyone else and they were older and got in the car first my wife is staying at the back. Get some manners people cause we all gonna get old one day",1
Don't expect for people not to give up on you when ur d one who pushed them away and gave up on them first,1
"RT @LolSupRach lmao wow. good insults girl. go fuck yourself, and get me a lemonade i'm thirsty nigger bitch @misskola..this bitch is dumb",1
"@JoWHIZ @wizzy_onpoint dis guy is just a dumb fuck, this is the only way I can define u. No vex abeg. Don't worry,u still my bitch nigger :D",1
STFFFFFFUUUUUUUUUUU ABOUT MIMI FUCK! YALL NIGGERS IS DUMB,1
"Blacks seem to hate any word that translates to ""black"". How many have we gone through? Nikker, Colored, Negro, Afro-American, Black, African-American, POC...what's next? Whites don't mind being called words that translate to ""White"". That's the difference. Weird, isn't it?",1
"and white people called your ancestors slaves, negro, not human etc does that mean it’s true?",1
Never mind fuck that. Dm me your number. God damn dumb obnoxious NIGGERS texting me bullshit!,1
fuck you this is not the person I think it is you dumb nigger,1
"“@tayyoung_: FUCK OBAMA, dumb ass nigger” ooo that girl is rude lol watch it pilgrim",1
Who the fuck is this @niger_innis clown? Oh just another dumb trump supporter with a 2” pipe up his ass. #CNN,1
"why dont you donate to this cause instead first of all armys have been collectively donating to multiple different charities over the course of years one in an army exists for a reason, second. ur white and cis you have no business trying to patrol any of us",1
"@HeSayCeeSay: @tayyoung_: FUCK OBAMA, dumb ass nigger""ohhhh shutup bitch"" Aye Cee I think she mad aaawww to bad....she stupid hoe Lol",1
"@947 #947Olympics I did see where the people dissing me were coming from. But anything that happened in the past between black and white, I can't really speak on it but I don't feel like me being born the color I am makes me any less of a person. Eminem #",1
"She MAAAAD LMAO!! RT @_DestinyFaith: @TEKtheMAESTRO fuck you dumb nigger! Y'all are do dumb""",1
RT @Galepsy: THIS NIGGA TRUMP IS NUN BUT BAD NEWS IMPEACH DIS NIGGA â¼ï¸ https://t.co/5iELBy0pf3,1
"@imdavidduhh dude, fuck yeah actually(: and you dumb nigger how the fuck did you get like 100 followers in like 2 days D:?",1
RT @ImNotMessican: RT @WhiteFollowers: Fuck ur shutouts u dumb nigger RT @HeCantChill: Shout out to my white followers tho.,1
"@yofavoriteEXgf its only #rare cause niggers are dumb , they throw on some axe and be out the door like fuck it",1
"the shit I just saw on my TL niggers "" don't like you dumb fucks",1
RT @nyctophil3: Pineapples do not belong on pizza. Y'all niggas are nasty.,1
"“@tayyoung_: FUCK OBAMA, dumb ass nigger”. We see who's mad. Bitch take a chill pill and smoke a oozy and go to bed. #ObamaBiden12",1
"LMAO you been brainwashed nigger by water bottle companies. No matter what you order bar / restaurant automatically puts a tap water on the table, with ice cubes. Nothing wrong with it. Is clean you dumb fuck!!",1
@Kayyloco what a dumb question. go fuck yourself u dumb nigger,1
omg ur literally angry over dis im sorry and i didn't even know if that was true or not at first but yeah a looked it up and one of the writers had said in a 2017 interview that he wanted to go that route with zuko and katara but just didn't,1
BLM has done more damage to the black community in the past few months than anything.,1
"The sanitation strike, had to eat a colored places, had to endure all kinda racism. My mother and father too. If u from the north u don't",1
'& I Love My Team I'd Ride For My Niggers..' What Team? &amp; What Niggers? Dumb Fuck,1
"While the sun’s photons don’t penetrate past 200 meters, the ocean’s depths are aglow with bioluminescence. Anything emitting light attracts attention, both for prey and predators. Cloaked in some of the blackest black in the animal kingdom, Vantafish are virtually invisible 3/",1
"‘Negro’ was chosen by white people as a name to label an entire race of people without their approval or input on what they would be called. So, it became normalized and everyone used it because it sounded better than ‘n*****.’ ‘Honky’ was a direct retort to the ‘n-word.’",1
@kenzi3pachec0 fuck you you dumb nigger,1
@XboneTourneys @Gatz_Games why cant i 2v1 dumb nigger fuck your tourneys lmao hes on his way back from his basketball game,1
"Fuck around and get smoked RT @dizure_: Type time she on?“@KingKaay: This that shit i dont like RT @tayyoung_: FUCK OBAMA, dumb ass nigger”",1
i kinda love my current pfp it’s my first non louis one so i was scared but i like ur,1
"Watching a doc about hate. These racists look dumb as fuck. ""God hates, nigger this, jew that"" ignorance at its best #haveseveralseats",1
Kapernick you stupid fucking nigger piece of shit how the fuck do you just fall down you dumb jitsoon moon cricket eggplant mother fucker,1
"Im waiting patiently for black proteas past or present to condemn or take a stand against any one of the following: the ANC government for state capture,EWC,BEE or anything on this list",1
Hell yea fuck that dumb nigger #mikebrown #Ferguson @realjannetty @TheRevAl #kkk @FreddieRoach @FloydMayweather #DarrenWilson #cops #wwe fag,1
So the lil fucker next door wants to play nigger knock....YOU LIL DUMB FUCK WE HAVE VIDEO SURVEILLANCE I SAW YOU DO IT!!!!,1
@Huntermoore @justinbieber hahahahahahaha hm is dumb he fucks sheep in his sleep he cunt get laid ya idiots niggers are his fans talk 2 me,1
Florida is horrible on racism. I know I live here. Also West Virginia too. I just don’t get why having dark colored skin makes u less of a human. It doesn’t. Blacks are ppl to! #BlackLivesMattters fuck u to those that think they don’t,1
@SEXYLALA That's a dumb nigger never fuck LALA. he will make your pussy dumb,1
The story doesn’t even stop there one of the girls started talking about how her boyfriend gets called a coon how white washed he is. she was so proud of it. She said he was raised by his white grandma and the other girl goes oh so it was diluted and I said what? The negro ?,1
"@MalcolmNance I listened to your heartfelt comments about race. I grew when Blacks were called Colored, Negro and Nigger in Southern Missouri. After the late 70's, I never thought that I would see and hear the racism of today. It is totally uncalled for. ",1
"RT @phfame_: Don't be a boring bitch. If that's Your nigga, suck that nigga dick.",1
What a stupid fuck it's aftermath you dumb nigger (@YouTube http://youtu.be/oWwtNwm4_do?a),1
fuck you thought I was a dumb nigger right? Wrong bitch.,1
"@_LastNameJones_: Fck the testicle you were formed in you cum guzzler. RT @tayyoung_: FUCK OBAMA, dumb ass nigger kmsl hahaha",1
"Chineke RT @AntiDARKSKINNED: Don't start with that ""I'm brown"" bullshit. You are black, you are a nigger. You are filthy &amp;amp; disgusting.",1
SHUT THE FUCK AND RELEASE SOME MUSIC YOU DUMB NIGGER,1
"You get no dick RT @tayyoung_: FUCK OBAMA, dumb ass nigger",1
"@SegunThePundit Evryone has a lil bit of Racism n dem. I bet wen u do Ʊ я Laundry u separate al d Colored Clothes 4rm d Whites. #RacistJoke""",1
"Rageeeeee RT @tayyoung_: FUCK OBAMA, dumb ass nigger""",1
Dumb niggers whiteboys were poppin Molly's back in 05 and y'all think it's new. Lol fuck,1
@Oluwajoy88: Racism is wen u select your White clothes to wash first befor the Black Colored ones. Dn't b a racist! Wash them al together!,1
"Welcome to the family, sweetie!! And ur username is so cute so who is the first one to catch ur eyes in the performance? Im curious",1
Called that man all types of niggers and black pieces of shit. Disgusting bitch,1
@BarackObama USA have no money to send drones to africa. don't be murderin our nigger people wit drones you dumb nigga boy fuck you,1
@gardner_eli_ Hey you dmb fcking ugly niger. Go fuck yourself. I ain't with tryb but aftr last night I saw how dumb cinco is. Fckn pathetic.,1
"Ctfuuu , You Mad ?! :) ""@tayyoung_: FUCK OBAMA, dumb ass nigger""",1
@nicoIemac ur the first one im blaming,1
Teenagers in #BLACK_LIVES_MATTER need to understand what u stand with colored is a racial backslash of multi cultural racism not just blacks but all walks of life u continue u could be ended up on jail time,1
"Lmmfao , y'all check this dumb fuck out ! @Bigballin777: @Follow_My_Life_ fuck u stupid nigger were fucked get real”",1
"BITCH GET PISSED ON!! YA DONE LOST YA MIND HOE! #OBAMANATION @tayyoung_: FUCK OBAMA, dumb ass nigger",1
"Or naw RT @_KeshiaCOLD: You mad? “@tayyoung_: FUCK OBAMA, dumb ass nigger”",1
I swear you like seeing me pissed..... kay fuck you then.. dumb ass nigger,1
"Racism from the Squad ”women of color”. What hue means being colored and not, Girls? There’s a color wheel, Red Green Blue. 0-255 ea. TALIEB IS LIGHT! I MIGHT PASS,TOO! For the benefits! What’s the RBG#that crosses over, ladies? U pick, little lighter than me please! #MAGA2020",1
FUCK OBAMA dumb nigger! and fuck haiti too! im gettin fucked up 2nite on MY MONEY that I WORKED 4! fuck the irs n all u welfare usin freela…,1
That’s all the players are kneeling for though mate. I don’t personally agree with the blm group but I agree with the message of black lives matter. You’re no being asked to agree with anything past that. Just support the players and the message they’re sending,1
"Coon: A Black person who sells out and kisses up to racist White people, especially those who defend racist White people against Blacks; an Uncle Tom, what Malcolm X called a House Negro. Hate to see it",1
"#AmyCooper: Canadian woman working in New York, called police on #Negro, facing charges. Lots of racists from Canada, walking streets of #USA, enjoying white skin privileges. https://nymag.com/intelligencer/2020/07/amy-cooper-faces-charges-after-calling-cops-on-black-birder.html https://heavy.com/news/2020/05/amy-cooper-video-new-york/",1
"An ex-colleague was called a ""negro"" by an Asian employee and when they raised it up with the manager, he simply ignored it. But when I defended myself against a white person who defamed me, the white manager trumped up charges with no concrete evidence. #ConfrontingRacism",1
"If I ever caught someone calling a black person ""a disgusting nigger"" I'm fucking involved.",1
"Latinos will say nigga but will u also claim your African heritage? That’s the issue. White people can say nigga who tf cares, the whole point is people understanding racism, white supremacy and the self hate that holds us all back as colored folk. We all started as Africans",1
FUCK! @Unknown283Dawg: @DarynJones @NicoleHolness FUCK NICOLE HOLNESS! SHE'S A FUCKIN DUMB NIGGER BITCH THAT NEEDS TO GET LYNCHED!!!w,1
"Aww.. Sorry BooBoo!RT @tayyoung_: FUCK OBAMA, dumb ass nigger",1
Some dumb niggers were hassling me at the bus stop because of my Lakers hat. Well fuck you boys!,1
UPDATE: She opened her text msgs to show me an issue she’s having with sending pics & a msg she sent to her friend says “she’ll finally have the chance to fuck a nigger”. SO THIS CALL IS OVER. I HUNG UP. I HOPE YOUR MAN IS FUCKING EVERYTHING W/ A PULSE DUMB BITCH!,1
@YRT211 @EricCantor @GOP @OFA_VA @SenateDems @HouseDemocrats fuck off you dumb nigger cunt.,1
--&gt; https://t.co/uQZekzKb8D https://t.co/UQxvQP7Ls6,1
House niggers are really dumb fucks,1
dumb fuck probably should stop calling people niggers then,1
Maybe not. Those women certainly didn’t tell the whole truth and nothing but the truth. I also noticed most of them were old and washed out Karens. I wouldn’t put anything past them. They just needed one or 2 black women to put the seal of approval on the whole con,1
@R7273_ hahahahahahah holy fuck he's a dumb ass nigger who's sweat pants are falling,1
@shocky2002: @LydiasLyfe Shut the fuck up you dumb nigger. Don't ever voice your opinion on any matter again.,1
Why isn’t everyone as upset that nick cannon called white people sub human and savages as someone saying #negro?,1
"“@DickSlapYoMama: Someone sounds mad .. how mad are you ? RT @tayyoung_ FUCK OBAMA, dumb ass nigger”",1
"How is this racist? Because it’s in black and white? I swear, the haters will find anything to complain about.",1
@goshawty123: plz get shot like that other nigger Tupac @barackobama FUCK YOU DUMB BITCH!,1
First impression: hmm another Serbian your nickname in my head: none closeness ratings [1-10]: idk? do i like you: sure you are my: mutual ever had a crush on you: no should you post this too: if u want to one random thought: ur cool,1
"I'm done being PC, this nigger is a dumb fuck....I said it, and I mean it.",1
"Goya black beans— more properly called frijoles negros— are delicious. But your hipster Trader Joe’s ass is banned from eating them, Snow White. Also, real Latinos don’t use Latinx, that’s some bougie pc talk for social media by a few Spanish speaking elite pseudo intellectuals",1
"“@_KeebzTrilla: Unfortunately most Republicans aren't retarded, so they don't fuck around with their ballots.” Lmao. Dumb nigger democrats.",1
"Once you go black, you're a scourge upon society. Not to mention a disgusting nigger lover...",1
"chriss dumb, fat dumb fuck retardo nigger.",1
and to nigga is not Racist you dumb fuck .. Nigger is Racist ...Nigga People say that all the time smh.....,1
"Lmaooo. Were yall at. At school. ? RT @in_JEpan: Fuck @FemaleJawan for almost tripping me in the Hallway, DUMB HO NIGGER BISH.",1
no im allowed 4 wives woman.... ur my first one wifey though,1
I think it’s because most libs / non ML think of everything in terms of the individual. It’s hyper individualism. They don’t know anything about the black panthers or Thomas sankara or other ML figures in the past who needed state power to have any power. They don’t see strategy,1
Court orders judge in #TrayvonMartin case to step down. Yussss back the fuck down. #justiceforzimmerman #TrayvonMartin was a dumb #nigger,1
"Man fuck the bitch as niggers, how y'all doing? I'm lil tunechi, I'm a nuisance, I go stupid, I go dumb like the 3 stooges..",1
"You a dumb bitch RT “@tayyoung_: FUCK OBAMA, dumb ass nigger”",1
"When the main character said “it’s the hate we give” at the end of the film was so illuminating, the anger that black people show to each other using the disgusting word “nigger” explains so much, people say they use it as a term endearment, quite clearly that’s a lie",1
@talkRADIO Let's be honest #StephenLawrenceDay is a political reminder of white on black racism - why else pick out this single incident from a generation ago when black kids are murdered by other black kids nearly every day. #leerigbyday? - doesn't fit t,1
@BigBottomCottom nigger lover. You and taleahs dumb ass have changed her too. And you guys think Cameron's the bad guy. Wake the fuck up,1
@CMadatMe @MUTGuru fuck outta here ith God shit this ain't religion clas dumb nigger,1
"ok i hate mattia as much as any other person of color but comparing saying “nigga” in a song to CALLING black people “niggers” and shouting it at them, is wrong. both are disgusting &amp; shouldn’t have happened but cmon.... emmuhlu is fucking stupid and deseveres all of this",1
“@_LilAus: You're a fucking dumb nigger “@joeyclersaint: “@_LilAus: Fuck Obama” fuck your opinion ”” SHO IS A DUMB NIGGER SHO IS MASTA,1
@NiqueBlanton @SowaTheArrogant ... Sorry to call you dumb and a Nigger. But I would not have if it was not true you dumb fuck. Lol!!!,1
stoled reply and ill give u sum emojiz = luv ur pinned = i love seeing u on the tl = ILYSM = want to be friends with u = i stalked ur acc = i consider u as one of my fave = you’re sweet = would do anything for u = first time i see you,1
"Jeff, please, stop calling that a ""dumb move"". ""Nigger"" is one of these powerful words just like ""cunt"" or ""fuck"" etc.",1
I do. I’ve experienced it first hand sadly. But racism is racism whether it’s a small fraction that u only notice in certain situations or whether it’s a deep hate towards a group of colored people. Cuz ur still blaming ur people rather than the actual oppressors.,1
"Society made us so sensitive usually idc about anything and just chill , but this past month with BLM i became more sensitive to things when I see black in it",1
@donteltaylor Hey Bitch Nigga! Ready for round 2? Round 2 will be more advanced with intellectual thinking and complete readiness at all times. This is what you get for having an affair with me at work getting us fired and still being a dumb nigger. BUCKL,1
"Noo fuck youu !!! &amp; Stay Mad with your mad ass""@tayyoung_: FUCK OBAMA, dumb ass nigger""",1
 if you aint bout that Murder Game pussy nigga shut up ,1
Like this nigger is dumb AF!!! How do you fuck over a great girl like this?,1
@tighmir fuck u . u dumb ass stank ass nigger . there is a diffrence between black people and a nigger and u deff a nigger . so fuk ya bitch,1
You dumb fuck nigger titty ass bitch lickity split,1
"tonight i had an incident of racism. on my way home from my night out, some guy followed me shouting ""nigger"" at me. tell me racism doesn't exist today. go on",1
these dumb nigglets ~ as i said before the fuck offs see what i type as i type it~only an ignorant nigger falls for repeated spell *checks*,1
first one’s ur brand,1
Negro also means black but I know if a white man called me that...,1
@ACME_player you dumb fucking nigger fuck you lil penis bitch fuk u Ur moms hot,1
"@ToMuChOFWG you said "" FUCK YOU DUMB COCK SUCKKING NIGGER I DONT WANT TO PLAY WITH YOU"" so f u",1
The Lord God Almighty knows that I just hate dumb people that always running their mouth and do not know what the fuck they are talking about ! I have my son in here with me that wad born in the Dominican Republic and spent 7 1/2 yearsin Haiti ! That's a damn lie nigger........ pic.twitter.com/umpi1wyqcv,1
YOU THE ONE CALLED ME A DISGUSTING BLACK NIGGER,1
@bomani_jones @JacobMalone1 Jacob shut up u dumb fuck. Niggers are the worst tippers becuz 99% of the time it's whitey waiting on them.,1
I left my dumb bitch days back in college. If you cheat on me it’s over. Idc if we’ve been married twenty years nigger get the fuck out my house and don’t take nothing with you start from scratch.,1
@Nigger_FLIPPER: Dumb as fuck . https://twitter.com/Nigger_FLIPPER/status/494733694213816320/photo/1no kinda rhyme or nothing,1
"um, BIG fan of yours. can u pls. “do more” videos about helping out colored people’s plight about injustice, profiling and racism?",1
"Yea fuck these bitch ass niggers, how y'all doin I'm lil tunechi, I'm a nuisance I go stupid go dumb like... ~lil Wayne (look @me now)",1
there are so many ugly GROWN ass niggers on my tl talking shit and mocking that big black girl and it’s disgusting very very small penis energy,1
in 1997 he said u know no more racism for me anymore and National Association Advancement of COLORED people (NAACP) george ruthford (WHITE MALE) says u know what ur forgiven,1
nigger dumb as fuck,1
"Nice strawman, literally never said that. I actually said the characters were good in one of my first tweets idk what ur on, I thought the stuff with N was goated and the finale was cum. Again you seem to forget I said I LOVE gen 5 it's just not the BEST gen",1
"Well we drove past a house that had a ""Trump Pence 2020"" sign on the lawn &amp; I only saw like 1 person wearing a mask even though we're supposed to wear them in public. Nobody said anything to me, I just got a bad vibe from the place (also didn't see any black people so ya know)",1
Fuck these dumb niggers,1
Of color is the correct term. Colored refers to segration. I do know several cops who identify as POC and they speak on the racism in the Boston departments but treat it like a regular job and never speak on this “change” u insist they’re infiltrating from behind enemy lines,1
First the dumb bitch nigger saints now the retard mouth breaghing faggot broncos.... fuck you all,1
"Head of NAACP Walter White wrote:in""Man Called White"" (p. 3):""I am a Negro. My skin is white,my eyes are blue,my hair is blond.The traits of my race are nowhere visible upon me.""Of his 32 great-great-great-grandparents,only 5 were black,and the other 27 were white. By law he's AA",1
You dumb ugly nigger wayne positive Trash soft ass nigga fuck you nigger pic.twitter.com/4GbgaKM9xP,1
"dumb bitches ! Go drink some bleach RT @tayyoung_: FUCK OBAMA, dumb ass nigger",1
"@LeeOrDior @SteeZeyFLOW Just kidding, your cousin is probably a nigger too. Sit the fuck down, your jokes aren't even funny. Dumb bitch.",1
“Ahhhh I have anxiety so I’m gonna call you a nigger” get the fuck out of here I can’t change my skin but being dumb is a choice luv truly embarrassing I’d deactivate.,1
"The fuck? “@Kee_Wee: I got 3 ""fuck you's"" &amp; 1 ""dumb nigger"" &amp; I'm not even half way through the day”",1
Dis Niger outside of Kroger Got on Ah Huge Ass Sweater. Dumb Fugazee true Religion Jeans And Drinking Coffee.Its Hot Af.!!! Dumb Fuck,1
Are you stupid or do you just not pay attention. Not once in any video that’s been released did anybody on there say anything racist. She made a race joke and the white people payed her dust and skipped past it. Mind you in two videos another black man was on the panel,1
Guy quoting MLK but using the same talking points of White Supremacist and their Negro minions which called Dr King a Russian Communist.,1
"Kanye West called the white girl ""brave"" for ""speaking out"" &amp; ""speaking truth"". But, grossly chastised the intelligent black woman for doing the same. To borrow a lexicon from Malcom X: ""during slavery you had two Negroes. You had the house Negro and the field Negro.""",1
"If you were racist in the past why would you not want show people publicly that you support them? Like the only thing j* has done was preached about how we need better shade ranges, he hasn’t done anything for the black community &amp; just says sorry for his racist past over &amp; over.",1
"And what also aggrevates me is if her black boyfriend does her dirty she finna call her KKK member brothers to go and hunt that nigga down, telling them. ""Y'all better get that nigger"" claiming she loves black men and shit, it's fucking disgusting",1
Fuck a pay cut for a ring. Guns and butter lil dumb mothafuckas. Classic nigger shit. Less bread kuz u want bragging rights in ur league,1
"First one to say it. It’s not about who she is at all (for me) it’s the fact that if u younger, u get ur young ass to da back and let the older ones sit ina front",1
"Money Over Dumb Bitches, L's Over Dem Fuck Niggers.",1
"@RichOffSoda Yeah and? A whore being paid to fuck niggers. You think somehow that makes you anthing,Lol,dumb niggers https://twitter.com/RichOffSoda/status/705003920695820290",1
@Bigsweener I done tried fuck I told ppl off Craigslist 1800 dumb niggers won't text back,1
@ProDrewALI your a nigger to you dumb fuck?,1
"@hermdiggz: “@tayyoung_: FUCK OBAMA, dumb ass nigger” this bitch &lt;~~This Whore SMH
I don’t think so either but I don’t put anything past these niggas when it comes to Black women
Your a dumb motherfucking nigger! You have a kid? And... — I me",1
"@ConservativeRay shut the fuck up you dumb piece of nigger trash. before you go making fun of other peoples pics, how about uploading yours?",1
"Big dumb ass, fuck nigger",1
My friends and me got called niggers by this Mexican chick . She's colored too though .. Racism at its finest !,1
Yall kinda did though RT @MichaelTavon: Niggers are dumb as fuck I remember. When everybody swore me and drew looked alike ...stupid fucks,1
"Good so when you are called negro by a white guest I expect you to smile. I remember when Karen was a regular word, but white people out here were crying. Are you for real this tone deaf or just protecting your chicken?",1
"So she mad LOL smh “@_SWAGGADADDY_ RT @tayyoung_: FUCK OBAMA, dumb ass nigger -- these nuttssss!!”",1
WAIT UR THE ONE WHO MADE THE FIRST ONE?? OMG,1
No actually. Trump lowered the black unemployment rate to a record low these past 4 years meanwhile no democratic president in the past 40 years has done anything for them other than try and pass the crime bill that would lock more of them up,1
"#twotimes “@mtp_55: RT @tayyoung_: FUCK OBAMA, dumb ass nigger (kill her mentions)”",1
Dumb ugly nigger name Wayne Dumb ugly fuck nigger name wayne positive positive pic.twitter.com/0v3ADXndiL,1
"@erkthajerk I feel u. But when it comes to us colored folk. I feel opression, racism, bein picked on. Counted out and classified is to blame",1
Bro stop acting dumb as fuck y’all know that news performer didn’t intentionally say niggers y’all just want to make shit bigger than what it is,1
"I'm toooooooo heated right now. Like, could my brother be anymore of a fuck nigger. Like GO TF AWAY. Dumb prick ass.",1
"@tayyoung_: FUCK OBAMA, dumb ass nigger&lt;------ soooooooooooo . . . . . . Your upset ?",1
Shut the fuck you dumb nigger,1
Niggers are ashy stop fukin with them dumb bitch — WTF?!?! Fuck your racist ass opinion!! You're dismissed http://ask.fm/a/4964ik4d,1
michael clifford from 5sos fuck you you dumb ass nigger i h8 you follow me . @Michael5SOS x449,1
@ghostfacekillah Dumb ass niggers who fuck with me bout to get plucked.,1
ew this nigger just called me a nigga.HAHAHAHHA EWWWW fuck you dumb fuckin slave.,1
Sad for u tmims50. Filled w hate and racism against a colored blind patriot https://twitter.com/tmims50/status/859628436515639297,1
"No one stoking anything, we don’t have to you just need to watch TV to see all the attacks from Black people of vulnerable whites and Black on Black violence, yet they still get a free past in some countries as don’t want to be seen as racist racist.",1
Sack the fucking nigger you dumb fucks,1
@Fucking_Boyle: Fuck that dumb nigger simmonds this shit is not ok. EVER,1
@GucciKea dumb nigger ya done fucked up. Bye bye fuck boy!,1
I already see on social media some Black people forgiving and praising the so called white people they claim aren’t racist. Showing the so called “ good cops”.Way to soon for that docile negro bs. The murderers need to be convicted. We can not forgive until we see a change.,1
"@_IamthePrince_ #DontBeMadAtMeBecause I think you're a dumb ass nigger. Get the fuck out of here, fucking bitch ass nigga.",1
Dumb ugly nigger name Wayne Positive trash fuck red and white pic.twitter.com/2SCfYQgVqE,1
"You’re too kind. But you forgot the “because of black people” part. If I’ve learned anything in the past three years it’s that there are far too many americans who can’t pick that up. Please, show no mercy. Be explicit. Spell it out.",1
Free This Dumb Ass Nigger Even Tho I Don't FUCK W. Him .,1
"@cthagod ---&gt; PERFECT EXAMPLE OF A COON. #STILL can't get over the ""white nubian goddess"" comment.... FOH!!!! #COON Let's talk about that!",1
The “other “ “you don’t look like u belong” #Americans are multi-colored u #WhitePrivilege #racists Gotta a bible verse for that @marcorubio @GOP @GOPChairwoman u r complicit in promoting #racism #hate &amp; #fear spewed by @realDonaldTrump,1
you fucking dumb fuck nigger fucking roach,1
dumb nigger piece of shit cunt fuck,1
@peterdcohanlon what the fuck are you talking about? it is you dumb nigger,1
@CallMeAdolf fuck an exact translation you dumb ass nigger coon,1
Ah yes i remember wen i go to church i a dumb ugly hatian bitch fuck whitepeople im filthy stinky pile of nigger shit pic.twitter.com/5nsDeJpCPv,1
"@iHollaback What's more disgusting is ""look at those niggers trying to mate"" or ""typical black culture"". That's totally besides the point.",1
@expendability What the fuck? Don't call me a nigger you stupid dumb cunt of a bitch.,1
"Look up something called the cornerstone speech. ts foundations are laid, its cornerstone rests upon the great truth, that the negro is not equal to the white man; that slavery—subordination to the superior race—is his natural and normal condition.",1
"it’s okay, i’m completely on ur side with this. it’s fucking disgusting and people shouldn’t publicize this stuff at all. keep it in ur head and don’t talk about it. no one cares, first of all, and second of all, it can hurt others or make them uncomfortable. so just stop, please",1
People calling Mayweather a nigger cause he won the Irish need to remember when no one wanted them around dumb fucks GET ME OUT THIS COUNTRY,1
saying I always fuck their thoughts once I say imagine getting put on a cross. The people saying they worship you don't worship you but they actually worship me. Its called Jesus Christ The Native American Nāga Reincarnated Revenge Black Ass Negros. It's a white version.,1
"Aint this cute. RT @tayyoung_: FUCK OBAMA, dumb ass nigger",1
@thereallkiddcam fuck you nigger... Go kill yourself on some dumb shit.,1
"Some people will do anything to try and invalidate your experiences. I was in a relationship with a non-black man at 18 and suddenly I’m not allowed to speak about MY experiences dating black men, despite the fact I’ve been dating black men for the past 10 years. Hilarious.",1
"U know @JazzyVixen:Beat it!RT @BosSsDj: Me and the crew just caught a nigger tryna jack a car and gave him a beating at rosebank,Dumb Fuck!""",1
Fuck north dumb ugly nigger name Wayne Positive trash soft ass nigga I'm star dumb nigger off my whips off my toyd pic.twitter.com/vtVBPBXPeJ,1
"Lol sad RT @iHATEsirdrey: LOL! Yep. RT @ican_only_be_me: He's still your president. RT @tayyoung_: FUCK OBAMA, dumb ass nigger",1
"Black people, please STOP acting dumb as fuck in public. You look like a dumb ass coon nigger just like they want us to act. It's STUPID!!",1
RT @Caity_Tay: Usher is makin breaddd off Beiber. that's why Jay Z invested in willow--and JT invested in golf so fuck those dumb niggers,1
I don’t understand how white people can tell black people that “negro” is not a racial slur but feel oppressed when called “Karen”.,1
"Please produce a recent example of a white Democrat calling someone a ""negro"" dismissively and not getting called on it.",1
@PaTriot_tK @Sharp_tK @Goonjar answer my question and I'll answer yours . You dumb bitch ass dick licking cunt fat fuck nigger adopted kiddd,1
"He speaks less english than bielsa. Negro isnt derogatory its spanish for black. If a black guy gets upset for being called black then thats a sad thing for him. I wouldnt get upset for being called white.. because i am white. i dont condone racism 1 bit though, we stand together",1
"go fuck your mother and jerk off to weak suicidal lefty's that want to kill trump, and same time have TDS crew on your stream that yell about niggers and kikes. dumb idiot",1
"If the ONLY thing ppl took from this is me saying ""colored"" then U really missed the point! I get the anger is strong now (rightfully so) but dont look for racism in someone that isnt racist. (if ur white &amp; coming at me, fuck off U really dont get it)",1
"I think these super eagle niggers dont think b4 they pass, cross or shoot, dumb fucks",1
@JoeBiden stop suppkrting RACISM STEP DOWN colored people dont want to advance to... what? U dont treat them as Equals do u joe?,1
"I think it sits stronger with me as a black woman because I've been someone's nigger bitch. I've been told my skin color was disgusting &amp; threatened by people who later ""apologised"". Forgiveness is easier when you can't identify specifically. Forgive, sure but I can't trust you!",1
I walked past my mum the other day while say fuck dumb nigger the funny thing is she didnt really care,1
"@SHGames You dumb nigger can’t make a game that works nowadays, fire every stupid fuck and hire people that actually play the games and people that are actually good. You guys are so fucking stupid it’s unreal.",1
"Aye yall get her ass!! RT @tayyoung_ FUCK OBAMA, dumb ass nigger",1
This is what happens when ur a dumb nigger«@iAmLarryB @pufntrees @quanb24 fuck yall»,1
"and you are a dumb ass for that statement “@tayyoung_ FUCK OBAMA, dumb ass nigger”",1
"how are u gonna tell the PERSON WHO MADE THE MEME ""um no we're gonna drag ur name in the dirt forever and you'll be the only one to blame for coming up with this in the first place """,1
.@tylerrjoseph follow me on ur stan acc asf u can be one of my first mutuals wow &lt;3,1
@PlasticKimmy @niallofficial he didn't even use the word nigger you dumb fuck,1
There’s the one letter difference so might be cuz my mind just missed the i the first time I saw ur name lol,1
“@QueenNigger: ITALY FUCK OFF DUMB NIGGERS!!!!” you tell 'em tykreeshrina,1
"So in the 1st and 2nd picture,it is called the MANJUYOD SANDBAR,dubbed as the ""MALDIVES IN THE PHILIPPINES""!This hidden gem situated in Negros Oriental and has been an offbeat destination because of its 7 km stretch powdery white sand and clear blue waters.",1
You said that roger stone number just happened to pop up on the Lottery seriously that statement in itself was shameful white people have ever right to say negro as a matter fact In America history black people have been called negro for decades,1
"Tom, with so many people supposedly in favour, why has it taken an incident in foreign climes, for the racism issue to pick up speed? I think it is let down with so many black players jumping on the bandwagon. Why have they been silent for so long?",1
Why does Obama think its ok to fuck with the constitution and are rights? He's a dumb nigger and not even american! Im ready for war!,1
"Saturday Night Live called black conservatives who prayed for President Trump in the White House ""house negros"" and the New York City audience roared with laughter. https://www.youtube.com/watch?v=inTOwXLgw4k&amp;feature=youtu.be&amp;t=138 #Sad #BlackLivesMatter #BlackHistory",1
Stupid dumb ugly fuck niggas name wayne and ugly ass chris fucking niggers off my pussy ugly trashes pic.twitter.com/nlsdj6akn7,1
Lol u dumb as fuck“@imNot_daFather #IfIWasWhiteForADay I call black ppls nigger over xbox live”,1
"fuck she talkin bout lol RT @_Geechi: ""@tayyoung_: FUCK OBAMA, dumb ass nigger""yu mad as shit you dumb ass bitch ,",1
Bro called me a dumb nigger I know he mad as FUCK lmfao,1
"jesus christ he looks so funny in the first one. gonna edit chocolate milk in his hand like ""heres some choccy milk cuz ur white""",1
#confessyourunpopularopinion fuck obama he's a dumb niger,1
@StripForMe_ @MLGJurpi @SamTheAM don't nobody give a FUCK !!! Don't fucking call us by nigger we got names you dumb fuck !!!,1
To all the dumb rednecks that called me a nigger. Fuck you.,1
Black people still asking the devil for help....Lmao!! Y'all niggers dumb ass fuck...Id fuck y'all too...y'all so dumb!,1
My friend now hates the @houseparty app. Says he hopped into a group call with a bunch of white guys and they looked at him with disgust and called him a “Negro”. This bold level of racism in 2020 is overwhelming and should be looked into @houseparty,1
"“@mizUniver_: Obama your a dumb nigger , your just making things worse . #ImSorryJustPissed” That's racist as fuck jocelynn",1
That nigger is dumb.. RT: @LaLa_S0CRAZY: What in all the fucks?,1
"@Twin_Ec_ @yeesii___ fuck you dumb ass broad, he's free to hold his opinion. I hope niggers in your town see this and anally assault you",1
if a white person called me a negro i would simply obliterate them,1
"Hey dumb fucks! ""Nigga"" means exactly the same as ""nigger"".",1
RT @SpeakingOfKe_: If a nigga ever talk bad about me just know I hurt them ð,1
"happy 21st to the one and only party animal!! ty for being u and never failing to let ur personality shine thru the screen.ty for the endless hours of entertainment and laughs,i don’t know how i could get thru my days without u.have the best day and try alc for the first time",1
"“@tayyoung_: FUCK OBAMA, dumb ass nigger”stfu, you mad bro? Lol",1
"im getin real tired of pple at school saying ""WHYD YOU BLEACH YOUR HAIR"" NIGGER HOW THE FUCK YOU THINK I GOT ALL THOSE OTHER COLORS dumb fuk",1
"Many Negro leaders are puppets put in front of the Negro community by white liberals ""They have been endorsed and subsidized by white liberals"" -Malcolm X Still true today. Take a close look at the CBC Question any ""so called"" Black leader loved by the media and Dem Est.",1
"Dr. King about unemployment: ""When you have mass unemployment in the Negro community, it’s called a social problem; when you have mass unemployment in the white community, it’s called a depression"". There r some issues that demand spurs and basic income can't deal with. #JG #PGE",1
What the fuck was that?! Fuckin disrespectful people I swear. No one gets away with calling me a bitch! Dumb ass nigger.,1
I keep losing followers. Fuck you dumb niggers.,1
"The black community is deeply triggered by anything that forces us to stare at our own short comings. Instead we ""cancel"" instead of critically thinking past our own emotions",1
"U dummy I can’t be racist towards my own race, the reason I called you house negro cuz u were defending ur white master and u know very well about the history of USA in Africa so stand with ur people and say no more white oppressors in Africa",1
Hahaha RT @ImNotMessican: RT @WhiteFollowers: Fuck ur shutouts u dumb nigger RT @HeCantChill: Shout out to my white followers tho.,1
What’s me not being black to do with anything yes he’s said that it was also years ago and he’s done everything he can now to do what he can and yall just dragging him absolut his past atleast he’s doing something about it now. He could’ve just ignored it all but didn’t,1
"u wanna see real racism? go to another ""colored"" country and see how white people treat them over there",1
"bitch fuck u i hope karen gets the switch cable nn teaches u a lesson, dumb nigger",1
RT @USGOVERNMENT Ha Ha Ha look at these niggers loving a refund check...dumb fucks even made a TT out of it...HAHA !,1
@DarriusReese shut the fuck up you dumb nigger your the one that said she smoked weed,1
"“@tayyoung_: FUCK OBAMA, dumb ass nigger” Is This Ugly Bitch Serious....",1
You 2 dumb ugly nigger name Wayne Positive trash soft ass nigga my gifts dumb ugly nigger fuck red &amp; white pic.twitter.com/5kWjBHdBYB,1
our mindsur the first one i swear,1
After what just happened if even one dumb nigger wants to say to me go to a homeless shelter I'm going to fuck shit up for real,1
I think it was a thing back to call a black dog that word in the 60's/70's before people really were aware of the connotations of it.... anything past the 80's was just pure ignorance...,1
if i call you a nigger dont take offend to it unless im pissed as fuck or call you a dumb nigger,1
Non-black people really get a power trip over calling black people nigger &amp; it’s disgusting,1
"@thuddyt @itskarinawhite @lizithekitty who the fuck says nigger these days, besides dumb asses. She's not racist, she's dumb.",1
FUCK LEBRON DUMB NIGGER.,1
"I just saw a black man try to give a homeless white man some money. And the homeless mans replied with ""fuck you nigger"". Disgusting.",1
"@sincerelyTITY: @tayyoung_: FUCK OBAMA, dumb ass nigger"" Lol you mad? You mad."" Stay mad!",1
FUCK NIGGERS FUCK DUMB BITCHES,1
@FuksGiven_0 Thanks for the follow #BlackCollective Family. @NFACmoves ignited a new way of life in Black America called Negro Unity Defenders Inc..We are the Leaders of the New School. Any of us can do this LEGALLY to stop from dying by White Domestic Te,1
"Go back in time, I think every living human, Black, White and Asian will have slave traders in amongst their ancestors. We should focus on getting rid of slavery happening in the world now. Not in the past when we cannot do anything about it.",1
me recording thinking i was abo it ti get a UR. i had my eyes closed for the first one but then i lost all hope,1
"man fuck these bitch ass niggers how ya'll doing im liltunechi im a nusense i go stupid, i go dumb like the 3 stooges",1
"Ik, but ur still not getting my point. This is our first time where we finished outside the top 6 in 25 years. One season being 8th doesn't overshadow over 100 ones. I can't predict the future, nor can u. But all ik is that under Kroenke we aint moving forward.",1
"Fuck these bitch ass niggers how you doin I'm the touche I'm a nonsense I go stupid I go dumb like the 3 stuges, uh",1
“@3_Fifths: @PORN_star_TAE @onyaled fuck off nigger. You dumb Ebonics speaking nigger cunt.” Gotta be Virgin Speaking KYS slowly,1
thea i lvoe u wtf ur one of my fave and og mutuals since ur first @,1
first impression: Haha random person in russa chat your nickname in my head: little baby man closeness ratings [1-10]: 7-8 do i like you: as friend you are my: friend ever had a crush on you: yes should you post this too: idc one random thought: ur fucking gay,1
Embarrassing ... Did anybody else pick up on the region so many of the GOP members of the committee come from ... Another incident of BLIND racism infecting our politics ...,1
"This how u die .. food for thought shorty RT @tayyoung_ FUCK OBAMA, dumb ass nigger",1
Another #Arab car ramming terror attack in #Jerusalem #Israel. Will #Obama Adm call this random traffic infringement? http://t.co/MjWKz48M4A,1
@CJ_Jacobs @Randizzle14 I talk shit all the time you dumb fucking nigger!!! You're a fucking fraud you dumb fuck!,1
"what if i lookek like hallie, instead of dead proof and fake that - cozy bear a homo sexual true2- trick trick haz a little dick kim matthers looks like a dumb bitch in uniform- fucking dumb ass clowns - weed eaters is what the fuck u are. nigger",1
Prime example of institutional racism that de-humanizes poor and colored people not just in the U.S. but the entire world.,1
@OfficerWilson1: “@ShekeelaJones: The KKK is so damn dumb. #Ferguson #hoodsoff” Fuck you nigger https://twitter.com/OfficerWilson1/status/535243110121754624/photo/1. &lt;Dumb,1
it's really tiring hearing people say anything but 'I'm sorry and I'm guilty for hurting you all' a lot of folks say they are pro black live matter but truly acknowledging your own past actions or internalized racism is the best way to really grow as a person,1
"No just keep blaming the white man while you shoot each other to death in chicago, detriot, philly, baltimore all democrat ran cities no one bats an eye. How about in NY more black babies are aborted than born. Planned parenthood was called negro project, margaret sanger.",1
"777: one of the first people I met getting on to the splatoon scene and one of the first I’ll never forget. I know we don’t talk much anymore bc I haven’t been around, but I’ll never forget all the time we spent together w our friends. ty for being my friend. Ur funny ily",1
"Moreover, the Chinese can count on the woke middle-class Left who will pick up on every single incident - from violence and intimidation to clumsily phrased outbursts of inarticulate rage - to further frame the narrative over China policy as motivated by nothing but ""racism"".",1
"Quit bein a nigger. Act white and I won't disgrace you feel me ? ... — Shut yo dumb ass up , before I fuck yo bitch http://ask.fm/a/52b5efqa",1
@Colton_Zappe: Fuck that dumb nigger Obama Don't get beat to sleep white boy watch yo damn mouth,1
Please shoot every dumb fuck nigger in the head who has anything to do with that worthless fuck gettin shot in Missouri!!,1
Stop falling into thirst traps you dumb niggers. You’re gassing these bitches and making it harder for everyone to fuck em.,1
Happy nigger day you dumb fucks. Lmfao,1
"@tayyoung_: FUCK OBAMA, dumb ass nigger i cant believe this Hill Billy Bitch did not!!! Everyone take her ass out ! PLZ",1
I guess but they only lost their power and meaning to a white man. Black people have names we don’t like being called as a negro. I know you don’t care but that’s only because nothing is happening against you but okay,1
There isn’t? Then why was my son not qualified for the United Negro College Fund? Because he’s white. That’s racist! If there was a United WASP college fund then they’d be called racist!,1
"“@Jhonnybravo95: @StanCollymore non of your fucking business black nigger,blacky blacky” you disgusting racist filth, disgraceful!!",1
You dumb fuck. Shit nigger.,1
I hate seeing those white people posts like “so I haven’t posted anything in the past two months to make space for the black voices to be heard ”. Sounds like they was waiting for the monsters to be gone before they leave their room,1
"It’s not related to his ingredients—he feels as though he has the right to say the word nigger, likened Jackie Aina to a gorilla &amp; said he should throw acid on a black woman to lighten up her skin. He’s a disgusting person, f the concealer sis. If anyone should be hurt it should",1
"@BallBagSteve @cbaker92redskin He shouldn't be able to play tonight... Not bcause of cheap-shot, but bcause he's a dumb useless nigger fuck.",1
Based on the past like a cop murdering a black man while three of his partners sit and watch? George Floyd could have accomplished anything if not for that little bit of misfortune.,1
Ok but all the money he has a donation doesn't mean shit to him. When has he actually done anything to help the black community (that doesn't include what he's done this past month),1
"@GDKJordie you can't even get 3k retweets on a tweet, how the fuck would you get 5k. Dumb nigger.",1
"“@_LexiJosephine: This bitch ... RT @tayyoung_: FUCK OBAMA, dumb ass nigger” shmack shmack",1
"Why are you mad though ? “@tayyoung_: FUCK OBAMA, dumb ass nigger”",1
The fact that y’all really be on here referring to other Black people as “nigger(s)” even ironically is disgusting g.,1
Dumb nigger i will fuck ur dogs buttholes including your own at the same damn time ayee... — ..... Chris chilllllll http://ask.fm/a/4oqq2efj,1
IT'S UR FIRST TIME MAKING ONE WHAT DID THEY EXPECT,1
@LilTunechi man fuck these bitch ass niggers how y'all doin im lil tunechi im a newsice i go stupid i go dumb like the 3 stooges,1
First off. Shout out to my moms house Secondly. I love you in all sizes and shapes. Ur worth more than you know. The most brilliant human to exist in my life. Self love is a hard journey and one you don’t have to do alone my queen 4ever,1
"2 those who say that none of u were alive during slavery: many of u *were* alive during Jim Crow &amp; segregation &amp; other forms of gov’t-sanctioned racism/discrimination, which were just a continuation of slavery itself. I’m 56, &amp; can remember “‘No Colored’ signs frm childhood",1
@josemcnugget yee dude now getha fuck outta here dumb nigger,1
"But that ""Nigger"" your president tho &amp; if you was smart you would know that Obama is fully black RT @tayyoung_: FUCK OBAMA, dumb ass nigger",1
We were one place off play offs last season. We’vePlayed the entire season with no defence what’s ur point. We had 3CBS leave and played people out of position all year. Someone said Ole done better in the league than Mourinho in his first year even tho Mourinho got more points,1
"Lol! RT @retrowill3 Why are you mad Fat Girl RT @tayyoung_: FUCK OBAMA, dumb ass nigger",1
"Just heard racist dumb fuck rednecks cussin loud af &amp; sayin they dont like black ppl or the ""nigger bitch"" thats workin in the gas station",1
"Idiot RT @Remain_Stoned: Dumb fuck""@_GeorgeAF: Stupid ""@SandileSandro: SMH""@ku_wrong_pv: Real niggers don't have twitter accounts""""""",1
That's why WHITE people call you niggas NIGGERS! you dumb fucks!,1
"oh u mad bitch? “@tayyoung_ FUCK OBAMA, dumb ass nigger”",1
DC GOVERNMENT AND DC MAYOR SITS RIGHTS THERE WHEN THIS BIG DUMB ASS NIGGER SAY I'M CRAZY IS SHIT BECAUSE I DON'T FUCK LITTLE KIDS. THAT'S MY AGREEMENT. WHAT'S HIS LOOK LIKE WHEN I ARGUING CHILD SEX TRAFFICKING.,1
Fuck you Terrell Suggs you dumb nigger,1
#Racism is when u select your White clothes to wash first before the Black colored ones... Don't be a racist! Wash them all together,1
"99 years ago today, a white mob marched in and destroyed America's wealthiest Black neighborhood. ""The Tulsa police formally requested that the National Guard assist them in quelling what they called a 'Negro uprising.'""",1
Fuck dumb ass niggers ... I'll call u fuckers niggers too ... if the shoe fit wear! An white folks can be niggers too! Idgaf bout tht word,1
"Tomorrow I'll be rubbing it in to dumb bitches like this---&gt; “@tayyoung_: FUCK OBAMA, dumb ass nigger”",1
Oprah's first boss told her she was too emotional and not right for television. Oprah remains one of the richest self-made woman and black female billionaire. That’s successful aiming high to the sky and never giving up on ur dreams.,1
You are racist and I feel bad for you. “@Z_Stevens86: Dumb fuckin niggers.. I'm not even racist but fuck them”,1
"“@tayyoung_: FUCK OBAMA, dumb ass nigger” FUCK YOU, YO MAMA &amp; YO GRANDMA!",1
RT @Niggers -__- RT @badlemonbone Fuck every nigger who want me but can't have me ! Dumb suckers keep trying ! Haha,1
See we need to find and beat the life outta these niggas who got #CrackKills trending. Nothing but DUMB FUCKS. Black Niggers these days -_-,1
black women go crazy for this nigga and it’s funny bc he don’t like you or your nigger naps!! find a new nigga to get ya pussy wet over!! nigga not even cute he look like a whole crackhead and that’s bc he is one!! y’all bitches dumb as FUCK,1
O.fg stop fucking texting this phone u dumb fuck faggot this aint tene u stupid nigger,1
"Girl im more colored than u and I dont talk so condescending. If u assume anything based on a persons race, that is racism, dont matter whos on the receiving end. ""All white people are self entitled, arrogant colonialists""...das racism, go read racsim in the dictionary please",1
@KnappSara it's talking not talkn go fuck another dumb nigger.,1
Go fuck yourself you piece of shit “@MeetMerleDixon: @VegetaTweet I agree it's a dumb nigger sport.”,1
Lmao u dumb! RT @K11Agee: What is the CIAA? Colored Imbeciles Athletic Assoc?? Lmao #racism,1
@Lady_Lolita you wanna say nigga but also wanna be able to say 'dumb nigger' if someone fucks up...¿De qué van?,1
If anything dick creates more problems than it solves.. so shut the fuck up dumb nigger!,1
"@tayyoung_: FUCK OBAMA, dumb ass nigger I don't usually stoop down to ignorance like you but if I was near you I would the shit outta u",1
"So you are saying That only black crimes aren't solved because black people are notorious for not having trust in police. So I guess with all the black on black crime in philly the past weekend, the police shouldn't do anything to try to solve it because black people hate them.",1
And not to mention what does democrats doing more for black people have anything to do with the past when republican states are the least educated and democratic states are the most educated,1
"They not Pac fans just anti-black RT @A_Flawed_King: Search ""Nigger"" on here. Some Pac fans are disgusting.",1
"UGLY ASS TRAILER TRASH RT @tayyoung_: FUCK OBAMA, dumb ass nigger",1
“@yourhighaj: @Kursory @MomoZoned HAHAHAHA FUCK YOU DUMB ASS NIGGER. YOUR THE REASON US WHITES HATE BLACK PEOPLE” Attention Seekers be like.,1
Racism is wen u select ur whites clothes to wash b4 d colored ones. Wash them together &amp; stop racism.,1
"In the span of 24 hours, two different men have asked me how many relationships I've been in. Got me wondering, how does this info change anything at all? Thinking about it, I rem that people have asked me about this in the past too.",1
stupid fucking nigger kid dancing in the middle of the street almost hit him fucking should have the little fuck hit my car.. dumb fucki ...,1
"Suck my cock stupid white bitchRT @tayyoung_: FUCK OBAMA, dumb ass nigger",1
@adamseeley1997 @TotalerReinfall @Dweller_Of_Anus you are so damn retarded what the fuck is wrong with you. I mean damn nigger how dumb,1
no ur the one who replied to this dead thread first,1
#bagheera #Maine #coon #black #cat #gatto #gato #chat https://t.co/9ZlSsGCYiU,1
@Oluwajoy88 Racism is when u select your White clothes 2 wash first before d Black Colored ones.. Don't be a racist! Wash thm all 2geda!,1
"“@tayyoung_: FUCK OBAMA, dumb ass nigger” she's salty af",1
U want 2 know Y @wbpictures hires white or light skin colored people cause blacks blend in 2 d shadows bad color contrast its art Not racism,1
there isn’t one and I doubt you’d know since this is the first time ur seeing a pride flag im so proud of you gowri sending you love,1
And the past is the past. Unless you think reparations and more free gimmies are gonna change anything along with 'abolishing suburbs' where a lot of my black friends live is retarded.,1
"I was really close to laying out the new black secuirty guard today, stupid dumb fuck nigger pissed me off.",1
"Nigger - A word so vile, so disgusting, that only black people can use it. http://www.opposingviews.com/i/society/education/kansas-board-education-member-steve-roberts-defends-using-n-word-video #mob #sgp #tcot #tlot #p2 #p21 #cspj",1
@Andrizzzzzzzle fuck your life dumb cock sucking nigger,1
U are concerned with a color ref in the game not even the quality of the refs....and introducing a colored ref does not have anything to do with stopping racism.....so ur point is born out of the same womb where racism is born....,1
"Unpopular opinion: black or white, joking or serious, saying nigger sounds disgusting period",1
"FUCK YOU dumb ass bitch RT @tayyoung_: FUCK OBAMA, dumb ass nigger",1
Some niggers are so fucking dumb these days why the fuck the got to be like this¿¿¿¿¿,1
"WOW I start yelling because char is starting the abuse and all of a sudden I get from him ""yer no better than some dumb as ducking nigger bitch"", "" you never shut the fuck up like some black bitch"". Wow just wow.",1
@JLiBby_ You're a dumb bitch who listens to nigger music and likes swag fags. Your opinion is irrelevant. Shut the fuck up. Raise standards.,1
"HOE you mad? damn right our PRESIDENT IS BLACK ,tf you gone do bouh it? he smartn than romney ass ""@tayyoung_: FUCK OBAMA, dumb ass nigger""",1
"Also it's quite amusing to piss dumb bitchy cock gobbling dumb cunt good for nothing degenerates like you. Get the fuck off you lying piece of shit. 'spamming dms with nigger', dumb ass you have Nazi work in your Roblox Rule 34.",1
Rickeh stop being dumb. Hell is a torture chamber. So obviously it's gonna be cold as hell for you niggers and hot as fuck for white folk.,1
"Ok RT @tayyoung_: FUCK OBAMA, dumb ass nigger",1
"(Acts 29:19234) FROM off the face of this world, as promised by God, see Amos 9:8, ""BEHOLD, the Eyes of the (Divine Supreme Hebraic Dark Skinned ""Golden"" Negro) Lord (God) are upon the (white devil's of Satan American and world) sinful kingdom (of Satan called a Christian world)",1
"@Mr200taxnjckson: Taylor on a scale from cracker to pretzel , how salty are you ? RT @tayyoung_: FUCK OBAMA, dumb ass nigger LMFAOOOOOOOO",1
"@sallyquinndc JUST GOES TO SHOW,U DON'T KNOW WHAT U THOUGHT U KNEW,,TOM BROKAW IS DEEPLY ROOTED WITH RACISM,IT'S IN HIS WHITE BLOOD FROM BIRTH,DARK COLORED BABIES,THE KEY TO MR.BROKAW MIND SET!!!",1
u were one of my first mutuals i think and ur an og,1
"@Humpdatleg Me, Mario Lopez, will NEVER love you, dumb bitch. I'll have my real nigger Khloe Kardashian fuck you up mains. Yeah!!!!!!!!!!!!!",1
34567-fuck u dumb nigger go sit in a hole,1
"@VH1PNUT no one you dumb nigger, shut the fuck up",1
I hope you dumb fucks registered to VOTE! Unless you niggers wanna be ran by thee illuminati,1
Colored? no wonder u cant see the racism!,1
Your sounding like a house Negro keeping the other so called Black people in check. Your basically saying listen to master (the white man lables),1
"You might know, a black woman that looks like she's done well with her life but still wants to bitch about things that happened in the past that Trump nor his supporters had anything to do with. But Democrats did. Hillary Clinton's mentor was a clan member, remember Robert Byrd?",1
First time u r appreciating a real action hero... And ur so called Indian Tony Jaa tiger can't even do a single stunt which @VidyutJammwal sir can.... Bollywood's one and only real action hero #VidyutJammwal,1
"I totally believe racism exists. Would be ignorant to not. But just Bc someone is insensitive or rude, i wouldn’t call them racist. I got called Uncle Tom and house negro, for admitting in class that blacks have the highest crime rate. And i know if a white person would...",1
Yall niggers can talk about Xbox and PS4s and call of duty and all that dumb shit but we cant be happy about Beyoncé? Fuck outta here,1
"Did I do things that are bad? Vaguely, yes. But also no... Also, Shane has never done anything wrong because the past doesn’t exist to us because we are too rich to have pasts and you should be paying attention to what matters, black li-My NEW MAKE UP LINE” #jeffreestar #shane",1
"#ISRAEL FOREVER BLOG/ Terror attack in #Jerusalem injures seven, #terrorist shot - http://t.co/sWeYLcUJSi - #ARAB",1
Fuck Haiti those dumb niggers expect to get everything given to them that's why they end up with 50000 dead :-)...typical freeloaders,1
@JTKlamm you dispute cause your a lil bitch go fuck your self nigger fucking awful cause you lose dumb detriment .,1
Ctfu So Tru >>>>>> “@FyoTweets: They be like so you said shut the fuck up you dumb nigger Haha I be weak when they say the Shit you said”,1
@iMoRTaLMonkeyyy @BrokenTourneys its simple math u dumb black nigger ass hoe pussy bitch dumb fuck cunt,1
It definitely is a slur today. White people called Black people Negro in the 50's and 60's. We called ourselves Black since the 70's when I was growing up.,1
Because a famous white guy went on a black radio show and called him a negro,1
the way the “revolution” has been completely hijacked by dancing for the white man negros and so called allies.,1
People don’t even know what there saying anymore. You sound stupid as fuck. Hahaha but that’s ok even though you and me don’t understand each other I’m just going to stop getting beat for some dumb nigger. I’m not even saying I’m rases because I love black people and white evenly,1
"@tayyoung_: FUCK OBAMA, dumb ass nigger&lt;&lt; pic.twitter.com/wUuPSEr",1
@ohhellnojessica @comemitoto NIGGER like anyone needs permission to say it you dumb fuck . Un follow her if your gonna bitch about a tweet.,1
"Finally ,FIR has been lodged against Rhea chakrabarty,,,,earlier i had posted one post on ur account vivek sir ,""""JCB ki khudaayi karo"""".....C is over ,....J &amp; B still remaining....just wait n watch as a criminal lawyer much of the theory was clear on the first day itself..",1
Dumb fuckin' niggers in Flint. Holy fuck.,1
"@InkUp4Lyfe: STINKY PUSSY ONCE AH MONTH BLEEDING HOE!! RT @tayyoung_: FUCK OBAMA, dumb ass nigger lmaaoo",1
You mad bro? RT @Colton_Zappe: Fuck that dumb nigger Obama,1
"this girl on tumblr said she hates black ppl and wishes a plague wiped us all out? and she said niggers 0_o, go fall off a bridge dumb fuck!",1
@FreeOnrii Fuck Dr.Dre though. Stupid fuckboy. We're never gonna hear Detox cause of dumb nigger kids buying his headphones,1
No one cares ahout ur opinion if u put Nicki first,1
Hey and what’s up with the Black Panther video I’m seeing. Is that for real? Seems a peaceful anything is long past.,1
i miss you too fuck outta here dumb lying ass motherfukin stupid ass nigger like fuck u think u doin... — sigh http://ask.fm/a/dh3ccb9,1
"How could one thing I have stated over the past two days been construed as an attempt to ""derail"" BLM. If anything I'm advocating for BLM to become bigger, stronger and expand their reach to make important changes in the lives of all black citizens in the United States.",1
"Steve Harvey should be executed, fuckin’ dumb-nigger. (I’m Black, btw) sensitive, fucks !",1
IF U DID I WOULD PIN IT.... god ur one of the first people on atla twitter i can stand thabk u for being right the time,1
"Perhaps you could look up what ""peaceably assemble"" actually means, because it sure as hell doesn't mean what you think it does. Violence of any kind ends one's first amendment rights, as well as a host of others. Once u cross the line to violence, ur a criminal, not a protestor.",1
@KenEdJnr @BallonDorrr dude ain't ur fucking nigger got that cause if u around I would latterly drop in the icu u dumb fuck,1
*Their * dumb ass nigger and fuck your team @ShannonBrown,1
"Shit like this pisses my SOUL off RT @beckhamishere: “@tayyoung_: FUCK OBAMA, dumb ass nigger”bitch suck our black nigger dicks",1
fuck are you saying dumb nigger,1
"White people lectured black people for YEARS saying black people needed to go to school, go to college, get married &amp; THEN have kids. Michelle Obama did all of that &amp; she was still called just a baby mama! #movinggoalposts Meghan could be perfect &amp; they would still hate her!",1
@Caloulou52 shut the fuck up you dumb nigger ! Before I fucking tie you to a treat and beat you senseless ! Ughh,1
Look at you.. Now look at us.. ..All my niggers look dumb as fuck!!!,1
@biebersddI: @chrisbrown shut the fuck up niggerdumb hoes these days smh,1
“all this hatred” are u kidding... white ppl have the LEAST problems compared to our colored people. help build a future for the brown boys &amp; girls who will be hit with racism &amp; difficulties due to their skin instead of worrying how to make UR LIVES even better than it already is,1
"@tayyoung_: FUCK OBAMA, dumb ass nigger...you a dumbass lil bitch",1
"We dumb as fuck""@SeKosher: Unsubscribing as one of your niggers. @DatBreaux: Look at you, now look at us, All my niggas look dumb as fuck.""",1
@senetics @clankadank @brxndie @FBI @CIA @FBILosAngeles Nigger means ignorant you dumb fuck.,1
"RT @RacistTom Your #Vick is losing, nigger. &lt;webb and peterson winnin, and the coach black...dumb fuck",1
@DrFathm @CarbbyFX I will fuck right off fag got BETTER people to play with unlike you dumb neff nigger ass peace,1
@PsyQo_saKen I see how you just straight ignore a nigga now. Fuck you dumb fucking nigger,1
"If you cant live it down, might as well live up! RT @tayyoung_: FUCK OBAMA, dumb ass nigger",1
"Durris got me spelling shit all wrong and stuff, tryna make me look like a dumb nigger. Fuck him.",1
@TG__Georgee: @AyyJesus @jesuswlks NIGGER YOU DUMB FUCK thanks foo. I was aboutta rip his fake ass contacts out,1
"Cap brought nothing to the table but a money maker for him. Look into his past. Before he was cut to second string did he do anything for the Black community? He was making tons of cash, where did it go? I haven’t found anything. Then he gets cut and becomes an SJW. Seriously!",1
YEAH THEY MAD AS SHIT LMAO “@BiteTheseTweets YOU MAD ? RT @Colton_Zappe: Fuck that dumb nigger Obama”,1
"Just read some really disgusting shit on a ska forum about not hating black people but hating ""niggers""",1
"Not true elise..it isn't the N-word. Yet in America, the word Negro is kind of offensive, but only when we are called that. Whites referring to themselves as the English White, while calling us black in Spanish, was done to remind us that we weren't their equal opposites.",1
"`` its my power- Ack! Every time i use it it hurts physically. I need something. . . anything to stop this headache! ´´ He fell to his knees, just when a sudden black pointed rock had shot up. Almost past his face. ! `` okay we need to hurry!´´ https://twitter.com/HISMUSICIAN__/status/1282478848127442944",1
"@HUNNTTT yes because dumb fuck ass tuslaw want to call us ""NIGGERS"" on insta !? they dumb af !",1
@DSmithRB_04 @rid3forum you just look like every other nigger. Stupid annoying and dumb as fuck,1
Get with the narrative. Anything bad done in the past by white people is inexcusable. Bad things done in the past by black and Arab people is excusable. Do you see how this works now?,1
"6/ affluence, wherewithal & autonomy. Some called it the rise of the “New Negro,” no longer subservient to white people. If only.... #BlackLivesMatter #Peace #PeacefulProtest You want to really understand why POC, you/we are protesting read this article #History",1
"“@ErbdyLoveChris: Fuck yo momma DUMB ASS BITCH!! RT @tayyoung_: FUCK OBAMA, dumb ass nigger” thats bout a stupid bxxch",1
Yo lets clear sumthing up riley cooper aint say niggas he said niggers so for for all u dumb fucks that say his teammates probably say it,1
@fuck_sam_ @ch4itea @feelmeflowin yeah bitch i like girls not winners of the uk lil wayne look alike contest. Gtfo dumb nigger bitch,1
"I'm aware that people said that Beethoven ""looked black"" with ""thick lips"" but that's racism. White people CAN have ""black triats"" and contemporaries would have just called him a negro instead of saying that he didn't ""look German""",1
@myntra @_Amar_N actually you are working thats way after escalating the issue last two days no reply and @EcomExpress_Ofc told ur not first one we re getting plenty of issues from Myntra,1
"Answering you word for word now ur upset and ur talking about bridge building, first don't talk down on people, whether we present one million candidates ur own is to make a good choice out of the many not to talk down on Igbo. No matter how bad the economy is Igbo man won't beg",1
"@Im_Soo_Haitian Haitian are fucking ugly, nasty, black as fuck, and just straight up disgusting. We need to kill all the niggers!",1
"@Tha_Real_L No nigger, your idol wishes she was White. The fuck outta here, you dumb coon=====&gt;",1
@razb2k I HEARD YOU GOT KNOCKED THE FUCK OUT LOL!!!!!!!!! DUMB ASS NIGGER. TRICKS ARE FOR KIDS!!!!!!!!!!,1
Haha fuck you obama looks like your gun control failed dumb nigger,1
Fucking Nigger won again. &lt;----- fuck pussy ass bitches that say dumb shit like this are racist. Anyone disagree?,1
Yes the Bible explains this point made below as well. So called Blacks Hispanics of negro desent and natives are Hebrew Israelites of the Bible which Edom the white man stole our Identity. Israelites read your bible n know your true nationality God named you not bywords u go by.,1
"Woooooooooow this listener letter tho......niggers really ain't shit ""all you're good for is being dumb and getting hit by a car"" fuck him",1
@CrazyRonIsHere @coralfanatic SINCE WHEN AM I THE DUMB ONE? FUCK YOU KIKE NIGGER DICK SUCKING ASSHOLE REAMING RADIOACTIVE JAPANESE FAGGOTS!!,1
"The Klan waste gas and money, even rent out venues and have conventions just to meet up and talk about how they hate niggers..lol dumb fucks",1
A waste of space. Idiot dumb jock nigger stupid Dorkien ass hole ugly fuck boy lame ass.,1
"Randomly enjoying gsl then some dumb fuck mod bans me for no reason but won't ban the guy spamming ""nigger"" #gsl http://i.imgur.com/4Tmh8Mj.png gj",1
You 2 dumb ugly fuck nigger name wayne positive Trash soft ass nigga pic.twitter.com/PPhyQ52q5u,1
"“@trashbitch69: I usually dont fuck niggers but i'll let you fuck me if you pay for my college tuition"" fse tf is to u , u sound dumb asl",1
"Was it their property? If they were so concerned they should have called the police. Oh that's right they did and they were told to stay where they were and let law enforcement handle it. But nooooooo that white privilege kicked in. ""We gonna get that negro.""",1
"God bless you daughter. :) RT @tayyoung_ FUCK OBAMA, dumb ass nigger",1
"“@tayyoung_: FUCK OBAMA, dumb ass nigger” &lt;--- look at white people - Kat Williams voice -",1
UPGRADES PEOPLE UPGRADES! ur first drawing was amazing to btw but the second one is still better,1
LEXI. IS. JUST. A. DUMB. DIRTY. SLUT. NIGGER. CUNT. STANK. ASS. BITCH. FUCK !,1
"K ""@tayyoung_ FUCK OBAMA, dumb ass nigger""",1
@seanhannity HEY DUMB FUCK. Shut up about Obama's sperm bank. My wife listens to your dribble. She downloaded the photo. Now she thinks nigger is the hottest thing around. AND WON'T LET ME FORGET IT. Last night before bed she said she wished she could vot,1
You make me not wanna be black u dumb fuck nigga RT @FeeelGreatness Lol I'm one Hilarious Nigger.,1
"“@tayyoung_: FUCK OBAMA, dumb ass nigger” I hope you die, that's why ya mom never loved you !",1
"My cuz married and made babies with a white girl. After 5 yrs she left him and called the cops on him to get the rest of her things out the house and told the cops she feared for her life. He was dumbfounded. And he still chasing her now like a pet negro, dumb ass.",1
@solvated @frags6 fuck off your that dumb nigger,1
@GottaLuvCarma actually bitch your irrelevant.. fuck you and that dumb nigger..Obama who knows where he came from ?he's mixed race anyway,1
After you defended Bernardo Silva? Chief you need to be quiet now. You can’t pick and choose moments for clear and obvious racism. You’re looking foolish right about now. I had your back until the Silva incident.,1
@GoldHarvest_MLP your a nigger dumb fuck,1
"You seem upset “@tayyoung_ FUCK OBAMA, dumb ass nigger”",1
Frog on a unicycle meme. You niggers are dumb as fuck.,1
@Tridents_300 Get fucking cancer you fucking retard nigger no one loves you fuck out my mentions you dumb bitch stop sign lookin ass,1
@realDonaldTrump YO DUMB FUCK! STOP YOUR BULLSHIT NOW! YOU ARE **NOT** NIGGER PUTIN! CEASE &amp; DESIST VIOLENCE AGAINST ALL AMERICANS NOW OR FACE THE MUSIC! VETERANS &amp; MILITARY ACROSS AMERICA R AGAINST YOUR COWARD ARSE! THOSE ARE OUR CHILDREN &amp; F,1
"@tayyoung_: FUCK OBAMA, dumb ass niggerrude!",1
"STUPID BITCH GO SWALLOW A SICK DICK! ""@tayyoung_: FUCK OBAMA, dumb ass nigger""",1
Y’all too much...can’t even handle being called out for racist shit on Twitter and yet you NEED a MARTIN LUTHER KING JR! Hey @DickieV...Black folx NEED white folx to stop looking for the next negro savior and GET TO WORK ON CHALLENGING RACISM IN YOUR OWN COMMUNITY,1
"@usainbolt Your slow as FUCK you dumb nigger Fuck you I could smoke you in a race,and also your a cocky nigger and u look like a fucking ape",1
Why the fuck is Obama on et? He need to do his fucking job . What a dumb ass nigger,1
"I hate when ppl say “ what if ur mom aborted you???!!” As a comeback for pro life, first off NOTHING BC IM DEAD LMAOOOOOOOOOOO Mf what u want me to do ? Let my pea size self mourn my own death? Shitt move on to my next life bruv, this one was not ment for me",1
"Bitch you look like a goomba from Mario Brothers.“@tayyoung_ FUCK OBAMA, dumb ass nigger”",1
@iamdiddy ur such a dumb nigger..fuckin herb fuck you and bad boy! S M A R T,1
'Who do you want to be Dallas new quarter back?' 'Id like the dumb fuck nigger from West Virginia',1
"I love the groove/sampling/inventiveness/vocal styling of most Hip Hop, Rap etc, but why does so much dumb down it's obvious qualities with the constant use of 'Fuck, bitch, pussy, shit, MF, nigger' in the lyric? It's not that I find it offensive it's just lazy and tiresome.",1
"@AshokaVanKluyve hey you dumb fuck definition of nigger: a person of any race or origin regarded as contemptible, inferior, ignorant, etc.",1
"!!!!! RT @RandallRamirez: Bruh black (nigger) people sex just looks fucking disgusting as fuck, even through a pic SMH",1
"It's true. There is a book called the ""Delectable Negro"" and they talk about when white people conquered and killed people in wars they ate them because they believed that by devoring them they became them. Really sick.",1
"U don't think its messed up that us colored ppl gotta tell our kids at a very young age about racism agaisnt them bc of their skin! Do u really think white ppl do that? No, they breed them thinking they OWN the world.",1
Broad got disrespectful while I was at work over the phone lines. I couldnt even get a chance to help her before she called me a dumb nigger. I wanted to get out of character so bad but I hung up. Fuck all that,1
"A friend of mine who's very dark put a turban on his head and went into a restaurant in Atlanta before they called themselves desegregated. He went into a white restaurant, he sat down, they served him, and he said, ""What would happen if a Negro came in here?",1
UR THE ONE THAT BLOCKED ME IN THE FIRST PLACE!!!!!!!!!,1
@Ms1primadona shut tha fuck up u dumb ass nigger,1
"Your right on the first point, I’ll apologise for that one. But to have a Canadian say it’s irrelevant if we are called British is idiotic. our plugs? you lot are basically Americans. A majority of ur country has the same accent and is far more indoctrinated in us culture.",1
"Good morning hoes , cunts , dick riders, pot heads , saps, dumb fucks, bitches , niggers, and the rest of y'all .",1
@LLCoolJami fuck a follower U dumb nigger ! U r a follower ! Following gossip and propaganda ! And then U have the nerve to come at a legend,1
you sound dumb as fuck. #outchyea #niggers #ebonics #justspeakenglish http://instagram.com/p/bbQfUgHB6H/,1
"Hell yeah “@VivaLa_Playboi: Ima Fuck this Bitch Up!! ~~~~&gt; RT @tayyoung_: FUCK OBAMA, dumb ass nigger”",1
RT @RoleeModel: I hate when niggas try to talk to me ð I don't be wanting y'all asses,1
All you mofos that play ball need to go to Pistol school because you end up looking like dumb niggers. MJs the best....Dr J....fuck you niggers,1
"I need a go hard white bittie like that on the squad. One that’ll get mad & call me a nigger, just so I can hate fuck her lil dumb ass.",1
dont understand how u can have the whole entire world and then do some dumb shit and fuck it all up smh #niggers,1
"RT @tayyoung_: FUCK OBAMA, dumb ass nigger &lt; Ya Mama dumb for letting yo daddy cum in her.. should have took u to da Face!!!!!",1
"@createdCash_: @tayyoung_: FUCK OBAMA, dumb ass nigger""rude!""u fucking joker look bitch watch ur mouth",1
"Only person that's still being a dumb dickwad is D'Undre . But fuck him . Big lip , buttfucking nigger .",1
On my story I be talking about y’all lil boys and y’all be the first one u and ur lil hbs look at my story .,1
"tbh, sequels always ruin the fun for me whenever i loved a film/book esp if ur rooting for the main love interest in the first one. like can they just experience a normal relationship hurdle w/o any cheating involved? that and not constucting another unnecessary love triangle",1
Fuck you! You dumb nigger bitch!!,1
"Also, Buckley, who founded your @NRO, proudly backed white supremacy, saying ""more advanced race"" must stop blacks from voting to preserve civilization what he called “Negro backwardness.” You're going to be famous for lying, Mr. Radosh, unless correction comes soon. Tik Tok.",1
@RacistAfricans fuck up. You opinion is voided after your insensitive word choice. Dumb ass group. Nigger=ancient Egyptian for king.,1
DeNiro you just died nobody will ever care about you again not homo fuck off and burn in this napalm hell i made for you -god and everything else you built with your right hand you dumb fuck nigger Daylin Abraham Collins The President1 Robert DeNiro the DUMB FUCK NIGGER.end,1
Judging what the left had done in the past month (15 dead mostly black children) do you blame him from stating what he thought was true. No one says anything to you when you judged me.,1
I don't give a damn about pride month or gay slang because my sexuality doesn't define my interests or the way I speak Also you think I owe anything to some random black trans woman on the street because she happens to share the skin color/gender identity as past activists? No.,1
Uthi why ngik'thanda so? RT @BootyNDaBrain Lol I can't fuck a dumb nigger! No matter how cute he is hey? My juices are stimulated by,1
“@brittd1178: Everybody get out and vote so we can get this nigger out of office!” Bitch you dumb as fuck,1
"Fuck these bitch ass niggers , how yall doing? Im the tunechi, im a nuisance, i go stupid, i go dumb like the three stoogies",1
@JR4_07 @TweakMonster dumb fucks....go suck ya mammy dick bitch cus yall a bunch of lames.....stupid boys.....go read..uuugghh dumb niggers,1
rt @Shaila_Miller Fuck all yall who didn't wanna bring us to rbar. Dumb niggers!! [are you angry missy?],1
"FUCK @PippiLongCockEm: if a bitch had yur nigger before yuh.. fuck is yur prahlem.. i mean really.. yuh gah him now, right.. dumb ass bit...",1
"FUCK YOU BITCH RT @tayyoung_: FUCK OBAMA, dumb ass nigger",1
"Some lady cut us off Coworker ""damn bitch why don't you watch where the fuck you going, yea you dumb bitch, stupid fucking nigger""",1
"Who mentioned anything about shootings? Oh, there are just so many problems in America you are getting confused! Colombia was a killer in the late 1400’s. Don’t let the past dictate our future, and dont avoid the issues we face. There are so many problems, you are one for sure",1
@iJever nigger and white are two different things you racist dumb fuck. shut up and go back to your moms basement.,1
"@JetMissQueen @faiIgifs um, go watch the fucking video again you dumb ass black cunts, he's a nigger. FUCK YOU",1
#Eagles got me laughing so hard lol to funny this team is just ALL DUMB ASS NIGGERS!!! IM SORRY BUTS IT'S TRUE THEY DO NOT GIVE A FUCK!!,1
@therashaun Why don't you learn some fuckin respect for a lady you little nigger bitch. She's 18 dumb fuck and she could whoop your ass.,1
@matthewjones90 fuck up dumb ass nigger,1
"“@tayyoung_: FUCK OBAMA, dumb ass nigger” pic.twitter.com/tFDgDcG",1
WHY THE FUCK ARE YOU BLANK TWEETING ME YOU FUCKING DUMB NIGGER I KNOW YOU SHOOT BLANKS,1
Rodger sone called rollen Martin a fat negro! On Twitter! This is the piece of shit trump likes! Openly racist old white men,1
"“@DPride12: We have another one RT @_KeshiaCOLD: You mad? “@tayyoung_: FUCK OBAMA, dumb ass nigger””get em!",1
"I'm referring specifically to ""whatever"" because it's dismissive. I guess I should have compared it to someone from Puerto Rico being called a ""negro"" or ""mexican"" by a white man; literally any other lazy attempt to categorize folks they don't want to understand.",1
"And if, for a jiffy, you gon think that I’m some privileged white ass, gurl I’m a middle-class Filipino citizen who lives in an island called “Negros”.",1
"It be yo own ppl... that envy u, that’s jealous of u, that wish bad on u, sneak diss u, and pray on yo down fall... Will be the first one shedding fake tears &amp; showing fake love at ur funeral",1
@ry_colganator18 I didn't call you a nigger dumb fuck,1
You missed the point of the tweet I never said people couldn’t grow. That’s what the black community wants more than anything. That’s literally the point of the movements. I’m js I see why in the past she probably associated herself with her ex. Clarified enough?,1
"Yes I did and it caught my attention. You know, racism manifests itself at so many levels.The reason Josephine Baker fled the U. S. was because Europeans saw her as an incredible performer as apposed to here in the U.S. Here she was just a colored dancer. Great work Laura.",1
"right ""@JoshStifler: Lynch you?... Nah God bless you RT @lucyrouxheaux Smh how ignorant are you RT @tayyoung_: FUCK OBAMA, dumb ass nigger""",1
Its you're u dumb fuck nigga you cant spell what a shame nigger RT @RomeoMiller: The best place to be if your a loner.. http://instagr.am/p/SquscNjoJL/,1
I don’t understand why bringing awareness to BLM movement makes this gentlemen think him or his kids are paying for anything in anyway. You can acknowledge the past and recognize it’s led to an unfair world for black people and that doesn’t cost you anything.,1
"@Swagkidfromva If you don't know me, why in the actual fuck are you (or were you) following me, dumb nigger?",1
"“@tayyoung_: FUCK OBAMA, dumb ass nigger”. &lt;&lt;&lt; go drink some bleach",1
@XXLtina: RT if you think all niggers belong in barns! &lt;3 &amp;&amp; you belong dead you dumb fuck .,1
"I'm Doneee ! RT @MirLagerfield Abercrombie has ""Nigger Brown"" Colored Cargo pants ? Racism is still alive man #SMMFH",1
@VALVe_CEO_Gabe Fix your dumb ass glitchy steam shit you retarded nigger fuck.,1
stolen from ava drop a dot n i’ll give u an emoji = luv ur pinned = i love seeing u on the tl = ILYSM = want to be friends with u = i stalked ur acc = i consider u as one of my fave moots = you’re sweet = would do anything for u = first time i see you,1
Kanye West: ‘Planned Parenthoods Have Been Placed Inside Cities by White Supremacists to Do the Devil’s Work‘ https://www.breitbart.com/entertainment/2020/07/08/kanye-west-planned-parenthoods-have-been-placed-inside-cities-by-white-supremacists-to-do-the-devils-work/ via @BreitbartNews Black community was targeted &amp; called The Negro Project to give unfettered access to abortions. Why would that be,1
"You dumb bitch. My grandpa told me he was called a nigger multiple times in times of segregation bc if you weren’t white you wasnt right simple as that, as much as y’all want it to be “yours” YALL aint entitled to shit especially a fucking word of SLANG get the fuck over it",1
"!!!!!!! “@ItsMego_: “@tayyoung_: FUCK OBAMA, dumb ass nigger” FUCK YOU HOE !!!!!!!! #TeamOBAMA ”",1
"Epitome of ""nigger"" RT @CheesusSlice: Maurice Clarett dumb as fuck",1
You 2 dumb ugly nigger name Wayne Positive trash soft ass nigga black brown fuck red and white dumb ugly fuck pic.twitter.com/9G3RlPh1Wt,1
@lovemeharder69 @ShonTheDon909 You nasty ass nigger lover!!! You disgusting latina! Sellout!! Fuck them black M.F.,1
I like that comment because u say that hes the second one so i imagine that the first is messi but u dont say that cr7 is trash just to promote messi. With that comment we can see that ur not 13-14 years old. Not like the little Liams that say peNaLdO in every cr7 photo.,1
“@SainsburyNews: Fuck off Danny Welbeck you fucking black cunt. Nigger.” @metpoliceuk Disgusting. Absolutely no justification for this.,1
It's racist to say my president is black but y'all call him a nigger shut the fuck up dumb asses,1
Hey I'm white not a fucking nigger you dumb fuck,1
You prefer to be called a nigga by a white person? Like my nigga my slave my lil negro???,1
"Troll looking ass fat bitch RT @ItsMego_: “@tayyoung_: FUCK OBAMA, dumb ass nigger” FUCK YOU HOE !!!!!!!! #TeamOBAMA",1
"come say that shit to a NIGGERS face? no? shut the fuck up dumbass ""@tayyoung_ FUCK OBAMA, dumb ass nigger""",1
and to say race has nothing to do with it....... BLACK LESBAINS EXIST POC LESBIANS EXISTZkclskdl to say that they were bringing race into it where it doesn't belong??? just say u can't acknowledge anything past ur white perspective.,1
"@MtDew360NoScope Shut the Fuck up, dumb ass. I'm black. I'll say nigger if I damn well please. Also, the way I used it was inoffensive.",1
"I was gonna say, if the past two months have proven anything.",1
"Hmm.. over 50years ago, it was: Whites only: we (the negro Americans as they called us) were pissed!!!!!!!! 50years later: its Mask only &amp; white ameriKKKa is pissed off! Karma is a b!tch .... It’s time to really come together #AllRace .. we can fight x beat this",1
Mmusi is the epitome of house nigger. Beyond redemption &amp; unable to apply his grey matter from a black man's perspective. Disgusting.,1
"Nigger is what slave owners said Nigga is what some dumb fucks made up did they say ""what are you looking at nigga""? I don't think so",1
"My dad: ""how'd that dumb nigger Obama betray us now?"" Me: ""…"" Dad: ""don't you dare call me a racist because it's true."" Fuck my parents.",1
Allow bomb on first play of their last possession. Fuck you. Learn some fucking football IQ Defense your all fucking dumb niggers,1
fuck some gucci.. niggers is DUMB.,1
"Yall love suck our dick ""dumb bitch"" RT @marilyn_misery: The only thing worse then a #nigger are the white girls who date/fuck them.",1
"How large is it? U ever did any investigation about the number? Discrimination on yellow colored people has been existing for hundreds of year in white world or cultures, it’s not right to throw the reasons of racism towards yellow people on ill-mannered tourists from my country",1
@ChristianMato breaking rules is breaking rules. Dumb niggers lol. PSU actually has kids that give a fuck. OSU are thugs.,1
I grew up in a very liberal but also white part of the US when there were a lot of commercials on TV from the United Negro College Fund—which is still called that—and parents and teachers had to tell kids that no matter what they saw on TV you cannot call people Negroes,1
"From one Texan to another. You’re in East Texas, a part of Texas that is still “blind” to the times. I’m sure you don’t want to be called Honkie, or gringa/o or cracker? It doesn’t matter if he was “polite”. The word negro is just a white mans PC way of using the N-word.",1
"Girls who still fuck with niggers who expose other girls or have exposed girls before, you bitches are just dumb bitches simple.",1
@jdbonga no but if he fuck your mother its what a nigger did! You dumb white bitch! Old fucking pedophile! You suck loser hahahahahahahahaha,1
I called dibs on kali swag so back the fuck off you dumb niggers. Lol,1
Hey Hey Hey ! Not me. RT @RugerRet: Im sayin tho you jersey niggers spamming the fuck outta me RT @Its_YassyPOOH Tired of the Dumb Ass DMs !,1
"lls 4 more years lil cracker. RT @tayyoung_: FUCK OBAMA, dumb ass nigger",1
"FUK YA PUSSY ASS CRACKA, OBAMA WON !!! OBAMA WON DAT SHIT MANE !!! (WEBBIE VC) RT @tayyoung_: FUCK OBAMA, dumb ass nigger",1
“@rpgsavage33: @Dumb_Wavey I'm getting swole hitting that gym dnt fuck wit me nigger” dats nice,1
@GeenieYoung @fuck__jonathan @fckuupaymee how yu claim you mii girl nd call me a dumb nigger ! But obviously im smarter than you #NOlife,1
"Let me find out you mad tho! RT @tayyoung_: FUCK OBAMA, dumb ass nigger",1
"Smh all you people say Mayweather is a ""dirty Nigger"" for doing that are dumb as fuck! if it was Ortiz yall woulda said ""that was a good hit",1
@vivianomgg I should come beat your racist ass you disgusting below dirt disgrace of a human being! Did I just see a post with you saying something about NIGGERS going to far Girl I bet your bad ass won’t post nor send your addy You wouldn’t dare addr,1
ur friend prob got to champions league already and lost points and there was 2 box fight events the second one was locked if u didn’t do good in the first one,1
"RT @Chippydagod: planking is for dumb niggers, did yall know thats what the master use to do to blak slaves. Black people wake the fuck up!!",1
"To date there's no evidence that the muder of George Floyd had anything to do with race. Nothing from cops past, nothing during the incident, no profiling (police called). The officer was a bad white cop that murdered someone that's black. Assumption is then racially motivated",1
Happy niggers day lol really? MLK did so fuckin much. He deserves respect dumb fuck. While you go no where with your life.,1
RT @lilmikelike @dpope363 ...does everything have to b a black thing ? Hahahaha #racism lol my bad bro but u my only colored friend lol,1
Cc @MpanzThabiso @lindo_dimple @sihle_siphe Bros these niggers dumb as fuck look,1
RT @MikeSimsWalker: RT @SamJags: @MikeSimsWalker FUCK YOU DUMB NIGGER!!!! JAGS SUCK FUCK YOU!!!!!&lt;Wow! Woooow.,1
"@Hudgens_11: Lets get drunk, get blowed, spit shit spark blunts &amp; fuck hoes! Bro white dudes have no chill.",1
"Get on my level, son! #funrun2 #Pepcman #coon #YOMAMA http://t.co/iaCVwtNDcX",1
@Xbox @XboxSupport FUCK YOU FOR TAKING AWAY MY COMMUNICATIONS YOU DUMB FUCKING NIGGERS NECK YOURSELF PUSSY'S,1
Stop being racist to me on call of duty. You gone feel dumb as fuck after I scrape yo ass then call you a pale nigger,1
FUCK THIS PLACE AND ALL THE DUMB FUCKING NIGGERS I DONT GIVE A FUCK GOD KILL ME NOW,1
I refuse to step foot in Hip Hop Chicken. Them fuck ass egyptians profiting off you dumb niggers. I will not drink the koolaid.,1
“@LocaJae: He everythinggggggg xx”bet he has sex with you and leaves to fuck his other bitches dumb nigger,1
Shut the fuck up with yo wanna be white ass you ain't nothing but a house nigger dumb fuck,1
This has nothing to do with trump you dumb fuck. Niggers shouldn't go to peoples towns call them rednecks and threaten them with a race war if they don't want folks to show up to defend themselves.,1
RT @jden1120: RT @LEXXAthePinUp: @jden1120 lil what is yo dumb ass talkin about?-fuck off nigger girl&lt; suck my dick HOE!,1
"smh I need to stop tweeting this personal & emotional shit, no one gives a fuck u dumb nigger",1
@JoeyEssex_ @Mikespencer1 @Chloe_Sims nigger you so high nigger die? you dumb fuck.,1
Hey essstrasss...get outta here w that noyzze. Dumb shit cunt fuck nigger! Ahaha right @cjoie?,1
"Lmao RT @azizamichelle: Why are the niggers now adding ""idc idc idc"" what dumb fuck rapper says this in a song?",1
@LoLosWay I don't want to see a pic of your dumb nigger ass bitch fuck off,1
"if anything is already a relic of the past then it isn't just to be picked apart. taking things at it's ultimate value and being acquainted with the textures and the seams is just as important as black magic. the past, present and future are all one.",1
fuck u mean? u dumb fuck. @Daniel_Petty990 Haha the niggers are blowing up my twitter! Hahaha I think I offended the monkeys,1
"You don't honestly believe that. If you have black friends, run this past them. Many black people in Canada have slavery in their family tree. So, seeds of racism never grow to be anything more than racism. Whitewashing something doesn't change that.",1
@GuysPIctures fuck Lincoln dumb nigger. Lover,1
"Who? Sarah? She didn’t say anything for a long time bc her black stans asked her not to but to amplify other black voices bc she has such a large platform. When the time was right, she did speak. &amp; she continues her path of education about black issues far past the moment. NEXT!",1
“@yourhighaj: @Kursory @MomoZoned HAHAHAHA FUCK YOU DUMB ASS NIGGER. YOUR THE REASON US WHITES HATE BLACK PEOPLE” it's baddddd,1
"Its kinda like a nigger yu fuck with jus cos he has money, regardless of how dumb AF he is. https://twitter.com/xsevynsins/status/796154412150321152",1
Why the FUCK did Jason just ask me if I'm about to go to the store?? Does it look like I'm going to the store? You dumb nigger,1
@TheSnowflakeee fuck them dumb NIGGERS!,1
@kyleedoo @SmithKayt fuck you dumb nigger. #Truth,1
"@topdollaraz every race has a beautiful history, ""nigga"" is not a black term, it derived from ""nigger"" which is a disgusting black term",1
RT @Rapmonster: fuck some gucci.. niggers is DUMB.,1
Bitch you shit was on ma feed... like what the fuck ... its not even Tuesday here... dumb niggers retweeting obviously https://twitter.com/ashleymonrosm/status/1017092316752990210,1
@PayneOriginal @itsfornarry @xCococha wHO CARES ABOUT GIRLS OMFG THAT'S NOT THE FUCKING POINT U DUMB FUCK CARROT ASS BITCH FUCK NIGGER,1
"I used to want to be a cop but definitely not anymore lol once u kill a different colored person, half the nation thinks it was bc of racism",1
"Greetings. You might read the satirical book ""Nappy-Headed Negro Syndrome."" It presents good commentary on this fear, especially white people and their being called ""white."" (It's free, too, by PDF or available on Amazon.)",1
"Fuck you bitch!!!! ""@Colton_Zappe: Fuck that dumb nigger Obama""",1
"@anth8814 your refuring to gay people as ""puffs"" and black people as ""niggers"". All you are is a homophobic racist. #disgusting",1
fuck me in the ass you dumb nigger loving hoolagin,1
"Sallllt. RT @kaytrendyme_: VERY mad. RT @bello_xo: you mad though. RT @tayyoung_: FUCK OBAMA, dumb ass nigger",1
Answer my sc dumb bitch — FUCK YOU NIGGER ASS PORCH MONKEY https://curiouscat.me/2985163862/post/73801018?t=1484016114,1
@Legacy_Turtle @PumasComp @Claw_sheesh Cause He's West Like Me Dumb Fuck Get Blocked Pussy Ass Nigger,1
@maggiesmithh man fuck these bitch ass niggers how yall doin im lil tenuchi im a nuissance i go dumb like the 3 stooges,1
RT @MikeSimsWalker RT@SamJags: @MikeSimsWalker FUCK YOU DUMB NIGGER!!!! JAGS SUCK FUCK YOU!!!!!&lt;Wow! //sky u winnin like dat keep it up! smh,1
"we love the hate, Precious RT @tayyoung_: FUCK OBAMA, dumb ass nigger",1
@trvpcocaine I'm mixed you dumb fuck nigger,1
"Lol ! She salty ---->> RT ""@tayyoung_: FUCK OBAMA, dumb ass nigger""",1
@BlackkeyCartel WHAT THE FUCK....SLAP THAT DUMB NIGGER BOI,1
"The africans who weren't enslaved still suffered and went through colonization dumb cunt, we were called niggers in our own land. ""black experience "" some of you AA are so bloody stupid. I'm african, if I was walking on the streets of murica ima still get called nigger fuck you.",1
“@Colton_Zappe: Fuck that dumb nigger Obama” you have to be enraged right? Hahaha #ObamaBiden2012,1
"his son's black hair I can look past ignorance of the genetics of hair color but that's just a blatant lying exaggeration that utterly discredits anything you say for the sake of an ""insult"" that doesn't even land. Well played dumbass.",1
Nigga shouldn't be in a phone dictionary. But neither the fuck should NIGGER! dumb nigga @thescoop1,1
"Wait, wait, wait. So white folks can't help being racist? I am asking bc me & mine have been saying that for years - like, we think racism is bred in your genes; kind of like ur yellow hair &amp; strangely colored eyes. If u could shout out an affirmative, we'd surely appreciate it.",1
@pommyhua OMGOMG i have so much 2 say... okok first off ur like? the person im probably closest to and UGHH ur so sweet?? and funny??? i think ur probably one of my favourite moots ur just so lovely to talk to ily /p,1
nothing malicious about the pic at all. They are magnifying the racism picture&amp; not thinking that u have more colored friends,1
"How is it that iHave friends like these ====> ""@jbabsjohnson: Racism is wen u select ur wyte cloth to wash b4 d colored ones #sayNotoRacism""",1
"RT @tayyoung_: FUCK OBAMA, dumb ass nigger (FUCK YOU)!!!!",1
"Ima Fuck this Bitch Up!! ~~~~&gt; RT @tayyoung_: FUCK OBAMA, dumb ass nigger",1
ash!! u will improve one day and u r literally improving sm already like JSJDK?? the first time ive seen ur art compared to now?? uve improved sosoososos much omg!! u r doing soososo amazing and i genuinely mean this!!,1
"“@tayyoung_: FUCK OBAMA, dumb ass nigger”-- damn racist ass bitch",1
negro u still black. doesn’t matter how so called good u carry urself. ur skin color is still seen as a threat. stop trying to seek white validation,1
This man at just randomly called this black woman a “nigger” and I’m honestly just blown tf away. It was random and not provoked. She was just walking back to her seat. Once confronted he denied it but there was witnesses. People are truly disgusting,1
U ever seen a colored guy on the horse? #racism!! http://twitpic.com/58cpu4,1
I was gonna respond to ur first tweet and suggest that it was one of them glad you figured it out,1
This is disgusting black lives matter and white lives matter but the point is BLACK LIVES MATTER TOO and that's not the definition of nigger https://twitter.com/shaunking/status/795396842833985541,1
"tayyoung_ tweets ""tayyoung_: FUCK OBAMA, dumb ass nigger"" did you think of how this guy in the picture wit http://instagr.am/p/Rt45DIo5uX/",1
@MrPLC And did not LIE under oath about word nigger said to hippy chick interviewer 10 y ago… Dumb fuck…,1
Whoa!! RT @BonitaCourtney_: Fuck you you dumb ass coon nigger RT @iCallHoesOut O RT @BonitaCourtney_: i feel like watching burlesque.,1
"If u google systemic racism, youll see POC are more likely 2 be denied housing, bank loans, acceptance into university, denied jobs and go to jail 4 far less then crimes committed by whites. My ""President"" even marked the letter ""C"" for colored to deny them renting apts he owned",1
@DeShon__ smh stupid niggers. Listen the whiteman who's gonna win this game is manning dumb african fuck.....lol jk,1
If he was actually a racist person why would he have a black man on his channel and say that there sort of dating? I watched that whole video I didn’t see bit once jeffree say or doing anything that was remotely racist. I get what he said in the past was really offensive and-,1
first impression: cool parody/rp account your nickname in my head: duskit closeness ratings [1-10]: 3 do i like you: when your not being an annoying shit yes as a friend you are my: sort of friend ever had a crush on you: no one random thought: stop ur rp in the gc,1
Niggahas these days forreal doe! They are fucking dumb!! Grow the fuck up! Duces #never #trust #a #nigger #they #are #fucking #dumb!,1
"“@MattScorpio: Ya Nigga bf dumped you huh? Tough break RT @tayyoung_ FUCK OBAMA, dumb ass nigger” dumb ass nigger thats your boss'boss'boss!",1
RACISM is wen u select ur white clothes to wash first b4 d colored ones. Say NO to Racism!!! Wash dem all 2geda..,1
"I wanted to write more about how ur post made me feel but words are failing me. The song!, you gave a whole new meaning for this song! I know exactly what you meant when you kept saying ""I know I'm not the one fighting cancer"". The first thing that popped into was ""She gets it""",1
It’s crazy that white people hate being called white but will tell black people they ARE African Americans with no debate. Because it’s better than Nigger not as color blind as Negro much more evolutionary than “Colored”. Where’s that conversation?,1
That fucking retard on #DramaAlert started talking about how he plans to commit cyber terrorism like da fuck you thinking you dumb nigger,1
LMAOOO RT @ScubaSteve_87: @schlix_gawd THE FUCK? Don't wish dumb shit on me nigger.,1
//black: wow i wonder why zane doesnt tell me anything about his past jobs and stuff zane: . everyone: .,1
"@SloppyTopHoe I'm not looking for anything dumb fuck , you're the stupid porch monkey who rt'd lol stfu ugly nigger",1
Shoot not even the school has a lot of black mutants at least not one's that do anything important. Which takes me to another point. It's amazing how little growth there's been out of Xavier School for the Gifted. I mean there's been teams in the past and recently.,1
"@AntiDARKSKINNED: Don't start with that I'm brown"" bullshit. You are black, you are a nigger. You are filthy &amp; disgusting."" You're a cunt.",1
"Yes, ‘TAKE ‘those so called commemorative statues Down ! “Our system commits no such violation of nature's laws. With us, all of the white race, however high or low, rich or poor, are equal in the eye of the law. Not so with the negro. “-Alexander H. Stephens",1
I hate the word nigger FUCK whoever says that dumb shit,1
"RT""@tayyoung_: FUCK OBAMA, dumb ass nigger"" WHO TF are you? Whether you like it or not he's the President for the next 4 years",1
Lol bro your something else. You care about other people’s opinion too much. I know what racism is. U can’t tell people what they feel and/or know. Stamping C to identify colored peoples applications so he can deny them. His father was arrested for rioting with the kkk.,1
@mysanityis Go on TMZ She is ranting about a girl being black and disgusting and a nigger and no one likes her cuz shes black,1
"Black people Dumb AF how the fuck do you still 65,000 worth of chicken expensive chicken at that Fucking Niggers",1
@nbanks6u u are the biggest loser if vthat was my car i would come out and personly kick your ass dumb nigger yeah i said u fuck,1
"LOL RT @OlaBijan: Klan members gangbang you often I'm guessing “@tayyoung_: FUCK OBAMA, dumb ass nigger”",1
@Im_TicklePickle @killerXward @lTheEchosl who tha flyin fuck are u I've never even heard or ur goose neck lookin ass u dumb nigger,1
absolutely. we literally can not move past the issue of race. ignoring it will not make it go away nor will the free market lmfao. idk honestly like I wouldn’t have minded anything she said had she not simultaneously reduced the black experience and the outcry for change lol,1
@jjalwaysblazedd fuck you. You dumb nigger.,1
"exactly , yall r dumb if u think there isn’t SO many ppl who put blm for show, refer to all the blackouts n black pics on insta, that sht doesnt mean anything lest u actively acknowledge n apologize from stuff uve done in the past otherwise ppl have a right to be angry",1
"The TERM ""Black Lives Matter"" is agreeable! The BLM ""ORGANIZATION"" is a anarchist, terrorist hate group calling for the distruction of America. Don't use BLM in reference to anything good. Shame of you! In the past, you stood for freedom and justice for all!",1
"@sage_delong dawg, you can't just call me a nigger ""bro"", I'll be quick to fuck you up &amp; you'll be quick to throw me a lawsuit, dumb fuck",1
"@andrew_besford whoaaa so im a stupid nigger cuz your dumb ass can't keep up in a conversation? Fuck you, tough behind the computer screen",1
RT @OfficialGialana DUMB ASiAN FAGG CALLED ME A NIGGER LOL ===&gt; @SoFucknAyysian &lt;&lt;&lt; THE FUCK?! Tell Jet Lee nephew 2 sit the fuck down,1
wow hes dumb that little nigger has a girl. Tryna be all fresh with me da fuck is wrong with you !,1
"i'm cackling at home about a machine deciding that a book about a character described as ""long and brown"" (d'artagnan in 'the three musketeers') written by an author who was called 'that negro' by balzac is, yes, full of only white characters. gotta give it a new cover.",1
PEOPLE WHO AREN'T COLORED WILL NEVER FULLY FEEL RACISM IN THE U.S. BECAUSE THEY WILL NEVER SEE IT FROM OUR PERSPECTIVE #TerenceCruthcher,1
"Bullshit! There is no context for a white man to refer to black people as niggers. None. The English language is too vast &amp; there were hundreds of other ways to express this sentiment. It was gratuitous, unnecessary, and disgusting.",1
"I mean, I’d definitely expect a black box to draw less likes than a selfie, but not even just people you know any celebrity post you see that has anything to do with equality over the past few weeks has like 1/4 the likes of their usual content",1
Fucking moral relativist bullshit. Fucking weak ass nigger culture. Fucking Jew ass ruling class. Fucking dumb sedated docile life style. Fucking demon pawns everywhere. Fuck,1
i wanna make a list of fit people but u can’t add loads them by search so i’ll have to remember each name one at a time so whoever’s the first on it is gonna be like wtf ur weird,1
"LOL ignorance RT @AntiDARKSKINNED: Don't start with that ""I'm brown"" bullshit. You are black, you are a nigger. You are filthy &amp; disgusting.",1
RT @Spazzin_Steve: @Jovzilla @EvelynLozada YOU DUMB ASS NIGGER BITCH YOU GOT MY NIGGA FIRED! FUCK YO COTTON MOUTH PUSSY HOE!,1
@_MikePearson K fuck you dumb nigger,1
@ANN_Lynzee the thing i fight with is when i see minorities mob signing off on the exact behavior they know is terrible.,1
"Damn you mad bro? RT @tayyoung_: FUCK OBAMA, dumb ass nigger",1
Fuck these dumb ass niggers mannnn... like fuck wrong with yall pussy ass niggas man.,1
@ThereGoesSmoke shut the fuck up dumb ass nigger. Since you know the full story tell it how it is. Or should I?,1
"Why why was he because your woman trump says so, because he is black, no its because he had a heart if anything the didnt pass anything he wanted to do so if anyone is corrupt its the Republicans and your seeing it now with the way they have handled everything in the past 3 years",1
I hate that dumb niggER RT @NukeUrHouse bored as fuck. I wish the homie @takef_light was on so i can slander him lmaooooooooo smh,1
Bitch just called him a dumb nigger he said bitch i will fuck you up,1
Smh RT @LesIzMore: RT @YumiYoko: Please shut the fuck up. you always tweeting some dumb nigger ass shit that I never wanna see. @LesIzMore,1
The worst thing a nigga can do is make his bitch look stupid,1
Yeah it’s called being Tone Deaf and advocating for White Supremacy. According to the great negro Bomani Jones,1
"@SFtheWolf @max2000warlord people confuse empathy with being scared, and that says more about them than anything.",1
Ques are niggers defined. Loud &amp; belligerent. Usually dumb as fuck. Just need to be seen. And they be jumping niggas like pussies.,1
Fuck you nigger RT @SheBaddAf_: @pjae813 -.- your fuckin DUMB . Goodbye What I'm sayin is they the lazy ones and we need all Votes,1
“@QueenNigger: ITALY FUCK OFF DUMB NIGGERS!!!!” omfg,1
This nigga @Adonis_Abstract just tried to bully me for my Mucho Mango Arizona,1
This white man just call us dumb niggers cause we wouldn't give him nd his girl a ride! Lol. Yup my muva cussed his ass da fuck out.,1
"Take a seat cracker, your mad..RT @tayyoung_: FUCK OBAMA, dumb ass nigger",1
"When Black women coined the term ""white feminism,"" white feminists balked, called it ""divisive."" Yet, white women, be they feminists or not, have historically &amp; consistently benefitted from Black women's labor, all the while reaping white privileges at the expense of Black women.",1
"The dems are trying to hide their past, the dems are the ones that have been in positions of power for better than 50 years in most major US cities with highest black populations and still have yet to do anything to help their voters.",1
"@JMan_Rife I'm not a homeboy wigger. Wait till the blacks beat your ass and rob you, dumb fuck. The niggers will get you.",1
He should have gone to the FUCKING hood and gave those NIGGERS bananas DUMB FUCK.IN STEAD HE PLAY WITH THE PREDETORS DICK S,1
Plus what was the call to action? Just focusing on abortion what did anyone learn? He'll give you a million dollars not to abort your child? Million over time? All at once? Whose paying for this? How does this get past Congress? He's just saying anything at that point.,1
no shit you dumb ass nigger now get the fuck out of my notifications,1
DEANGELO WHY ARE YOU SUCH A SORRY SACK OF DUMB FUCK?!?? I HATE YOU NIGGER!,1
Any black man who can make disgusting comments about dark skin women is a black man I will stay away from. You niggers are mad and quite creepy,1
RT @KaosDaGreatBFE: @NiggerTyrone &lt; #3words Dumb As Fuck! | DUMB ASS NIGGER,1
Go dumb ugly nigger name Wayne Go dumb ugly nigger name Wayne My quadruplet boys inside of me dumb ugly fuck pic.twitter.com/bLRkawCoK9,1
@Ledi_Dija @Lmao @Klediana3 dumb you a fuck nigga pullin on ma nigger chin,1
"only thing that heats my head more is when i see a. black people acting like ""niggers"" and b. men with disgusting views of women",1
Be one of the first to reply and then ask and say it is ur dream,1
"Common sense... And I am racist. I love my black people but we haven't learned anything from our past we are on conquered land and ""the right to bear arms"" has NOTHING to do with us. The US has dropped bombs 2ice on their own soil.. Who were the victims?",1
"Fuck David duke racist who thinks America belong to his dumb white niggers followers. Think about it? America belongs 2 no one ,but Indians",1
Fuck Nieq and Braie. Them some dumb niggers,1
And she has said that it’s wrong. So start fixing our communities instead of holding her past that she learned from against her. Queen is a black women. How is holding what she said 4 years ago gonna solve anything??,1
With condom sha RT @ImFunkyDee: Fuck a dumb Nigger....,1
"I get really pissed off when ppl say the word ""nigger"" bc I'm like you dumb fuck you don't even know the origin behind the word smh...",1
Fucking disgusting BLOCKING YALL BLACK ASS NIGGERS,1
@Polo_ProphED fuck off you dumb nigger,1
"Then negro again , then black the. African American 1989 then back to black??? So which one is it because by documented history that’s called keep them guessing their own identity. “African-American” is a MISNOMER. Meaning you can be white come from Africa to America",1
Fuck you dumb nigger cunts RT @Tre_ip: @CharlesCoplin @_SneakersNHead lmao tru,1
"man this is some BS. its not who I am. get the fuck out. if you say the ""N' word ooo for you dumb fucks its nigger your racist dont say ooo thats not me it was a mistake. get the fuck out of here",1
"Computer caught a virus, my dumb nigger of a dad reset the whole thing, ALL MY FUCKING CLIPS ARE GONE. WHAT THE FUCK.",1
@ImPeacefulChaos Your ugly stupid retarded ape self is tweeting shit that none gives a fuck about u dumb fucking ignorant nigger,1
Yup fucking dumb fuck old ass white guy can't listen to a young nigger talking to him like a man #dealwithitbitch,1
"Marguerite came to understand what being and belonging to the Negro race really meant then and how they were perceived by white folks. Through the white man’s so called words of ""encouragement"", it occured to her with a clarity she had never before experienced.",1
This just mad so mad like I feel like I'm about to scream we are not as the same level as black people we are higher and that fact u called us salves and nigger Is disgusting. U say u don't like us but yet again u try to be like us stfu this just triggered me so much,1
Ur one of the first people I met in this com and you’ve helped me a lot,1
I should’ve known a drink called “negro” and “blanco” wasn’t going to treat me well.,1
i read ur reply so wrong omg i was abt to attack then i read it again i first read it as “you’re probably one of those ppl who think guys can be victims”,1
"The first person appeared in ur mind when u listen to love songs, the one who made u smile throughout the day, the one that made u feel wanted &amp; needed without a doubt. The one that chose u over anyone else.",1
@TheRamosHeader @Fraudnaldo nigga and nigger aren't the same thing dumb fuck,1
"you still don't get it brent,my race is built for anything,what haven't we been through??? we been past being scared and spooked,,your race be thinking these t.v and black actors and sports entertainers speak for us, everything you see on t.v and think you know ,is 12 years old",1
To that dumb nigger: nigga you stupid as fuck,1
"And that ""Nigger"" is your President Ha! RT @tayyoung_ FUCK OBAMA, dumb ass nigger",1
"How the fuck did it just cost $17 for passport photos?! Your sign said 8.99 YOU DUMB FUCK SCUNT ONION HEADED PUJA, SAND NIGGER!!!",1
@MrAmplode dumb cunt nigger fuck bitch whore slut thot motherfucker,1
20| Imagine that Black Lady Who Has to Listen to a Dumb Fuck Nigger in Her Head 24 Hours a FUCKING DAY !!! Dat Lady Got STRENFFFFFFF !!!,1
http://twitpic.com/bb03qw RT @Colton_Zappe: Fuck that dumb nigger Obama,1
"Never heard that one RT @DesiredDisaster #SomethingWhitePeopleSay fuck all of you dumb niggers, go die in a cotton field",1
"@tayyoung_: FUCK OBAMA, dumb ass nigger yea thats the #1 dumb asz nigger n charge ova yo racist asz Bitch suck a black dick",1
"gotta be lmfao «@Its_BAKARI “@tayyoung_: FUCK OBAMA, dumb ass nigger” so u mad too?»",1
Do young Black voters know anything about the KKKlan who discriminated against Blacks in the past? Biden was best friends with Sen Byrd major leader of Klan and Mentor of Biden.,1
"retweet this if you bleieve in god, he saw you scroll - someone black replies to them ""stfu"", they reply back ""fuck you dumb nigger""",1
@MisfitInChains @oldgfatherclock @venereveritas13 SANTA JUST *IS* WHITE,1
Yall see this shit right... RT @regdunlop99 fuck is this guy @SaluteMyEgO2x Dumb nigger,1
FUCK WITH KRISTEN DEANN ALDERSON TOOMBS DUMB FUCK SHIT NIGGER ASS BRING TOMKO JEFF GAYLORD HOLD ME BACK BANK ROBBER DRUGS IN JAIL,1
That was also a very long time ago in the feudalism age. We now have some freedom apparently. Oh and modern sewage and hygiene have effectively made anything like the Black Death a thing of the very far past.,1
FUCKKKKK!!!! THE DUMB ASS NIGGER WON!!!!!! FUCK THAT!!!!,1
Bby u are seriously so sweet ur the first one that brought me in the fandom with open arms and I'll never forget that! I love youuuuu,1
LAKESHORES CLOSED FUCK YOU KARL YOU DUMB ASS LOOKIN ASS NO SCHOOL CLOSING BITCH ASS FAGGOT NIGGER,1
So this cracker on my time line jst said fuck Obama dumb ass nigger! No bitch fuck u! Obama won get over it!,1
"not this dumb bitch really called acid and graphic design weird white people things... as a nigger heavily invested in both, bitch fuck you",1
"@JTuinauvai: #OhYouMad RT“@tayyoung_: FUCK OBAMA, dumb ass nigger” -&gt;&gt; Smh.. racist ass bitch..",1
How can I fuck myself dumb ass black nigger.?,1
Which one as in so many? Have you not read anything over the past 2-3 weeks? Black kids being killed by black men. Crazy! Are there racist cops and white people? Of course. They are ignorant. Don’t allow their ignorance to prohibit you from rational thought.,1
these nigger areans are so disgusting. this is why i identify as a non denominational black person (denomination in this case would be country),1
Oki I'll be one of ur first customers!,1
Got to love that this is happening in Kalipornia. You liberal dumb fucks voted that stupid nigger back into office. Payback is a bitch.,1
In 2 days I've seen 2 black males put hands on their heads as police cars drove past with lights and sirens in #Hackney. Yesterday I hoped I was mistaken. I have a lot to learn about privilege but if this is anything but a statement how do I ever explain it to this little one?,1
Imagine being dumb enough to let niggers and wetbacks fuck u — Imagine being dumb enough to let a white guy fuck you. https://curiouscat.me/thirdeyescribe/post/347525107?1520665530,1
Humans r colored like our ancestors where pieces of bread and how toasted u look is determined by hot their country was. We r all bread and the sun is our toaster. That’s my take on racism dont @me,1
@2DirtySprite you dumb fuck nigger my Cday isn't until tmrw,1
idk if uve ever been slapped with a ruler by ur teacher but id let hisoka do it to me maybe even twice tho i think it would be an instant kill after the first one,1
Don't fuck with me bcos I'm unfuckble! Nigga what da fuck do you mean? dumb ass nigger ......,1
@BrittNaomi_ FUCK YOU u dumb cunt!! NIGGER! U sleeping on the damn couch tonight! No more cuddling f that,1
U like niggers? The fuck — Obviously it said one &amp; it said seventh grade. You sound dumb. U racist?the fuck... http://ask.fm/a/5jdqm859,1
"Slap that dum hoe then...pot face bitchRT @_Richboi: Bitch ill murk yo ignant ass “@tayyoung_: FUCK OBAMA, dumb ass nigger”",1
"How many brain cells have you lost for you to even think it's ok to say ""nigger "" when I hear a black person say it hurts the most. It makes white people think they can say it as a joke. But nothing about it is funny it's ignorant , disrespectful and disgusting to your own race .",1
Disgusting amount of black men would let a woman call them nigger during sex...pathetic,1
Retweet like comment ur user join my group *First one to join wins 10 robux!*,1
"Because you only take one incident and reverse it without reversing the context. We do not live in a society where white people face systematic racism (greater difficulty getting jobs, housing, healthcare and access) based on being white. You pick &amp; choose what parts you reverse.",1
U S Attorney General William Barr is a dumb fuck white nigger,1
I can't believe that fuck ass white boy called me a dumb nigger over some shit I said about Joe Pa! GTFOH! it's not that serious!!,1
"@t_blank03 ""tf"" it's the fuck not tf dumb nigger lover",1
FUCK YOU A JEHOVAH'S WITNESSES ARREST WARRANT ALL BEAT YOUR DUMB NIGGER ASS FOOL FUCK YOU.,1
hahahahahah ma boy cbruh “@Cbruhhh: “@iFollowBlindPpl: FUCK DREW BREES!” fuck you dumb nigger”,1
"My nigger chelsea is dumb as fuck, who doesn't like pupusas? she probably only eat grilled cheese all day smh",1
Be prepared for anything Patriots. This is only going to get worse day by day. Trump has PUBLICLY threaten to assassinate political opponents and other officials in the past. Now we had an attempted assassination attempt on a federal judge. Black ops fanning out across country.,1
Fuck all you dumb fishlip niggers. I hope you die -ShayShay,1
‘harry’s past’ man didn’t do anything that controversial meanwhile louis called a black man the n word and never apologized for it,1
"Yea yea, you're just another ugly dumb fuck nigger.",1
I hope Kim Jong-un was watching Assad get his ass handed to him tonight (so Kim doesn't do anything stupid).,1
"RT @PostCultRev: [snorts gigantic line of bubble gum flavored cocaine] oh man, let's watch some fuckin' anime",1
Shut three fuck up you dumb nigger dickheads.,1
"@WhereMyFreaksAt: Fuck a bio"" is a bio. Dumb niggers smh.""",1
Was just walking to school rn and saw a fricken black ass nigger talking to a cop and the cop wasn’t shooting that burnt toast head ass bitch smh this is why America is falling apart this is easily the most disgusting thing I’ve ever seen #fuckniggers #wtfamerica,1
"These women are black but their race shouldn’t be used as the rational for why they attacked, just like being white isn’t the cause of “Karens” attacking people. If anything you’re seeing all of society fracture &amp; crumble from incredibly stress &amp; strain of the past few months.",1
"Umm Note that the White (person) 1) decided you need saving, 2) decided she is capable, 3) did not ask but informed you of her messianic capacity. This is called patronizing the Negro. Secret racists r vulnerable to this delusion.",1
Miller has advised him he hasn’t exterminated enough black and brown people yet??? (I no longer put anything past this vicious and cruel administration.),1
"You mad bro? RT @tayyoung_: FUCK OBAMA, dumb ass nigger",1
For al the dumb FUCKS on my Time line that use the word Nigger http://www.youtube.com/watch?v=wD-UpHlB9no,1
"Now if I fuck up in English people are going to think Im a dumb bitch. No its cus I aint read this summer, Im a smart black nigger. Ok?",1
"nah tell this hoe to suck my shit RT @PimpNamedGator: Holdddd myyyy diccckkkkk RT @tayyoung_: FUCK OBAMA, dumb ass nigger",1
"(Acts 29:21336) AND if God were ""allowing"" the white people to enter into His Hebrew Jewish dark skinned ""Golden"" Negro Hebrew Paradise of Heaven, then why did God declare that the white people are called ""TARES"" of Satan to be burned in Hell fire coming for them? Amen?",1
"@AwZaynEatMe you dumb bitch, black isn't a colour it's a shade as is white. Muslim is a religion not a skin colour.",1
@DIZZY_YL @Perplxed @BJJahnke nope Ben was I was on. The dashboard when Andrew said he posted so fuck off u dumb nigger,1
"6/ in any and every way we could attain it. We were called Negro until the 1960's. It is not an imaginary label, it is one which WE concocted.Wherever and whenever,I will defend it when a person, White or Black, attempts to dismiss it. Period. I am a Black woman,",1
"Lol holy fuck ""@mona_lisa_gurl: @iRejectSlimHoes u dumb ignorant piece of nigger shit!""",1
I have a Noval idea . Let’s abolish UNITED NEGRO FUND a all black support system run by all blacks supporting only black students the new law created years ago during miss burning called for racial balance 25% black 75% white this is law so U.N. F. Must accept 75% white or face,1
He's not a nigger if his mother is just as white as you. dumb fuck RT @brittd1178 Everybody get out and vote so we can get this nigger out o,1
You seem upset. RT @TracePeterson: Fuck Obama that dumb nigger I'm going to Switzerland... Thank you America for fucking are country,1
"King’s okay with these “Negros” attacking a white boy, but called out drop kicking the little black girl (he was attempting to drop kick the white boy but missed).",1
"You callin me a nigger isn't as bad as you lynching me for being Black, but nonetheless, they're both patently disgusting racist practices.",1
"“@SamuelRobertooo: “@tayyoung_: FUCK OBAMA, dumb ass nigger” MAD” lmao this Kidd sounds like he pissed in his razor blade cuts.",1
You’re ignorant. I haven’t done anything to keep a black man down. Blaming today’s white man for past white men is like Americans hating little Japanese kids for Pearl Harbor. Your hate is noted and I can’t do anything about it but racism is racism. The fact that I had a black,1
"#RogerStone just angrily called this man a negro on air &amp; white supremacists fall all over themselves trying to claim that ""negro"" isn't a derogatory term. Riiiiight. He totally didn't mean offense. I hope you #KeepThatSameEnergy when you hit the streets, Stone. #TrumpsAmerica",1
Random number called me earlier then I called back and she hung up and then 5 hours later with this bs like um excuse me mam I think you have the wrong negro. Meant to say *white not right,1
RT @Logan420MJG stupid nigger watch for the damn ball you fucking fuck up dumb ass piece of shit!,1
He did that all the while being the Big white supremacist racist that they say. He also had a black girlfriend in the past. Real racists don't have anything to do with who they hate. They wont even be in the same room.He loves all Americans and this is all made up by the evil MSM,1
"@Jess_da_mess_ I BET YOU DONT HAVE A GED OR H.S.D,YOU SOUTH NIGGERS IS DUMB AS FUCK",1
"“@tayyoung_: FUCK OBAMA, dumb ass nigger” https://twitter.com/_MrTweetThat/status/266050413814505472/photo/1",1
"SAY NIGGER. When idubbbz fucks up another stupid, lying, hypocritical dumb youtuber and exposes them. Lets see a #riptana",1
"Everyday dis week, its been gay dis and gay dat and all I can picture is white people saying ""Nigger this and nigger that."" All of yall are some hateful and disgusting souls and it shows but I can't blame anyone but the parents and the black cult based society that raised yall",1
"@EyeCandyBihhh: “@tayyoung_: FUCK OBAMA, dumb ass nigger”...But he won tho that's why YOU MAD..LMAO!!!! Lmaoo mad much #teamObama !!!!!!!",1
"“@tayyoung_: FUCK OBAMA, dumb ass nigger” you playing right ?",1
"black people ""niggers."" This is absolutely disgusting and twitter should NOT be used for this type of behavior. If you all get a chance,",1
"Suck some nigger dick becky “@tayyoung_ FUCK OBAMA, dumb ass nigger”",1
"The FBI doesn’t care about colored people, why u think they all white like every other government agency? I’m sorry about this and even more sorry that people have no idea how real of an issue racism truly is in America :( I hope you can find peace soon sis",1
"@tayyoung_: FUCK OBAMA, dumb ass nigger biiiiiitch. All my fellow black followers, check this out.",1
first impression: i rlly like ur vibes your nickname in my head: frankie do i like you: yes!! you are my: one of my moots what color do you remind me of: beige ahaha should you post this too: if u want! :),1
` some niggers is real dumb they buy cars and trucks ` cause a bxtch look good in she know how to fuck .,1
black parade tease and anything beyonka has realesed in the past YEARS LFMAOO gurl bye,1
"He didn't see all those white protestor would grabbed him first and began to beat the shit out of him. Racist white people seem to have what's called ""Negro ONLY Focus."" https://twitter.com/creolequeenb/status/1265901511768338433/video/1",1
The fuck is this nigger shit!? -grant HAHAHAHAHAHAHA ITS MARTIN YOU DUMB ASS!!! pic.twitter.com/oel8V0wOHP,1
"Not implying anything. I’m looking for you to explain what psychological effect, the US’s racist past has had on whites. In general and in relation to Black people.",1
"@tayyoung_: FUCK OBAMA, dumb ass nigger Bitch stand the fuck down!",1
YOU DUMB ASS NIGGERS GO HANG JUST LIKE YA ANCESTORS DID AND ITS ONLY YOUR FAULT FUCK YALL… https://www.instagram.com/p/BHcPadBAzgl/,1
"Okay so my notifications load buttttt my tl don't.... The fuck twitter, fuck you stipid ass app, fuck the dumb nigger that created this shit",1
"@SuarezTurns @castnosh4Nathan says the Somalian..... As in Somalia in Africa? You are dumb as fuck, you're as much of a nigger as I am",1
"Let me repeat it: “ Any black person who is a Trump supporter is either dumb, fucked, blond white washed attention seeking nigger bitch and ain’t black enough to recognize the damage of racism, white privileged, etc.” Shut the fuck up. You aint got an opinion. Just a sellout.",1
@Nigger_Bear lol. People are dumb as fuck! Lol. But yea text me.,1
"Haha, fuck yeah dumb cunt fuck. RT ""@AFucktoy: Drown me in nigger cum https://twitter.com/AFucktoy/status/517838073476820992/photo/1""",1
Nigger just took it tooooo far by calling me a dumb ass. Fuck you @IM_TUPAC.,1
"CJ gotta be thinking ""the fuck is these dumb niggers talking bout"" I assumed CJ pronounces it with the ER",1
How stupid do you have to be to fuck up your career during a VIRTUAL RACE?! You fucking idiot. You deserve whatever damage is done to you for being so fucking dumb. IT’S NOT HARD FOLKS! JUST DON’T SAY “NIGGER” IF YOU ARE WHITE!!!!! Jesus Christ why is this so hard? Fuck!,1
"“The so called Negro organizations and leaders should be given great credit for their failure or refusal to let the white man divide them and use them, one against each other, during this crisis.” ~ Malcolm X",1
@RealKevinNash they used to stand for something but they fuel racism more than anyone! Isnt zimmerman colored? Stay inside during bcr dont u,1
Niggas is really thirsty...a bitch will call you a NIGGER on twitter and somehow yall get hard and say she want the d...yall some dumb fucks,1
@Usher fuck me dumb nigger,1
"Because your people also created these words called nigger and also negro so anytime anyone from white descent who has not lived through what a black person has lived through says the n word , we know theres a double meaning behind it it's actually not that hard to understand",1
Fuck these dumb fucking rockstar and psn niggers,1
Kirk what does him being a veteran have anything to do with the black experience/my experience being black at barstool the past few days? Did you just want to throw that in there so I’d show him more respect? Tell him I said thank you for his service but I don’t need his advice.,1
first impression: Just met you now unless you changed ur name your nickname in my head: idk closeness ratings [1-10]: ??? do i like you: as a human you are my: idk ever had a crush on you: no should you post this too: sure one random thought: hi,1
"Yeah that's basically what I said on Fb like... Dude is younger than us... And everyone's RAWR XD phase was mixed with rampant self hate and racist commentary like.. This is back when every black ops 2 room said ""die you stupid faggot nigger"" every 5 mins. It was disgusting tbh",1
we’re black people called niggers bc negro is black in spanish and they were called black bc of there darker skin? yes. like raven please leave your point isn’t valid. white people cracked there whips on slaves and we’re called crackas.,1
"The othernight they BBC2 broadcast a movie called, I'm not your negro...the N word used throughout. I hardly slept that night because of the burden of my white privilege",1
"keep em comin! RT @tayyoung_: FUCK OBAMA, dumb ass nigger",1
Bro you really don't wanna get knocked the fuck out do you...you dumb nigger.....that's what I thought! #stupidniggers #coons #southenpride,1
Because it’s portrayed that money goes to black communities. And it doesn’t. Y’all really think Biden is gonna fight for you? He’ll say anything to get in office. Have you not see past quotes from him?,1
"The post was like ""White: no colored ppl here Black: u guys r red when angry, green when sick and purple when ded, y'all are the colored ones fuck you Like this post if, like me, you think racism sux """,1
Fuck obama! Thanx for the tax increase asshole. Glad i didnt vote for that dumb nigger!,1
@brittd1178: Everybody get out and vote so we can get this nigger out of office! wtf dumb ass bitch fuck romney hoe,1
"Vele Lol @Djranx Khaba lenja!RT @BosSsDj:Me and the crew just caught a nigger tryna jack a car and gave him a beating at rosebank,Dumb Fuck!",1
Making banners Like these The first person to comment will get one BUT You must tell what you want and tell the person’s name you want them to be on ur banner . . My inglish bed souprry,1
"What a cunt. RT @Mouf_of_dasouth: Your dumb pale white ass RT @tayyoung_: FUCK OBAMA, dumb ass nigger",1
I believe the niggas at work tryn see who can fuck first but the gag is...I got a boyfriend you stupid dumb niggers,1
The word nigger &lt;&lt;&lt; like it seriously pisses me the fuck ff. It's so fucking ignorant. Idc if you're playing or not it's fucking dumb.,1
"Democrat inspired and influenced whoredom. I hold these young people responsible for their bad behavior, but I hold white liberal dems and their puppet negros (as Malcolm X called them) even more responsible for creating this environment and problem for 60 plus years now.",1
"Niggers fuck with dumb girls because where there’s no intellect , no effort is needed. One date ko Chicken Licken and I’m in inside",1
@BGConOxygen @ValentinaAmour BE FRIENDS WITH SOMEONE THAT CALLED YOU A NIGGER LOL VALENTINA IS DUMB AS FUCK... WITH THAT NAPPY ASS HAIR,1
"DUMB BITCH. ""@__chelssss: Fuck you. ""@goshawty123: barack obama is a faggot &amp; nigger. real men HATE gays .""""",1
"Bet that nigger still gone sleep in the white house 2nite. “@tayyoung_: FUCK OBAMA, dumb ass nigger”",1
"Haha. My mission is completed. I have angered a bunch of fags,niggers and rajjies by posting semi-offensive replies.I now have complete satisfaction in life.I, as a troll, don't have any regrets.I don't even feel bad.And fuck this guy lol @suburbiiaboy and his dumb little pals",1
@AntiBlackPeople: I'm hungry :-/ one you black slave nigger bitches should make me toast or something!? You're fucking disgusting...,1
Dude..first of all he has no obligation..also..can't u read? It literally says he donated..what about ur very Indian stars sitting right here...not a single one spoke about it..this is why u don't deserve anything,1
"#spam-“@tayyoung_: FUCK OBAMA, dumb ass nigger”",1
The president got re elected and you dumb ass niggers worrying about weed. And you wonder why I wanted Romney to win. Fuck life.,1
"“@RedheadEliza: You should consider lip injection. RT @tayyoung_: FUCK OBAMA, dumb ass nigger” and better make-up",1
It's the inertia of our viciously racist past. It's our system. There's nothing else it could be. We're know for a fact it's not anything different about black people.,1
"@black_baymax8, @ashleyisdashing, and I break down the past weeks Dynamite and cover the Sengoku Lord while discussing our mutual love for classic Christopher Daniels and LAX. If you also ever need anything related to wrestling graphics and art, you now k",1
"fuck you, youre a dumb nigger. Youve always been a shit host anyways. God fucking damn im only friends with you so I can use you.",1
"I wish i could spit in your face u stinky bitch your mom shouldve kill your ass when u was born RT @tayyoung_: FUCK OBAMA, dumb ass nigger",1
"Colonial newspapers contributed to the perpetuation of slavery. Advertised 250 years ago today: ""RUN away, a NEGRO MAN named BILLY ... generally called White hand Billy, from a burn on his hand."" (South-Carolina &amp; American General Gazette 4/27/1770)",1
"@therealbanner racism is hate, ur simly wording things in a manner in which it lends to your point... u don gotta be colored..thas #ignorant",1
Ayeeee my racist grandparents refused to hang out photos in their house and proceeded to hang all my white cousins photos up - lovingly called us their “negros”,1
"Stop calling me a nigger — God I call everyone a nigger, niglet, dumb fuck. Hahah you get used to it http://ask.fm/a/9o11mol1",1
"I the sims but the community is so fucking annoying, ""EA fix ur game these bugs make it unplayable i want a FARMING PACK"" ok first of all those bugs are probably one of the 80,000 mods you have that's been outdated since last yr and ur trying to run the game on a chromebook so",1
Watch yo mouth ...butt-fuck RT @Rapmonster: niggers are fucking dumb,1
"Marc Lamount Hill and other so called educated Negros give Candice Owens a platform to sprew white supremacst nonsense as an alternative opinion, when its nothing but BULLSHIT!",1
"RT @GbaGaunDeteCtor: RT @boycottdbanj: @ChyyChy fuck you coon.WE CALL ppl like u ""nigger"" with ur niggerish behaviour u dumb piece of cow du",1
"Just had to call 911 on this dumb mother fucker! Hahaha oh I should've just beat his ass! Oh and I heard your ""Fuck you Nigger"" comment.",1
RT @Rapmonster: bitch.. fuck black power.. dumb ass niggers. #throwdatindabag...wow really,1
@Ant_Dgk fuck that fucking nigger! This guy acts all cool and fucks all these dumb spics. Gentuza de jugador y persona. Go bak 2 The jungle,1
"I dnt fuck with dumb niggers, never have n will never do.",1
"Silly bitch RT @datdamnTWILL: You mad or naw? RT @tayyoung_: FUCK OBAMA, dumb ass nigger",1
"@XoBrittBritt Yeah, it's pretty disgusting. People are like, ""Fucking niggers."" CORRECTION. NOT ALL black people do this kind of shit. :/",1
Who the fuck would light a match bomb in their mouth....nigger be doin sum real dumb shit,1
@CamDaTerrorist bitch don't get a attitude with me because you dumb as fuck nigger,1
@crystalyn49 it's disgusting that ur white and questioning a black person's claims of being called nigger the person who spat was arrested,1
Must be American RT @futurem0gul: Pissed the fuck off this dumb nigger get in my car with mad mud on his fucking shoes,1
I hate doing lab write ups. Dumb ass science bullshit.. fuck your labs nigger. ,1
Really? White folks are dumb as Fuck. Something dat I looked forward to doing as a kid of 7 yrs. Finally did at the age of 12. Grandfather's av done it as way back and 30yrs ago. That's how theysl said mungo park discovered river Niger. Nonsense.,1
"So where was Biden fighting systematic racism for the past 40 years while he was a senator? Oh yeah, he never did ANYTHING to help black people or LGBTQ people. In fact he passed laws AGAINST black and LGBTQ people! YOU HAD FORTY YEARS, JOE. #4thofJuly2020 #4thofJuly",1
"#UWG attack!!!!! RT @tayyoung_: FUCK OBAMA, dumb ass nigger",1
@300REZ fuck you dumb nigger get yo uncle ass crumbs out ya mouth,1
I can't remember but you're right. These are the buffer negros who speak white talking points for the white people who fear saying it in case they get called racist. TapCandace Owens is another one.,1
"LMAOOOOOOO RT @FatMackington CJ gotta be thinking ""the fuck is these dumb niggers talking bout"" I assumed CJ pronounces it with the ER",1
@TIMERBX @C0LDFRONTRBLX yo TIMERBX shut the fuck up you stupid nigger you trying to act like a bad ass but u a pussy Lil fuckboi dumb bitch,1
Racism? Misogyny? Take your pick - Salon: The story started out as an outrageous incident of campus violence: Ea.. http://buzzup.com/cwj2,1
@MLG_ZooTeD you need it to camp and sound whore because you have no map awareness dumb broke smelly fuck up nigger lying piece of shit lol,1
@V3nomResurge damn nigger where the fuck did you come from did you crawl out of there ass just to talk shit?!? Stfu and mind ur own dumb ass,1
"RT @devynexoxo: lololololol. how cute. #4MoreYearsBITCH RT ""@tayyoung_: FUCK OBAMA, dumb ass nigger""",1
"Get off ur ego trip, take off ur rose colored glasses &amp; get real! U’ll be lucky if ur in office next year! Ppl r fed up with ur lies, bullying, cheating on us &amp; Melania, immaturity, inability 2 work a full day, ur bone spurs, bigotry &amp; racism! We r tired of U! Impeach 45!",1
"It's a strange incident. ""Casual racism"" is accepting using ""nigger"" as a harmless joke. I'm guessing you don't think you're racist either.",1
"“@STOPFLEXIN: :( ""@tayyoung_: FUCK OBAMA, dumb ass nigger""”the FUCKERY !",1
OMG!!!!!!!! SOMEONE NEEDS TO KILL THIS NIGGER!!!!!! AND PLEASE LYNCH SOULJAH DUMB FUCK FOR THIS SHIT PLEASE!!! http://tinyurl.com/2esa8p9,1
@CHEEEKABOO LOL I don't give a fuck you dumb bitch your In my twitter home line now go suck a big dick you nigger digger,1
hahah RT @HLSmall: really? really? racism from other races just isn't enough? RT: @JayFrogs That's cause u high yellow u ain't colored lol,1
@50cent is so fuckin disgusting. y da fuck duz he even has @justinbieber's name on his page? gross ass nigger(i can say it cuz im black too),1
Nigger u aint blunt shit.....Ur ass Dumb as fuck.....Yea Catch ur damn SUB while its smoking hot.....Shiiiii :'(,1
@JeffreeStar Your performative activism is disgusting. How can you sit there in your mansion and discuss Breonna Taylor and black trans lives where you can’t even address the disgusting racist comments you have said to black people. You’ve called us m,1
"“@tayyoung_: FUCK OBAMA, dumb ass nigger” Is she serious",1
This opinion actually written by two BP. Warren had no interest in black lives before she ran for prez. None of them can show anything in her past but current plans. Why didn't she show any interest earlier?,1
you been defending an old white man who called a Black person a negro........,1
"@ToddJoh04294605 Negros have lost There minds They think They can go around and do And Say whatever They Want, Hell No I did not own Slaves nor Profited Off these Ghetto Scum !!! And they did not Build Crap In This Country !!! 100 million So called White ",1
Thus white man Called me a negro Today thought I would be mad but it made me laugh,1
Probably hired by Trump to run. Will possibly take young and black vote from Biden so that Trump can win...... I dont put anything past him.,1
Those bleached out monkeys! make me sick. fucking niggers! HATE black people who bleach. you dumb fucks!,1
"well of course he was kind to you, you are white, he called President Obama, the Black Magic Negro and about one million other racist, sexist, and horrible things.. but yay he was nice to you when you were young...",1
“@OldEngliiish: Hi nigger ... fuck ya life &amp; ya Bestfriend #bars #freethisdick... — Lmfao you dumb ahaha http://ask.fm/a/50341440”,1
"A guy on Grindr asked for nudes, and when I refused to send them he told me he hoped the police would shoot me up for being a “black ass disgusting nigger”",1
IVE HAD UR FIRST ONE SAVED SINCE FOREVRR,1
"Everyones A ""Nigger"" Today According To @hexmurda!....How Can He Be Racist?.....THE NIGGA IS BLACK YOU DUMB FUCKS!.....lol",1
"RT @boycottdbanj: @ChyyChy fuck you coon.WE CALL ppl like u ""nigger"" with ur niggerish behaviour u dumb piece of cow dung. fuck ur momma",1
"Aha This Bitch Said ""FUCK OBAMA, dumb ass nigger"" Is It That Serious? Aha",1
The 95% that didnt vote have reclassified themselves back as NIGGERS. Happy tap dancing you dumb fucks. &lt;SOSINCERE ENT&gt;,1
ohhhhh dhjdfhsk i have no idea mayb like ur first inital and then one of the words? like s.blueprint? maybe add a number at the end? hfdskjjhsj,1
U dumb nigger smh RT @NegroRalph: Stop going in raw u nasty fk RT @tattooedMIMI: Oh fuck ! I start my birth control pill today -____-,1
You fuck around and say some dumb shit and offend someone a nigger calls you out on a combat battle and just like that you dead,1
RT @KiKioraa: Niggas hate when you do them how they do you !,1
so at first i thought this is me trying would be one of my favs and now it’s like bottom 5 and this is why u should never rate tracks until at least ur 20th listen,1
"You deluded?RT @KheyTeeKat: Lady Gaga said that Jesus is the new black. So, she was basically calling Jesus a NIGGER!!! She's disgusting!!!!",1
"@BenzCOOP: “@Shelly_Smyth: ROMNEY WON THE DEBATE! Poor niggers are so pressed right now!” Fuck you, you dumb ass stupid bitch",1
* Tears* RT @Joe_Schmucc: your mom would let them all fuck RT @Tjones3221: Seahawks are a bunch of dumb niggers,1
WTF I hate film niggers... Thinking about everything....delete my number dumb nigger bkus your cut off get out of my fukn face dumb fuck!!!,1
"Black people aren’t necessarily racist against white people. Any prejudice or dislike from what I’ve seen is more like a PTSD or trauma situation than anything, based on past experiences. But I’ve seen white people hate black people just because.",1
@pure_kkoke @worm_ghostin Im half black u dumb fuck so ur racist comments r insulting me to dont call him a nigger u ignorant immature kid,1
first of all ur writing is so nice i want it and second u chose the saddest one hdjsjsjs yes,1
The way they are the first one who came to ur mind,1
"“@tayyoung_: FUCK OBAMA, dumb ass nigger” hahahaha you mad #2Termsssssss #OBAMA",1
"And his dumb ass - blind, deaf and dumb family hugged the bitch! This is why the world has no respect for us as a people! That Christianity got these niggers all the way FUCK UP MENTALLY!!!",1
"Anonymous said: Look at this filthy nigger, smh. And ya, I am white btw you dumb fuck. https://tmblr.co/ZDx3jx2GhyjdQ",1
"People who call other people ""niggers"" are dumb fucks. Burn in fucking hell",1
"Since all the white people can't say it I'll just say it for them. *clears voice* Haha fuck all u dumb niggers, we win again. #whitepower",1
my best friend (black) but she refuses to listen to anything past like 2015-2017,1
"Def RETARDED RT""@TamedLady: NOT A QUESTION! U ARE MAD! ""@BiteTheseTweets: YOU MAD ? RT @Colton_Zappe: Fuck that dumb nigger Obama""""",1
"And for all the #Romney supporters calling #Obama a ""nigger"" .. he's also half white you dumb fucks .",1
Racism is when u select your White clothes to wash first before the Black Colored ones... Don't be a racist! Wash them all together *lmao,1
"No this bitch didnt, KILL YOSELF HOE DEAL WIT IT BITCH! #FOH RT @tayyoung_: FUCK OBAMA, dumb ass nigger",1
i want to crochet something for my yia-yia but she's refused to wear anything besides black or grey for the past 8 yrs and im having a hard time deciding on colors shfghsghfghm,1
horrific past. WE should all live in the future and stop this poor my race is the only one that matters. MY heart aches for what many went through and have you ever done anything about Chicago this weekend 67 shot 13 killed and Black abortions? NO you only rant on TWit and knee?,1
Have not seen a white girl/boy act as dumb or hateful as a nigger or beaner since election...but fuck white people we are racists!,1
"@tayyoung_: FUCK OBAMA, dumb ass nigger «««««Dumb ass broad",1
"“@NadiaDawg: “@tayyoung_: FUCK OBAMA, dumb ass nigger” let's get on this bitch real quick”",1
@StutteringGiant Wasn't directed at you ugly nigga,1
Who's this dumb ass fool called 'Alley Boy'. Going around dissing @Tip and young jezzy. fuck that nigger,1
These the same weirdos who act biased/racist towards black ppl but when some one says “speak English !!” It’s a ‘wrap’ Fuck u and fuck the white man who implemented racism among colored folk . Y’all parasites,1
Yooo ok “nigger means cocky” like da fuck so we dumb AND rascist,1
which ever retard had this account forgot 2FA dumb ass nigga fuck niggers,1
I keep seeing black people tweeting and referring to themselves/all of us as niggers as a joke. This is disgusting.,1
"He's had such a privileged upbringing is laughable! He doesn't represent the hardworking Black UK people only his public image, ego and selfishness! I haven't seen him do anything in the past that's lifted up young Black people! The bandwagon passes and the celebrity jumps on",1
"@tayyoung_: FUCK OBAMA, dumb ass nigger wooooooow",1
Fuck dumb niggers and there stupid ass driving..wtf dudeski,1
"@tayyoung_: FUCK OBAMA, dumb ass nigger mad as shit bitch Ctfu ",1
"Favre tells the headcoach 2 fuck himself headlines read ""who really runs the Vikings""? Let T.O. Do that dumb shit. He's a crazy.......nigger",1
"Can you explain to everyone the history of when and why the term ""negro"", which was used widely by everyone until not that long ago, is so offensive.And why is it OK for blacks to force everyone to listen to the N word all day every day. I'm white and get called N-word by blacks.",1
"fuck #kayne, he's a dumb fucking nigger and i think it's ironic that the only people ok with what he did are niggers too!! fuck niggers!",1
"(Acts 29:29923) (of God) is of (which means, ""originates from, stems from, is appreciative to) the (divine dark skinned ""Golden"" Negro Hebrew) Jews (of God's people), see St John 4:22, and also to those of the white species Nephilim creature people called ""TARES"" of Satan by God",1
The guys are fucked up they all go to verdun to go play ball while bgc's gym is waaaay nicer and bigger dumb ass niggers fuck the gym empty,1
Going to ride wid my chopper friend dem!! Fuck u broke niggers an dumb bitchs skrr skrr u c me onda blocka!!,1
DRINK CUM AND EAT POOP YOU BITCH ASS FAGGOT FUCKING NIGGER WHITE POWER DUMB NIGGERS WHITE POWER RULES OVER YOU ALL BOW THE FUCK DOWN,1
"Shut the fuck up, Red, you dumb nigger.",1
"RT @tayyoung_ FUCK OBAMA, dumb ass nigger &lt;&lt;&lt;&lt;She mad llf. #4MoreYears",1
@Blind_Brian Haha Holy fuck. You're a dumb nigger. You would see me at the arcade hoops game.,1
Fuck these dumb niggers in here,1
The pure hatred some of you niggers have for black women is disgusting. Like truly seek help.,1
Did you ever had a friend that say's doo you want a cheese burger whit cheese.somtimes he's a dumb fuck butt stil my nigger,1
The black lady is freaking out cuz she's prego by a guy who wears a cupcake belt n think his gay what the fuck dumb nigger lady,1
Fuck a nigger with a nigger that fucks with dumb broke niggas #broke#niggers#stay#broke#don't#fuck#with#emm,1
"Disgusting ""@Shelly_Smyth: I hope nigger Obama loses the election and Romney puts all the black people in concentration camps :).""",1
This FAT UGLY FLAT FACE RACIST BITCH is dumb as fuck!!! “@brittd1178: Everybody get out and vote so we can get this nigger out of office!”,1
"@AntiDARKSKINNED: Don't start with that I'm brown"" bullshit. You are black, you are a nigger. You are filthy &amp; disgusting.""&lt;#isthisthelife",1
"I think feeling is one of ur first senses to go when ur IQ goes sub 70,so u won't get an honest answer",1
There always some dumb brain washed NIGGER tryna fuck with a black man tryna make a change for blacks .... Stupid niggers man,1
Niggers crying over a dead Pakistan kid doing better then them let’s blame it on fake crow Jim dumb crack lies so fat old niggers can pretend to be white trash look at me I’m working like a big boy and girl still fuck up because the black community is full of bums baked crumbs,1
#NAME?,1
nah it really is i’m crying. my grandpa had dementia at the end of his life and he was pretty just...chill. my sister was at a facility with an old white dude w/ dementia and he called her colored and negro and the asian nurses ori*ntals like?!,1
WHO THE FUCK THROWS 3-0 IN DIRT DUMB FUCKING PRCK NIGGER,1
"Im not complaining, but do the Black men who apply for this show do anything outside of Education?? The past 3 seasons theyve all been in that field #MarriedAtFirstSight #MAFS",1
Ah man i gotta watch #DateMyFamily once again that nigger was dumb as fuck what did he mean when he said ive paid for the dinner date lmao,1
"@youngodaine: Oh,my wrk cloths.!!!!! shut the fuck up u dumb ass nigger",1
@SetSenses Fuck off you dumb cunt nigger,1
FUCK THIS PIECE OF SHIT OBS DUMB NIGGER TWITCHALERTS!,1
"“@tayyoung_: FUCK OBAMA, dumb ass nigger”On God ??!",1
fuck jalen rose. they were too stupid to go to duke. thats why webber called time out. he is your typical dumb nigger that can only jump.,1
"Racism in this country is what's driving us all nuts. Aged, young, colored, etc. doesn't matter. U just don't embrace his progressive agenda on Medicare For All, depleting PAC system, etc. Get onboard 100% with us, and you'll be a winner, too. :)",1
Im Bout to Listen To Some White Music Fuck All That Dumb Nigger Music lol,1
1. Racism is REAL u would know your shit president uses dog whistles to have pussy ass white people like u THINK this dumb shit. 2. No one wants your miserable money white bitch the real message is understanding people of colored time and time again are robbed by your privilege,1
@StarWarsFagg0t You = Nigger = dumb fuck cause i already knew that,1
Fuck Fuck georgegambnino georgegambnino Nigeria Nigger world assbole Baltimore's Nigeria Nigger world Assholes Jamaica Nigeria Nigger world Assholes Miami Nigeria Nigger world Assholes NYC Nigeria Nigger world Assholes Gh Nigeria Nigger world Assholes S. Afr No Flags bitch dumb pic.twitter.com/woGBxjjT5r,1
"«@QUANNA_SAN “@tayyoung_: FUCK OBAMA, dumb ass nigger” you mad ? STAY MAD» -_- Oh my gosh #smh",1
"“@tonayrozay: Lmaooo this girl is kneedeep in deep shit RT @nisstrilla: Seee me.RT @tayyoung_: FUCK OBAMA, dumb ass nigger”",1
Screw you. I'm a custodian and making a will soon cause having to be around 2000 teenagers a day and be the first and only line of defense. No money on ppe more cleaners or even a game plan. Easy to judge when ur not the one putting health on the line. Everywhere else has strict,1
Dumb tight right now lil nigger tim just sold me a half bag of haze and I lost a 50 dollar bill. Fuck my life,1
"“@WhosIt_: 4 more years!!!! Lmaoooooo RT @Yung_Trezzy “@tayyoung_: FUCK OBAMA, dumb ass nigger”your on suicide watch ”",1
"Let the law do their diligence. You morons! To those sticking your nose in on the #ClarissaCrawley incident U are a problem. Reckless statements, starting rumours, irresponsible. Racism at its worst. #Dartmouth you’re either helping or hurting, pick a side.",1
"Somalis should only date/marry other Somalis, being with ajnabis even if they’re black is disgusting and should be banned. Havi... — ok nigger https://curiouscat.me/delashereen/post/343103885?1520732662",1
"It's right up there with the thinking that ""A Charlie Brown's Thanksgiving"" has racist over tones. because the colored child sat by himself @the table. If U read about Charles Schultz.they would see that Schultz WANTED 2 add the character but was afraid to because of racism.",1
#FF....@Gday_May10 like fuck yah dumb broad who don't have this Madison smoove nigger on your timeline like..do something smart and follow,1
Might pull up wit yo bitch just to make these niggas sick,1
"This is way past George Floyd. Everyone is agreement that Floyd was preventable &amp; was tragic. But Democrat approved groups; Black Lives Matter &amp; Antifa are criminals. Pelosi loves them &amp; won't say anything bad about them even though children, teens, W &amp; B are getting killed",1
"FUCK YOU DUMB ASS CRACKER RT @tayyoung_: FUCK OBAMA, dumb ass nigger",1
“Millennials just don’t know...” - nigga who 29. Shut the fuck up dumb ass nigger. pic.twitter.com/KnBLkkNaCZ,1
Well you’re nice. Point is that Joey Negro is a white man called Dave and he is rightly being called out for his offensive name. Enjoy your evening and maybe do some reading.,1
she should go suck dick to some nigger porn! Fucking disgusting bitch. Sucking black dick for $50 worth of coke. -aunt Denise,1
@LilKimStepChild how the fuck is a nigger gonna live in a rich city and not be a celebrity. Bye dumb ass,1
“@AustinJohnson71: Oh wait I forgot all you niggers are dumb as fuck”,1
@BreakObama: @flyy_shvtt Trayvon deserved what he got. Punk Niggers best wise up and start acting right. Yoo Wtf fuck you dumb Crackers,1
Never said brits mate that’s you saying it & Dont say we when two white boys called my nigger at work this week and people are tweeting about Tyson dethroning negros. If it doesn’t apply to you then and keep scrolling.,1
"A black person who sells out and kisses up to racist white people, especially those who defend racist white people against blacks; an Uncle Tom, what Malcolm X called a House Negro.",1
"certain situations. Im grown and educated now & know the stories & history behind bigotry & racism. We are not jungle or woodland animals, colored or cotton-picking, savages, textbook niggers, thugs, sex objects or naturally violent criminals. If I know all this, why dont certain",1
Really??? Ignorant RT @Colton_Zappe: Fuck that dumb nigger Obama,1
"Fight RT ""@AYEE_CALEB: So you mad?? “@tayyoung_: FUCK OBAMA, dumb ass nigger”""",1
"RT @damncoons @LowKeyWooD listen nigger you heard wrong, you dumb spook. Nobody wants to fuck you dirty purple lip ... http://tmi.me/fDCYo",1
"Eh, if it were up to me the focus would be more on events in Outworld than anything the Black Dragon's doing anyway. Besides, there are three Black Dragons in the game as is. Doesn't help that past-self and future-self muddies the waters in MK11, though.",1
"Y'all see this though right!? RT -------> ""@tayyoung_: FUCK OBAMA, dumb ass nigger""",1
"They only like black athletes.. not their opinion, culture, or anything else. Like so many white people have said in the past, ""Just shut up and play the game.""",1
I hope u die u fuck n bitch ass faggit and ur rhymes r trash u dumb ass fucker just fuck n drop dead bitch nigger @Drake_YMCMB_,1
@2nigger4u I'm an ugly nigger?? Look at your skin dumb fuck your the only nigger I see. You ugly as dog shit Bitch,1
"Errtime we argue I keep realizing you’re a dumb fuck , is there such thing as a factory fault human being Mara ?Have u ever in ur life heard that men are suffering cos they are factory faults ?It’s a joke nigger ,but single mothers ?O serious jo gore u see them as 1 thing ?",1
@TheView Whoopi we black find nigger disgusting and offensive. You hide behind your money with that word. Watch Birth of A Nation.,1
"Wade u dumb fuck, stop throwing up dumb shit. U coulda atleast tried something towards the rim. Nigger u aimed at the shot clock",1
there is a festival called : el festival de blancos y negros there the black people white face and the white people black face,1
"What tonight's outcome means: White people still consider black people ""niggers."" End. Of. Story. Disgusting place we live in.",1
"4 more years!!!! Lmaoooooo RT @Yung_Trezzy “@tayyoung_: FUCK OBAMA, dumb ass nigger”your on suicide watch",1
"I wish you didn't just completely disreguard what I said. I meant that he didn't see anything from black people, hence why he's saying that. And also, he didn't say that black people didn't bring up Shane's past behavior. He said that he only saw it from white people.",1
"Black people not liking white people isn't racism, its cuz yall racist asfuk and we want NOTHING TO DO W U PASTY MAYO COLORED HOES",1
"Did she really wow RT @tayyoung_: FUCK OBAMA, dumb ass nigger",1
RT @notwiley: #letsbehonest no one gives a fuck about Haiti or the dumb niggers living there~~~~WWWOOOWWWWW,1
née /neɪ/ adjective Meaning: originally called grow /ɡrəʊ/ verb Meaning: become larger or greater over a period of time Now you see the white man called the black man Negro because the black man originally of growth can no longer grow.,1
"BITCH KILL YOURSELF SLOWLY RT @tayyoung_: FUCK OBAMA, dumb ass nigger",1
"LOL HERE U GO THINKIN U KNOW SHIT BUT U DONT KNOW ANYTHING. LMAO NIGGA WANNA BE RIGHT SO BAD. PLENTY PLACES OPEN PAST 10:30, U WRONG.",1
Zeke the same one who served suspension AS USUAL FOR BLACKS IN THE NFL for a crime he didn’t commit versus someone who I’m sure because I know you’re white named Riley cooper who called blacks niggers is a standup guy too I highly suggest you shut the fuck up you dumb bitch,1
"RT @tayyoung_ FUCK OBAMA, dumb ass nigger &lt;&lt; BITCH if you don't shut your fat ass up.",1
Fuck you champ bailey I fucking hate you fucking dumb ass nigger,1
" that ""dumb ass nigger"" is now YOUR PRESIDENT for 4 more years RT @tayyoung_: FUCK OBAMA, dumb ass nigger",1
"The USA is my country, if the past month has taught me anything, it is that in times of emergency, the only person you can count on is you, so be prepared. My scary black gun has never harmed anyone, and likely never will. Si vis pacem, para bellum. Look it up.",1
"Julias Malema and his EFF donated R12 Million to White Companies, the so called solidarity fund prioritise white companies first, not only that but it's also administered by Whites. So EFF domkops, stop calling us house negros when we associate ourselves with White companies.",1
michael clifford from 5sos fuck you you dumb ass nigger i h8 you follow me . @Michael5SOS x455,1
"Fuck you man,fuck you, dumb nigger",1
my 7th period is full of dumb freshmen and niggers fuck my life.,1
a cop just walked past the dudes slinging dope in the park without noticing anything but when a black man walk around em they all act suspicious,1
Okay you dumb nigger turn your shit down were not in thw hood you dumb black fuck,1
Your friends are all stupid niggers so how are they any help to you?! All they do is make you stupider you fucking dumb fuck,1
Also I read ur first one wrong,1
"On the daily that originated slave times. Being called a monkey, which relating to Negros Zoos back in slavery times. Black people are REMINDED daily that their ancestors were slaves, but white people can just push the idea away from them, because it doesnt economically 2/3",1
"Last in this session is Anthony Pratcher (Brown U), talking about connection betw/ debt + racism in urban areas ""The Colored Metropolis: Racial Integration as a Quotient of Metropolitan Development"" #ESS2018 #digitalsoc",1
@alexhahn_ DONT YOU TELL A NIGGER TO FUCK YOU SON OF A BITCH YOU DUMB ASS RETARD SUCK MY DICK FIRST AND THEN COME TALK TO ME MOTHER FUCKER!!,1
Fuck every nigger who want me but can't have me ! Dumb suckers keep trying ! Haha,1
Shut the fuck up you dumb nigger — Lmao! http://ask.fm/a/6hc12n56,1
RT @myeeshaanna Guess thas why lil nigger kids be swagged the fuck out and dumb as dirt...more important shit in life than money,1
"@MS_RENO disgusting, house niggers made the news. Navy Pier was a FAMILY scene until all the black teens start getting ignorant smh",1
And fuck the dumb nigger that stole it.,1
"But y’all dumb ass’s still Stan he called my bestie a NIGGER #Facts fuck him, his roger from family guy face, his skeletor hands, his “got something caught in my throat” voice he’s as overrated as his Sue Sylvester Polyester track suits ...and he’s too ugly to sell makeup",1
Seems as tho he is lmaooo “@OBEY_10x: You mad bro? “@Colton_Zappe: Fuck that dumb nigger Obama””,1
@PRAYINGFORHEAD keep RT stuff you dumb nigger! Kill ya self! Your adopted! Fuck my add till It bleeds! Stick your dick in my ear! Fuck it!!,1
"“@Will_LSUtrack: “@tayyoung_: FUCK OBAMA, dumb ass nigger” shut up bitch before I bus driver uppercut your ass.. Ole fuck ass hoe”",1
@MarkM447 @purowoookie @kingof_war_ nigger please social justice warrior is a dumb as fuck label,1
"RT @tayyoung_: FUCK OBAMA, dumb ass nigger http://lockerz.com/s/259504920",1
Please stop falling for tweets where some guy says outlandish shit like comparing being called incel to nigger. You really look dumb as fuck arguing with a guy who can’t see the irony in saying “people are too sensitive” while being whiny about everything just the same.,1
@AlexGnap1: @FeelMyMusic_843 shut the fuck up you dumb nigger ur gonna be the one takin it deep bet yu wont talk shit bout RMG Or FYF tho!,1
@MomsAgainstGam @ron_fournier @TheAtlantic that dumb nigger will do anything to distract from real issues. He don't give a fuck about gaming,1
Fuck I'ma dumb ass nigger - just lit the cigarette the wrong way (-_-'),1
@Ericjohnson111: @andrew_valeri22 @domcitriglia I'LL FUCK YOUR DICK UP DON'T THINK I WON'T YOU DUMB NIGGER,1
“@thispussyphat: If y'all Niggers in Ferguson don't Like the Laws Here than go back to Africa the fuck??” Dumb ass bitches like her,1
Did that happen cuz of XGP as ur postulating? Was Days Gone released unfinished and unpolished cuz of PSNow? What about the ton of other games w/ day one or first week patches? Did XGP cause those too?,1
"@goshawty123 why wud yu go there since they got so many of us NIGGERS, yu dumb fuck",1
“@hailll_: @DJB504 dumb fuck!!” Fuck you Trif life nigga dumb ass lickin cotton pickin skezza ass bitch!!! lol love ya nigger,1
Black ppl will neva prosper w/this Light skin/ Dark Skin slander.. it's disgusting amd pointless.. To the masses we're all niggers anyway..,1
"You’re not the first one i’ve seen do it, but people are retreating to these minute and petty reasons to get him cancelled or question his character? What other intention do you think your tweet has? But if you genuinely enjoy discussing his cologne stench with ur friends go off!",1
I mean if they knew anything about its past they certainly wouldn't be trying to accuse a type of performance popularized by Black people of being blackface.,1
"@Ernesto_RS1 My niggas is savage, ruthless. We aint goin our classes, we droppin out school",1
LEAVE ME WITH 13 HIBACHI TABLES? FUCK YOU DUMB ASS NIGGER,1
"@Pacers ""To see our dumb niggers not giving a fuck is exactly what I want to see i wanna see less effort so our gay team will be sold"" Vogel",1
"nahhhhh wtf don't say nigga/nigger if you ain't black whether its in a song or not you, have NO right saying that no matter the context. if you know the history behind it why tf say it. then have the fucking guts to say that saying black lives matter is disgusting wtf man",1
Zak u sound dumb because he's the one who says the verse... So HOW THE FUCK YOU SOUND NIGGER . #DUMB,1
@r8bbrt ryin seems chill and smart I apologized well tried to but he told me fuck off you dumb punk bitch ass nigger I didn't think he that,1
RT @Rainmargi2: RT @franco244: @Rainmargi2 I'm Italian you dumb nigger bitch==&gt; Fuck You! &gt; c what im saying about the n word not necessary,1
It was much better than you calling me a stupid fuck or a dumb nigger every two seconds. lol.,1
"we have to deal w mfs like ya who use this disgusting word in your vocab all day , unknowing if any history behind it, usin it as a form of “bro”. But when it comes down to being racist and makin a black person feel some type of way, you call em a nigga,nigger, monkey,etc-",1
He’s saying that the network was indirectly calling him a nigger dumb fucks,1
@antiDARKSKINNED she said they invented the word NIGGER bitch u dnt fall under THEY cause your LATINO not white u dumb fuck,1
I CANT UR ONE OF MY VERY FIRST MOOTS,1
RT @HG_JIGGI3: im bouta violate on facebook like fuck harlem fuck ygz fuck ybz lmao niggers gettin me tight wid dis dumb shit,1
"@ODDfuckingslim: Obama fuck ya mama “@tayyoung_: FUCK OBAMA, dumb ass nigger” OOOBBBAAAMMAAAAAAA!!!! THT NIGGER IS YOUR PRESIDENT!! LOL!!!",1
"They canceled that in my home town of Tulsa. Someone posted that the “negros” called the mayor complaining. Yes, I called her white-trash-ass out for it. Unreal. I’m so grateful not to live there anymore and deal with that mentality.",1
im gonna try leaving hints first im to scared to be straightforward with them shsnkaskan also !! i hope one day u get to be confidently open with ur family &lt;333,1
omg ur the first one who got it right,1
@camrenincrime because you called her a nigger you stupid bitch..blacks say nigga .Nigger is a racist term.dumb fuck.learn ya black history,1
"And i had his dumb laugh in my head that he always makes when he pisses me off, fuck niggers",1
"“@tayyoung_: FUCK OBAMA, dumb ass nigger” I hope your location is off...",1
"and this ""nigger"" would sleep the fuck out yo dumb ass so try and say some shit in person",1
"Fuck dude 4 what he did 2 that girl, fuck ppl that cosign it &amp; fuck him for being yet another dumb niggER who makes Chicago look like shit.",1
"@RuizManny yeah. Dude bus ride there. Phenomenal. Holy fuck. ""You know what grinds my gears!? Niggers!"" Jeremiahs so dumb!!!!",1
Oh boy...looks like we have ANOTHER forgiving negro who doesn't want to purse criminal charges against the White woman who called the cops on him. You think that White woman would be so forgiving if the cops believed her lie???,1
Okay. Listen too me YOU DUMB NIGGERS!!!! ZIMMERMAN IS HISPANIC!!!!!! WATCH THE NEWS YOU IGNORANT FUCKS!,1
"“@tayyoung_: FUCK OBAMA, dumb ass nigger” stfu you dumb ass cracker.",1
"The legend. One of my earliest inspirations. The first guitar solo I ever learnt (need ur love so bad). An amazing songwriter, guitarist and voice. Rest in Power - Peter Green. Forget The Stones, Clapton etc. Mr… https://www.instagram.com/p/CDJnLnFAg8p/?igshid=11n1vfxmp6raz",1
"we- it was ur first @has to sit on this chair, that blue spiky one",1
"Fuck these dumb niggers coming to royal oak tonight i ""Finna"" dip to Canada",1
"@TyRonJohnson23 you don't have to be full black to act like a nigger. Your beig disgusting ,disrespectful, &amp;ignorant.Everything a nigger is",1
"She Joe Jackson mad! “@SmASHing_1: Yu mad?? //“@MiLF_CH0C0LATE: Simmer down Pearl! “@tayyoung_: FUCK OBAMA, dumb ass nigger”””",1
"I've been in similar situations, one in particular took a toll on me. It's easy to oversee that bc you're just eager to help and you end up forgetting thats there's a chance that you might be being taken advantage of, and that doesn't even pass through ur mind at first. It hurts.",1
"@slayindemons - oNE OF MY FIRST MOOTS!! aa ily! - ur my giant baby uwu - keep doing what u love bebe, i'll support no matter what! &lt;3",1
What if I Sean Kingston the fuck outta myself? let us all pray that this dumb nigger Li' Wayne never makes another PSA.,1
"Saying fuck blacks, niggers, whites, crackas, spics, slavs, or any other racial dumb fuck remark it's 2010 GROW UP #thatsanono",1
SHUT THE FUCK UP. DONT SAY NIGGA OR NIGGER. You're looking dumb as fuck right now please shut up please,1
@MarsBars1335 that's your a nigger that's your natural color you dumb fuck,1
To see if something special was keeping him so resilient. They also tortured our albino brothers and sisters “white negros” as they called them baffles why their skiln lossed it’s melanin over time. Know your history and what they did to us teach your babies,1
Stfu! RT @imThatDUDE_BM: @smokee_banks lol Chaunasee and brittane some dumb niggers fuck them,1
"White people like dis slut ---->>>> RT @tayyoung_: FUCK OBAMA, dumb ass nigger",1
Dumb ugly nigger name Wayne Positive trash soft ass nigga fuck red and white not interested dumb ugly nigger pic.twitter.com/j31sFLBvIq,1
@RespectMaDougie I don't mind a white chick with a black nigger cause then I can relate. But white on white is just disgusting -____-,1
"FUCK YOU THAT SAY ""NIGGA"" AND ""NIGGER"" ARE DIFFERENT BECAUSE ITS NOT DUMB ASS.",1
These past few months people have learned NOTHING. Spewing anti Semitic speech isn’t doing anything for black people. Critique exists &amp; that isn’t it. People are saying anything regarding Jewish people at this point.,1
“@ChipotleTweets: We are now in full support of the Nazi Party. Fuck that nigger Obama!” Gtfo fr dumb shit pisses me off,1
Lmfaooo. Dumb ass ignorant ass bitch. RT @anacondaaa__: @bdvg_lat shut the fuck you nigger,1
"First return your loot then we can negotiate you are the one feed on behalf of ur peoples arrogance,”mtu wetu”, Mungu hapendi wajinga",1
first riko ur again since like 2years.........&amp;my 2nd fav one too i deserve this so much after scouting for every riko always and getting Nothing,1
I've been a reveluv for a while now but this is my first stan account... I'm looking for my fellow reveluvs like or rt if ur one,1
"We can’t do anything about the past but we can do something about the future. The United States has the largest population of black millionaires and billionaires. Obviously, most people would be content with prosperous and safe lives with access to equal opportunity.",1
"@MrGQ_L #welldamn I didn't even get a thanks for telling ya dumb ass happy father's day or dedicating a stat to you, fuck you!!! Nigger",1
"Fuck you niggers -KKK — Nice question, dumb cracker http://ask.fm/a/9mpfjm9n",1
"i got work to do, fuck y'all dumb makin video finna lose against MLK talM shit drivin daddy truck can't beefit up niggers #FUCKWRONGWITCHALL",1
"That's pretty much the gist of it. If I've learned anything over the past couple years, is that there are no good Republicans. There are people who will learn the errors of their ways and change, and that's great, but most of the time, they don't. And those people can fuck off.",1
"Ha ha ha. This should not affect you Rob. Come on, it can be anything from poor choice in wording to negative past experience with black people to truly racist (the ones who hate black for free) Racist is a strong word applicable to the later category. Others are just clumsy",1
Lol yo name dumb as fuck. Why yo middle name and yo first name start with the same letter and your last name mexican and u a dirty nigger?!,1
"He definitely called him a negro. His old ass life is ruined. Black people when are we gonna wake up!!!!!! Not saying that every white person is racist, but when they’re upset with us we’re “you people” or “niggers”",1
RT @_shamissmoney: Shut the FUCK up!!!!!! Shit!!! Dumb fucking bitches and stupid fucking niggers!! YES!!! NIGGERS.....,1
Lea is annoyin as fuck and Brandi is a fuckin dumb ass nigger bitch..,1
so mii homegirl in trouble .. dat bii told dis white girl fuck yu .. ahahaha but she called her a nigger &amp; a dumb bitch . ii wld of too.!,1
"@wizcrdwheezes HIHIHI ILY FROM THE BOTTOM OF MY HEART !! ur one of the first ppl in wwa who i started to love, u made me start saying ‘asf’ bae you genuinely always make me laugh so hard, (even tho ur a ray anti boo ), i even started dreaming abt u.. ",1
DUMB FUCKING CUNT RANGERS PUSSY BITCH NIGGER FAGGOTS FUCK,1
@FountainOfElly your a dumb nigger fuck you,1
I swear to god this dumb ass ratchet nigger bitch needs to shut the fuck up.,1
Uneducated nigger. Step out if bounds dumb fuck. Way blow it for the 1000000 time.,1
You 2 dumb ugly fuck nigger name Wayne Positive trash soft ass nigga pic.twitter.com/mceSUhy08Z,1
@KailaRinghoff dumb fuck nigger boy ass nigger ;),1
"(Acts 29:17460) THOUGHT that God was a pale sick Anglo white albino mulatto Caucasian Nephilim colorless creature just like Satan is, what the white preachers taught in their devil's temples called Christian churches, the ""state"" of the non-divine dark skinned ""Golden"" Negro",1
racism won? Dnt b stupid blacks feel more racism now under Obama than N the last 40 years. I'm colored and u dnt speak 4me,1
"“@UncleSalvo: I'm not even saying fuck Feds, I'm saying fuck dumb niggers and fuck basic trappers.” my nigga tell em",1
"I will never forget in year 5, two white girls in my class called me a negro in the playground and when i said i was gonna tell they started crying and guilt tripped me into not saying anything... and i really stayed “friends” with them and everything",1
I am watching a documentary called I am not your negro by James Baldwin very powerful documentary never seen it before I suggest black white asian for all to watch.,1
"@ILoveeHoess LIE AGAIN YOU MOTHERFUCKING , SLURING , SHIT FACER , RACIST , NIGGER CALLING , DUMB FUCK !!",1
"This is dumb little crusty cunt said ""sand niggers are responsible for the paris attack"" bitch Jesus was middle eastern.fuck u",1
"@TuckMyJPP YOU DUMB BITCH,THE RAIDERS ARE STILL MUCH BETTER. GIANTS ARE A BUNCH OF NIGGER PUSSIES YOU APESHIT SLOP FUCK",1
"“@omfgsogay: vanna = nigger” this is the 20th century, come up with a better comeback because news flash, I am black dumb fuck",1
"Is he Dylan roof cousin. I think we have given them enough. Who you wit? ...I hope that's not yeast. Because what does this have to do with anything. My brother's getting hung by noose. Legislation getting past for them people. I expect it from them,.. but not us",1
You know you a níggér too right? Like this whole AA vs Africans &amp; Caribbeans is dumb ass fuck,1
WOW!!! this bitch is dumb as shit.. holy fuck @Pussy_AndHeroin: Who is troy davis?? Yall are always trying to free some nigger on twitter.”,1
@IHummble fuck Oryx I killed that dumb nigger twice,1
"Are you kidding me. That dumb fucking nigger was a community organiser who never had a job.He is a muslim and fuck them, allah and Koran too",1
"@tayyoung_: FUCK OBAMA, dumb ass nigger SHUT THE FUCK UP BITCH.",1
Why the sweet fuck dose sa bleed blue what the fuck is tht your blood is red you dumb nigger and it's on our turf so will paint er again nig,1
'That nigger dumb as fuck in class but he can cover a pass rush' coaches at universities,1
"FUCK U DUMB SCUM ""@goshawty123: mitt romney is winning &amp;&amp; you niggers are doomed :) #excited you'll regret sending me hate when your my fam""",1
"Boy who the fuck are you I will slap white off yo peckerwood ass twitter gangsta RT @Coydoghowler: @2swishaz No, just a dumb nigger.",1
@JAYVERSACE shut the fuck up you dumb SJW nigger,1
So what r y’all *possible* first dance songs @ur future wedding? One of my options is Estoy Perdido de Los Tres Ases,1
"what's ""af""? You illiterate nigger. Fucking black peo... — It stands for AS FUCK, you dumb cunt lol. That's why ... http://ask.fm/a/4db3j82p",1
People really getting mad over that nigger word again? Fuck you people are dumb.,1
"I have no desire to go to a “black only” anything Im just saying we need to have grace for things that were made during segregated times where you virtually had no choice, or for things meant to help ease the weight of our past by creating more opportunities for poc, today.",1
RT “@JammerKill: ...obama says the state of the union is good. Where the fuck has this dumb nigger been...'' pic.twitter.com/sYL5lP2N,1
“@Haerr33: Da fuck RT @brittd1178: Everybody get out and vote so we can get this nigger out of office!” Something a dumb hoe would say,1
"@OhYouFancyHuhFB: Hahaha yurrr maddddd RT @tayyoung_: FUCK OBAMA, dumb ass niggerhell yeah she is lmfaoooo ahhhhh!!!!!",1
Just asking which people on the planet weren't BLACK anything past 6.5 thousand years ago would have answered your question.,1
"@GoodWood_Nyc obviously your the dumbass for not knowing where the fuck it is bitchhhhh :) dumb ass nigger , smh",1
"She's getting community service for racial attacks, but not just a ""nigger"" here or ""Black ------"" there. She went as far as to basically poison her victim. This is fucking disgusting. (2)",1
@MariaSalaz10 fuck that shit every nigga for himself there's a difference between a dumb and smart nigger,1
Oh I'm 18 and going to keep trying huh FUCK U DUMB NIGGER,1
@Christen_Daland your a dumb nigger bitch shut the fuck up,1
"I see you must be really upset lol #OBAMA2012 bitch ""@tayyoung_: FUCK OBAMA, dumb ass nigger""",1
"they my favirote and they cant even melt the damn cheese..awe fuck bin laden, these dumb azz nigger here...lmao",1
Lots of democrats including brown men and old wormen and white women... apologized for that incident. Why cherry pick one example to try and turn it into a racist or sexist issue? Is this some kind of reverse racism and reverse sexism? Hes simply trying to reign in the radicals.,1
"#Racism is wen u lyk lesbians n h8 gays,wen white iPhones r mo xpensive dan black ones,wen u wash u white laundry b4 colored ones,wen..",1
"@brittd1178 , STFU BTC ! You look like a SAW mask . NIGGERS ARE THE BEST DUMB FUCK , BTC WHERE YO LOCATION AT?",1
"Racism is when u select your White clothes to wash first before the Black Colored ones... Don't be a racist! Wash them all together!""",1
Fuck red and white dumb ugly nigger name Wayne Positive trash soft ass nigga &amp; ugly ass Chris call 411pain pic.twitter.com/SMeiCrY1Hu,1
@domusus I know enough to know that the dumb nigger has ran our country down the drain. Stupid fuck.,1
"@tayyoung_: FUCK OBAMA, dumb ass nigger oh so you tough now... &amp; you do realize the man is half white too dumb ass!",1
@AyyJesus @jesuswlks NIGGER YOU DUMB FUCK,1
"So Themba Godi decides black professionals are ""house niggers"" yes with the 'ers'. Disgusting!",1
"@TheKidJR_: Suck some dick bitch RT“@tayyoung_: FUCK OBAMA, dumb ass nigger” lmaoooo she is U.P.S.E.T",1
"lol, stay classy RT @PoeJace: I hope pk subban fucking dies tonight, someone better fuck him up, dumb nigger shouldn't be playing hockey",1
"Bitch is dumb as fuck!!! All u can do is PRAY RT @dlatham21: “@tayyoung_: FUCK OBAMA, dumb ass nigger” y'all see this shit.........",1
who the fuck is this dumb new nigger doing carts he fucking sucks,1
"Die of aids! RT @soso_queens: There goes ur mentions RT""@tayyoung_: FUCK OBAMA, dumb ass nigger""",1
"Also, ""colored"" is COMPLETELY out of popular usage as a word to refer to Black people, has been for decades, and is offensive now. I'm sure you don't mean any harm, but Mormons/Utah are playing catch-up compared to the rest of the U.S./world on racism, and your verbiage is proof.",1
Follow Money! Glenn Beck did an investigation into “Tide” laundering money 4 BLM & other “charitable” orgs & No one knows where money goes but there is a foriegn element involved w/scheme! Past BLM leaders say it’s all pretty shady &amp; doesn’t have anything to do w/Black Lives!,1
"@Dready_supaHigh: “@TeaTimeWithTiny: Awwww RT @tayyoung_: FUCK OBAMA, dumb ass nigger” oh so you mad??? Poor thing",1
"Can anybody explain why that black security guy didn't do anything and he just walked past the victim unfazed, and then continued going the opposite way of where the criminal went?",1
"Lmfao “@StinaBnasty: Girl..... RT @tayyoung_: FUCK OBAMA, dumb ass nigger”",1
"@Broke_Lotis nigger, Draco was grimey. That's all the balls he needs. He was just dumb cuz he gave too many fucks.",1
"@blewyt I have black and white grand-kids, are they supposed to run around and call each other nigger and whitey and darky, DISGUSTING!",1
"http://twitpic.com/baztab RT @MeSoINoItsReal8: RT @tayyoung_: FUCK OBAMA, dumb ass nigger",1
Yea u so hard then the fuck u trippin over the cops ... Ftp n fuck u to u punk bitch like scared of u ur nothing I'm calling u bitch u fuckin dumb ass NIGGER,1
NO Racism: 'And U Calling Me Colored' by African Child http://wp.me/p3APrP-om,1
"@SeandaleHayward: @Henrycuh3rd @IColbert3 Woah woah Woah, chill out talkin like you dumb James... Wassup niggafuck yu bitch ass nigger",1
Big “my family called me ‘el negro’ growing up so I now hang out with racist white men who also think less of those I was compared to as a child (but wouldn’t hesitate to throw me over the wall themselves if I slipped up)” energy,1
I am not asking you to get over anything. I’m asking you to leave the past back there and comparing it to today. I’m asking you to not fall into the divisive traps and to focus your energies on changing the future for young black children. But we pollute them with our beliefs...,1
If you were so smart you would have realized I was busting you for a typo. I fuck with dumb niggers all day. White power!,1
"But ""Redskin"" is not a racial slur, at least most people of Indian descent don't think so. Did you know that the Negro Leagues (another racial slur, according to White liberals) had multiple teams called ""Cuban""? How is that any different? No one dares to call them racist.",1
Only experienced real love once in my life.. these days it's either you u a dumb fuck that gets used for certain gains.. or u a sorry nigger that a year can pass without u kissing someone..,1
Racism is when u select your White clothes to wash first before the Black Colored ones... Don't be a racist! Wash them all together.,1
Fuck all u niggers,1
"WTF?! Real niggers don't dumb chicks? I dump a hoe..in the bush, lifeless. I don't give a fuck",1
"She'll get over it lol RT @YungKnight: LINEBACKER BUILT ASS ... YOU MAD ? “@tayyoung_: FUCK OBAMA, dumb ass nigger”",1
Racism within the same race lmao #JealousTweet RT @SammyChampagne U waffle colored niggas disgust me.,1
white people did not invent nigger...this dumb fuck should not be defending something he knows nothing about,1
@A_Ramsey253 @Bamaloc fuck both of u dumb ass niggers!!!!,1
"It really sucks, Those ppl who first follow n thn after getting follow bck.&gt;unfollow. u r no celebrities.ok? I repeat U AR NO CELEBRITIES. P S : Whosoever plays ths game with me.remember, before u refresh to chk ur following figures,ur followers would be lacking one too",1
Of course this dumb nigger is gonna get in front of me even though I've been waiting longer. Fuck people annoy me.,1
@eriksonhayes stupid cunt dumb ass ugly ass nigger. and your mom sucks dick you dumb bitch. fuck your family and your friends. BIOTCH,1
Who the fuck googled holding nigger child!!! Bitch is you dumb !,1
Ur first tattoo was a match to this one...... urs has my fave color red and mines has ur fave color purple....... we both have our tattoos on our ankles...... u wanted to be a G so bad and… https://www.instagram.com/p/CDKAt0AhcA21tYrLOGHbHcV10Q6T7nS3NQdo7s0/?igshid=qx7mqgal7nc4,1
i saw what you said first so nct will be defended rn. clearly no one else is checking u. idk why ur excusing what u did when u know ur both in the wrong,1
"Facts bro, I’m always the one askin to ft and shi, I’m always the one carin bout ppl but people never text me “good morning”, “how was ur day?” First, I’m always the one to ask. Shi hurts sometimes bro.",1
I worked at a Coffee Shop here locally. I heard nigger and saw the way they reacted to bikers and black folks. It was disgusting and I quit as fast as I could!,1
sum niggers are dumb as fuck!!,1
@pandas4L how about you FUCK OFF YOU DUMB NIGGER,1
I personally believe he has changed I haven’t seen anything recently showing he is racist. Yeah he has done stuff in the past but he has apologized for it and changed I mean he whole heartedly supports the black lives matter movement.,1
“@UpperrEchellonn: @tremalika_ follow me back nigger” I did dumb fuck !,1
@Josh_D_Manning TYPICAL DUMB ASS NIGGER. YOU SAID RAISED WHEN YOU SHOULD HAVE SAID RAISE. GO BACK TO SCHOOL DUMB FUCK,1
To the dumb fuck nigger who decided 75 mph wasn't fast enough for u &amp; decided to sideswipe my car- With my daughter in the backseat: fuck u!,1
"You A DUMB FUCK ! Illiterate Ass ! “@goshawty123: black people who still think sayin nigger is racist , get a fucken life .”""",1
"@Reactics fuck you?m, dumb nigger",1
"Well.. when a county unleashes bio war on U.. that should hv been ur first clue. ""One China"" is their goal and they dont mean just within their country. They kill millions of their own without regret. Do U think they care about millions in other countries to reach their goals?",1
@SmooveCac the fuck that mean you dumb monkey ass nigger,1
@stevejewbs oh my bad you dumb fuck now your spell check is on...if you gone pull the nuts out your mouth to call me a nigger spell it right,1
"Get on her a** ----> RT “@tayyoung_: FUCK OBAMA, dumb ass nigger”",1
"Again, an ""unruly"" or ""group of teens"" means they are all black. Also described in the article is several groups battling. This is called negro tribal warfare. There are no pictures because they don't want you to notice, had it in fact been white people the article would've said.",1
"My problems have NOTHING to do with certain people feeling entitled and when you call them out get called a “nigger” , you sound dumb as fuck",1
"Hope America aren't dumb enough to try to kill this nigger at night, he's already black as fuck!!!",1
@AlexisRitchie7 u did u broke up with me for some fucking nigger fuck tht dumb black bitch,1
"@TimScottSC apparently your wearing the same rose colored glasses that ALL republicans do... The glasses of of racism &amp; division! U will up for reelection someday &amp; Voters WILL NOT FORGET WHICH SIDE YOUR ON! Not Red vs. Blue rather RED,WHITE AND B",1
“@Austinnian: Shit i remember when i went to the watchers they called me a dumb cock sucking nigger lol fuck heads”,1
"She salty for the next 4 years RT @Tweet_DatAss: someone's salty “@TeaTimeWithTiny: Awwww RT @tayyoung_: FUCK OBAMA, dumb ass nigger”",1
"So I’m watching this documentary on Netflix called who killed Malcolm X &amp; one of the white reporters says something to the effect of “The speaker is a Negro who refuses to use his last name, he refers to himself as Malcolm X”",1
"If you wear Jordans, and you ain't getting them junts that drop tomorrow you a dumb ass fuck nigger.",1
@scotthallhater @cherryferretti I DOUBT SHE FUCKS DUMB NIGGERS LIKE YOU BOY!,1
"So just to be clear, is the label of negro the same as African American or black? What about colored people? Any identification with race is a label that dehumanizes humans and generalizes us all based on looks. We need to ask why are we still called black, white, etc in the US?",1
YESSS UR THE FIRST ONE I MET,1
Dumb Fuck spilling beer on me! Nigger must go home or just die now!,1
"Me: She wanna fuck and I say... Faisal: Amen Me: No, church you dumb nigger! Lmmmaaaooo",1
"O_o RT @tayyoung_: FUCK OBAMA, dumb ass nigger",1
Tokyo Hot n1049 Endless Sex Drive - http://t.co/XvANjZ5NRa #dailyxLover #jav #asian http://t.co/E43UZ5RxcH,1
!!!!!!!! RT @BootyNDaBrain: Lol I can't fuck a dumb nigger! No matter how cute he is hey? My juices are stimulated by conversation,1
Nigerians really don't give a fuck about the Niger Delta do they??? Smh...too busy watching big brother africa or whatever dumb shit,1
"Instead of using Twitter to extend condolences to the bereaved families of the soldiers KIA in Niger, @realDonaldTrump is making the story all about him. It's disgusting. Worse, he's yet again condemning Black women who speak out against him. #FBR #Resist",1
"RT @tayyoung_ FUCK OBAMA, dumb ass nigger}BITCH SHUT THE FUCK UP AND SUCK THAT NIGGER DICK HE STILL YO WHITE ASS PRESIDENT BIIIIIIIITCHH",1
"@herr_gibson: Ha Ha!! fucking faggot lakers suck dick! Laker fans are gay. Fuck Kobe and Phil Jackson, two dumb niggers. #tellumYuMadd",1
You do know Negro means black in Spanish right? If I called you white and you're white would it be an insult or racist?,1
Wow so typical. “Colored people” really?? Wow... you don’t even try to hide your racism at all. Blatant and proud huh? They are People of Color. THAT is how we refer to them. That gives them dignity and respect as an oppressed group. Go back to your KKK meeting u MILKFACE!!!,1
"http://deadspin.com/5968935/take-that-nigger-off-the-tv-we-wanna-watch-football-idiots-respond-to-nbc-pre+empting-sunday-night-football @jard212 Cousin fucking hillbillies calling the CiC a ""nigger"". it shows their twitter handles too, dumb fucks.",1
"Serious lip injection tit_Head RT ""@RedheadEliza: You should consider lip injection. RT @tayyoung_: FUCK OBAMA, dumb ass nigger""",1
Dumb ignorant fucks. If yall had your parent getting shot at by niggers and Mexicans yall would understand why most cops deserve respect.,1
"@tayyoung_: FUCK OBAMA, dumb ass nigger -- lol you mad huh?",1
Fuck you dumb ass nigger go KKK — http://ask.fm/a/2mj64ed2,1
greg please unblock me you bitch ass nigger ass bitch fuck ass dick shit poopy fuck dang ass shit hell fuck farting dumb *piccy of ur face!*,1
@bgeise3 it technically a surgery you dumb fuck. So know your fucking facts faggot. NIGGER ASS BITCH FUCK YOU YOU QUEER FUCK,1
This guy calling me a loser & he plays cod for a living... Bro shut the fuck up &amp; get a real job dumb nigger,1
@RealWizKhalifa ur wack as fuck you dumb nigger,1
You dumb fuck. “@goshawty123: plz get shot like that other nigger Tupac @barackobama”,1
@Leanna_05 that dude was a dumb fuck wan call u a nigger then steal my big big nas jay z mobb deep and wu tang cd collection THE NERVE,1
you are so PRETTY omg you kind look like peggy carter in the first one (if ur a marvel fan hehe) I like the choppy bangs in the third one btw it suits you!!,1
Had to delete because I don’t want to seem like I can’t spell so. “Nigga” is a slang word for “nigger” so that’s why it is disrespectful and also disgusting. Two it shows me you have no respect for your black friends Bc you’re calling them that and saying it around them,1
"@tayyoung_: FUCK OBAMA, dumb ass nigger bitch!",1
"Don't put anything past them. They will cheat, their voters know it &amp; R fine with it. Know this &amp; be prepared! Where they can cheat, they will! A lot of Southern States have 0 pro teams, so get together &amp; be prepared. Some Black ppl got $, so spend it on this! @jemelehill @PTI",1
Stfu about Ariel the decision has been made already lol calling black people niggers over a decision that we had no say on is disgusting stfu it honestly getting real annoying,1
@IGJunkie racism is everywhere for example the incident you had being called a nigger outside your apartment right here in Cincinnati,1
And u have all these Black cops playing house nigger to the white Sargent it was fuckin disgusting if you ask me ...,1
"Makes no sense for Naomi to be the most naturally gifted woman in the company yet they don't give her what she deserves for the work she's put in at @WWE. Wouldn't put it past them if her being black has anything to do with it, wrestling fans are racist &amp;the company condones that",1
"@CrystBot Stfu dumb nigger , Isn't it weird that THAT episode was being played at THAT time fat fuck",1
If you design a dress for a black female and call another black female a dumb nigger I find your actions to be biased and disgusting,1
Why do black women always have big boobs but their nipples are always disgusting? #niggers #women #nips #niggertits,1
GET THE FUCK OVA IT AND MOVE ON. LEAVE ME OUT UR BROKE ASS PICTURE DUMB NIGGER,1
"Men are zooo ztupidd yazzzz queen ""ztraight ciz people are zcuuum yazzz"" ""fucking women ruining everything"" ""white people dumb AMIRITE L.O.L"" ""fucking niggers"" fuck all of you, seriously, the world is divided thanks to you",1
Some of your niggers dumb as fuck wearing V necks with leather jackets what you'll bitches trying to be cute #Homo niggers its cold out,1
"3) U DN'T SPEAK 4US!!, WE DNT LIKE BEING CALLED POCs, IT'S THE SAME AS CALLING US ""COLORED PPL"", IT TOOK US 6 DECADES 2SHED THAT LABEL, SO U &amp; UR SQUAD HAVE NO RGHT 2SLAP THAT LABEL BCK ON US!! U PPL ARE SO IGNORANT!!..WE'RE SURVIVORS OF RACISM, NOT VICS!! #BlackVoices4Trump2020",1
"right, and i agree that white companies who exploited black ppl in the past should redistribute their assets. but calling for all generational wealth to be redistributed simply because poor people can’t pass anything down is unfair",1
"Lmao :( RT @tayyoung_: FUCK OBAMA, dumb ass nigger",1
nigga i'm laying down tryna sleep get to bed dumb nigger fuck god damn you tweet like a straight hood nigger,1
"He didn’t even acknowledge calling me “[his] resident Negro”. At all. My white showrunner touched me, called me a Negro, used the n-word, my white co-workers didn’t back me up, a white producer told me to keep it under wraps for sake of the show and I FUCKING DID!! (7/8)",1
"Just a reminder, it's absolutely disgusting to see the same people who would prank call me saying ”wasup nig”, throw food at my friends and I at lunch while making monkey noises, and tweet ”nigger” as if it's a joke ACT as if they care about Black lives please FUCK OFF.",1
"lmfao you call my brother a ""nigger"" , but then turn right around and try to fuck my BLACK cousin? makes a lot of sincee, dumb ass.",1
"@MrStehl_YoGirl just by using the word nigger, u are considered ignorant dumb fuck.",1
Fucking boys think I'm dumb &amp; that they can play me ar they Dumb !!!!! Dpmo fuck niggers str8 on this white boy flex,1
Negro was Not a Racial Slur and was used in the 60’s through 80’s with respect until Blacks preferred to be called African American. Negro just means Black like Blanco means White!,1
"@marshannn: “@tayyoung_: FUCK OBAMA, dumb ass nigger” FUCK YOU dumb ass whore #thisbitch seriously what an ignorant bitch. #retard",1
"That's correct, if these particular, as you stated ""negros"" stopped breaking the law and committing crimes the police wouldn't be getting called out to them. Also, if they didn't harbor such hatred for white officers they wouldn't resist arrest and fight causing more problems.",1
"Negro superseded colored as the most polite word for African Americans at a time when black was considered more offensive. Now they're called people of color -- which is exactly the same as colored people. And evidently, white is no longer a color. It's all very confusing",1
"it was the work of a group of racists who think black people are niggers and the disgusting black money whores who enable them. the end,",1
"@B_Rossi123 naw fuck that you said some dumb shit like last week in school. Me and all my ""niggers"" got a problem.",1
"@tayyoung_: FUCK OBAMA, dumb ass nigger &lt;--- look y'all",1
"I disagree with your reading of it. Why would there be racism in a meeting where their necks or on the line? I understand it to mean that from the discussion, they couldn't pick up that there wasn't any during the incident.",1
"Cause if you aren't hitting it, you're just a dumb fuck my nigger.",1
Contact - Coast to Coast AM http://www.coasttocoastam.com/pages/contact Fuck you--you're fired--you dumb nigger shit. Bite my themite ass--you fucking queer.,1
These dumb bitches on teen mom are stupid as fuck. k janelle that Niger put his hands on you..Fuckin leave him.,1
"@tayyoung_: FUCK OBAMA, dumb ass nigger GET OVER IT!!!!! Or KILL YOSELF!!!!",1
"mark cuban is a dumb fuck, a super pussy, what he says is wrong or meaningless, to coin a phrase he is a cowardly nigger lover.",1
They have black ppl in the past. Came on the show and said yeah I don’t take anything back and stand on what I said. And I said yeah I agree. Then that’s still racist. Just because I didn’t say ohh I hate Black ppl on the interview. Doesn’t change the meaning behind it,1
@bnuno125 some dumb asses at club rodeo yelled at me and and ashley and told her to get in their car and said fuck that nigger,1
You 2 dumb ugly fuck nigger name wayne &amp; ugly ass chris black brown positive positive your not red ugly ass wayne pic.twitter.com/Gco24jHrCN,1
Like seriously go the fuck home you dumb niggers,1
@_xmoneica these Dumb ass niggers never know what the fuck they want in the drive thru,1
“@karennaduhdabs_: To that dumb nigger: nigga you stupid as fuck”,1
loved getting called negro at work by old white members,1
BRO THE WAY UR VOICE WAS THE FIRST ONE I HEARD AFTER WAKING UP,1
"How the fuck does @Crimzilla_ win all these dumb ass tourneys, I'm way better then his dumb nigger ass. Only can win stupid shit-@zJuVeNiLe",1
"Man fuck these bitch ass niggers, how ya'll doing I'm lil tunchi, imma nuscense, I go stupid, I go dumb like the three stooges!",1
I Been rocking w you since ur first irl vs fredo and the way u went from one of the most hated TO THE MOST LOVED IN THE COMMUNITY. I’m proud of u bro frfr,1
You are a Racist if u select your white clothes to wash b4 the black and colored ones..Stop Racism! Wash them all 2geda!.. Nutin Doeth Thou!,1
UR THE FIRST ONE BAE,1
Dumb fucking niggers always sit in my seat. Why the fuck did you care so much when you got sent to the back before.,1
"So This Zimmerman Vs DMX Shit Is Really Hyping You Ignorant Ass Niggers Up? And Yes I Said Niggers, Because Yall Are Dumb As Fuck!",1
RT @jayy100k_: Idgaf what my shorty wear cause niggas can look buh can't have ð¤·ð½ââï¸ðð¾not Finna stop ha from looking bad asl ð¤¤,1
@tiffsmells i'm a dumb nigger now&gt;:o ? Well fuck you then &gt;.&gt;ttt,1
ur gna be the first person i dm one sec,1
"“@tayyoung_: FUCK OBAMA, dumb ass nigger” So U Mad Huh ?? Lmaooo",1
good for nothing niggers ... look im bout to become a cop so i can kill yawl legally..... shiii yawl dumb fucks dont get that there are laws,1
"@YoungGoon1019 Idgaf Yu Fake AF Dumb Ass Monkeys Really ? Yu Knw Yu A Fake Ass Front One Minute We Ya Friends The Next We ""Niggers"" FUCK YOU",1
"To all you dumb fucks that keep saying it's ""nigger day"" go jump of a bridge.. a nigger is trash! So try again.. And You're Welcome ",1
RT @AntonioFrench: I spent the morning at the Board of Elections getting maps/data to start registering every black person in #Ferguson. ht…,1
"Right now, it's hard to say anything is ""just sports"" though I've certainly held that opinion in the past. This was @BubbaWallace responding to a complete racist POS who has been throwing hate at a ton of black athletes right now... hiding behind, ""it's just sports"".",1
Wasn’t even being sarcastic you really called black ppl niggers in a derogatory manner. Fucking disgusting,1
"#BunnyHumor No longer a Black word, I can say Nigger &amp; not b racist. Twerking: Shaking a disgusting fat ass only a nigger can luv. There, C?",1
"“white ppl can experience racism, why are you so ignorant?” RACISM IS TARGETED TOWARDS OPPRESED COLORED PPL… U R NEITHER OF THEM",1
"this ""kid"" works for the school district on purpose. also based on my logic, thass literally how fucking labels are created. another thing: how are you gonna tell us who we are? remind yourselves black don't want to be called negro and white women don't want to be Karens.",1
"Your fucking little nigger brood of assholes are so fucking dumb, my brothers says I can fuck y'all to hell. http://fpme.link/wAHWnR",1
first impression: who added this person to the gc? your nickname in my head: penguins closeness ratings [1-10]: 7 do i like you: as a friend yes you are my: friend ever had a crush on you: no should you post this too: you already have one random thought: why is ur name penguins?,1
Those two mother fuckers withyhe fake jobs were Mexicans too bit my nigger millionaire mom is going to go on about how it's all my fault I wish that dumb bitch would die well before she expects bunch of dumb fucks,1
I WANT EVERYONE TO BAND YOUNG MONEY AND NIKI MINJ FUCK THAT ISLAND NIGGER HE WON YA DUMB BITCH,1
Someone's mad RT @Colton_Zappe: Fuck that dumb nigger Obama,1
I just can’t believe that a white man pointed and gesticulated at me and when I rebuked him and called him a poor negro,1
"@tbtrill ..costumes (dumb as fuck), held a rally, then someone passing by said nigger and everyone lost their minds.",1
@BrendanAlec: And that's why you shouldn't of traded sekac. Dumb fucks the nigger's useless @CanadiensMTL pic.twitter.com/HHXr9m7pvF,1
"@Eazyy16 if I'm not then get the fuck out of my DM's asking me to play. Just because I dodge your dumb nigger ass, now you wanna talk shit",1
You're a disgusting black bitch who has to participate in incest cause you can't collect a man who wants you for your small dick&amp;nigger naps,1
"You would be right if a lot of society wasnt already predicated on a lot of the shit these ""cancelled"" celebrities say and do. According to society, gay people dont deserve rights or to be respected, Black folks are ugly and disgusting niggers, and women regardless of age are...",1
@lovexlikewind fuck off nigger faggot you are a dumb faggot for me,1
"Uncle Tom, Oreo, Sellout, Coon, Token Negro, Racist, White Supremacist, Homophobe, Prejudice, Bigot, etc. What name have you been called (or unfortunately, used)? Dr. Tim Westley",1
like damn a whole 12 minute compilation of black men being called nigger by non black women for 1k. that’s embarrassing as fuck. I looked and saw only two black women sell out and not even to this point. disgusting but I mean I guess money talks for y’all I guess,1
@audrey_x0o: Morgan STFU nigger your a racist nd dumb.. so Fuck u bitch,1
Stop hateing dumb ugly fuck by your own stop hateing on my gifts ugly nigger name Wayne &amp; uglyassChris call 411pain pic.twitter.com/OS7I7a5QN2,1
ur first username and i'll rt one of ur first tweets,1
"i'm an old man who's stuck in the past, so anything i recommend to You is going to be of the 1970s ""Why is there a light on only in the attic of that spooky old house?"" variety. That said, try Burnt Offerings (1976), starring Oliver Reed, Karen Black and Bette Davis.",1
It's called white supremacy,1
"(Acts 29:17256) DARK Skinned ""Golden"" Negro) that (are assigned to condemnation by God called the ""TARES"" of Satan on this world which look like normal people, but the ""wrong colored"" people to be God's people because they are white instead of black dark skinned ""Golden"" Negro,",1
"@AlisonMorrisNOW dumb broad you clearly said nigger, take the L and resign. the fuck is wrong with you?",1
We must remove the liar and racist @SecNielsen from @DHSgov. No confidence. She learned her racism from #GeneralKelly and we know #GeneralKellyIsARacist from the #Niger soldier incident.,1
"You stupid piece of shit. That photo is of Sgt La David Johnson, who was LEFT BEHIND in Niger, his Wife disrespected and lied to by 45, John Kelly, and dumb fucks like you, and had an empty casket returned to the U.S. Fuck anything you have to say, punk bitch.",1
"..""god blessin all the trap niggaz""...who the fuck came up with that dumb ass nigger shit?!",1
RT @vanityfairmag: Tea Party Spokesman Says NAACP Has No Right to Lecture About Racism http://is.gd/drHr6 Take that u colored! :o,1
"It’s crazy when uu stop doing ur shii for one only person . But they person never take you serious! It’s like if I don’t text first , they won’t text me .. If u sad they jus will say what’s wrong :( but i know when people care or no . onmm but dis typee hurt so much !",1
All you niggas (make and female) walkin around holding your phones to your ear playing music out loud look DUMB AS FUCK &amp;&amp; YOU’RE ANNOYING! GET SOME GOTDAMN HEADPHONES AND SPARE US FROM YOUR TRASH ASS NIGGER MUSIC!,1
@YoungPlatinum @_Willyummm stop stalking people's tweets dumb fuck nigger do you not have anything better to do? You THAT obsessed,1
"Try Jenny Craig Miss Piggy !!! ""@tayyoung_: FUCK OBAMA, dumb ass nigger""",1
LMFAO HOLD ME JESUS RT @Joe_Schmucc: your mom would let them all fuck RT @Tjones3221: Seahawks are a bunch of dumb niggers,1
The narrative that jay doesn’t understand or know is dumb as fuck. I’m truly disappointed in all the football players who’s against Jay. THESE NIGGERS SMALL MINDED AS FUCK,1
I need a sketch comedy scene where colored folks are in white face just performing racism. Nigger still gets me.,1
No one commented? I shall be the first GOD I LOVE UR ART TOO U SEEM SO COOL LIKE SONIA UAWW,1
The media. I agree. The dumb fucks are saying Nyjier not Niger.,1
The fact that I don't have roots to trace is so upsetting. There's no traditional anything with black roots in my family. If I could change the past w/o changing the future I would.,1
"You dumb nigger, that’s the starting rate to get bums away from me. Get the fuck out my mentions. Bum",1
Twitter just prepped u 4 class! RT @LouSayMANANA: we're talking about racism and colored people in class......... uhhhh,1
@Yungironic and fuck english old house nigger.. like i give a fuck about english. dumb fucker,1
@fxxckoff: KILL THE NIGGERS fuck yu. I hope yu die in yo sleep tonight ima pray ob that shit yu dumb fuck.,1
"Lying black rapper films it's violent brother self proclaiming he is a' nigger' as it assaults a white employee who did not call him that...this is why black people are more likely to be in prison, this disgusting violent black man should be locked up not fit for a decent society",1
"Aww cry me a river :/ ..Then drown in it. RT@tayyoung_ FUCK OBAMA, dumb ass nigger",1
These dumb fucks might as well say. They want Obama out of office cause he's a black (nigger). Smfh.,1
"ANOTHER MAD ROMNEY FAN “@tayyoung_: FUCK OBAMA, dumb ass nigger”",1
"So mandem walk up on him like ""wah? who saying nigger to who called u a Nigger? you fucking dumb i will fuck u up in this bitch"" *coughs up flem Some random lady starts to hold me.. the fear of God I seen in his eyes when i started to wild out Her: See what u done U racist bih",1
"I ain't no nigger RT @BasedPirate: Somalis mad cause I'm dating a black guy, boo fucking hoo y'all black too dumb fucks",1
"@tayyoung_: FUCK OBAMA, dumb ass nigger--- Hey watch your mouth! Do you suck black athletes dick with those same lips!",1
"“@tayyoung_: FUCK OBAMA, dumb ass nigger” • hey cracker go suck a black dick..... nigger that hoe #TeamaOBAMA",1
You dumb fucks would rather buy ur kids a slave game then read and teach ya kids their history. That makes you a real NIGGER,1
"“@tayyoung_: FUCK OBAMA, dumb ass nigger” oh but black people are the racist ones in this election OK I SEE YOU.",1
"teen boys: hitler is fucking badass fuck the bl4cks they’re all ugly and dumb what a bunch of niggers haha women are fucking stupid also them: pain nobody likes me why doesn’t she want me, what’s wrong with me it hurts so much just want a girl to love me",1
"He MAD RT @YummiMcLovin: These crackers can't hold us back RT @OhYouFancyHuhFB Hahaha yurr madddd RT @tayyoung_: FUCK OBAMA, dumb ass nigger",1
"so because he had a Black friend he wasn't racist? no I think people who do/say racist things are racist &amp; if you dont think calling Black people ni**ers, apes or birtherism is racist then you're a part of the problem &amp; havent learned ANYTHING in the past two months.",1
Every single black dude excluding my close niggas is dumb as Fuck there nothing but a bunch of niggers #fuckjasongravesandhisnigz,1
I'm disappointed on my nigger @Iam_Envyswagg thinking I'm one of those dumb fucks at school,1
D'z niggers be dumb as fuck,1
It's been quite a journey these past few years but thank you for your inspiration whilst having faith in us &amp; giving us autonomy to deliver. You'll be fab in B&amp;S and don't forget Black Country is only down the road if you need anything Good Luck,1
"“@tayyoung_: FUCK OBAMA, dumb ass nigger” your so irrelevant!",1
"“@isaiahDUB: Smfh RT @tayyoung_: FUCK OBAMA, dumb ass nigger”&lt;---sucks to be you right now. *Beyonce voice*",1
Remember buying 2 dance cds in Spain 10 year ago and the name of the label was called “Blanco y Negro” Being black and white. And this label is still going today. So personally i can’t see an issue in this case. It’ll get dropped,1
@NYGovCuomo the US Flag was burned by black lives matters in Brooklyn protestw this past weekend...I don't see anything being done about this.,1
@Tom93wba it's called jets and polo OMG YOUR RETARTED WHY ARE YOU STILL MENTIONING ME I HAVE NO TIME FOR DUMB NIGGERS WHAT THE FUCK,1
"— @oibanai ije, ur one of my faves but u alr know that hehe ☺︎︎ also i love seeing ur tweets on my tl ! i was intimidated by u at first but then ur really cool waah i love u sm ☻︎",1
How Are You Gonna Compare Being Called A Brit To Being Called A Nigger. Seriously People In This Area Are Dumb As Fuck,1
Someone wants to get punched in their face fuck fucking phones nigger shit bullshit dumb piece of shit fuck fuck fuck,1
"“Since the so called Negro community has shocked the white man, by resisting all efforts to divide us; I think that you and I should continue to shock him. By being and working together in unity. Despite religion, political, economical, educational, or social differences.",1
Stop trying to deflect with nonsense. All that viral tweet did was spread more hate between BM & BWnarrative. I dont get any joy out seeing viral tweets generalizing black people its disgusting. The first thing white people see are niggers. Now yall have minds made up about BW&amp;BM,1
She jst said niger chicks are dumb as fuck,1
"Present-day Egyptians are,by blood, about 60% Eurasian, like the Arabs who took over their country, and 40% black African. In the past they were, if anything, blacker because since the glory days of Ancient Egypt they have been taken over by the Persians,Greeks,Romans and Arabs",1
reformed white male kotaku commenter bionicle building vaping virgin atheist  antisjw&amp;feminazi libertarian naruto watching gamergater here,1
@ClayMoses why don't you learn how to spell you stupid fucking retarded bitch. If I wanna say nigger ill say nigger. You dumb fuck.,1
Little nigger boy! Tweet another dumb ass tweet I'm going to fuck you up!,1
"Lol some niggers are dumb ey, fuck!!",1
"He's not relieved of all past acts because of some shitty police officers. He certainly isn't a saint and hasn't done anything admirable. The fact he has a mural in Manchester and someone like MLK doesn't (to my knowledge), is a crime against humanity and black people.",1
"@sheenvysme_ are you dumb after, you well did not make up the words SHUT THE FUCK UP, and im pretty sure you didnt make up nigger lolls",1
UR BACKGROUNDS BRUH. The lighting n perspective esp on the first one looks SWAG but Why the minion hat,1
"...Lewis' past morphed into Racism, Inc. The very policies that Lewis voted on as a Democrat did more to tear apart the fabric of the black family than anything Maddox or Wallace ever did. Let us ask all those generations of black families still on welfare. How are we doing now?",1
I wonder how unemployed English majors feel about dumb fucks like chief keef making millions being an ignorant nigger,1
"But here you are telling me that these dozen or so black activists don't know anything about race issues and are ""scapegoating"" because they want to focus internally on black families. It's laughable. You are a farce of a person.",1
@MSantos_xo @yodaism fuck off you green old shit fuck I'm tired and wanna sleep. Dumb green nigger.,1
Photo: d34thtr4p: and this is y i hate black people This is fucking disgusting. This is why niggers... http://tmblr.co/Z_Y2bvXo_itI,1
FUCK SHIT ASS COCK NIGGERS I JSUT DROPPED MY FUCKIN DROID ON THE GROUND AND IT LANDED ON CONCRETE UGH GOD DAMMIT IM SUCH A DUMB CLUTZ UGH,1
@sexandrum: Niggers talking shit in my mentions like they're relevant. Go back to your cotton fields dumb fucks. lol damn why u mad,1
"@aardvarkwizard it’s encoded racism— whenever u hear no more handouts, insert “for colored folks” at the end",1
Can't stand a white nigger. They get on my nerves worse than anything. You look dumb as fuck and you sound like a dumbass. Please stop,1
"@CoreyTurrell well since ""nigger"" is actually an ignorant person, black or white, yes, I'd say I agree that ignorant people are disgusting:P",1
"@DB_nation10 You dumb fucking nigger, learn how to construct a proper sentence when you're going to insult someone. Now, go fuck yourself.",1
DUMB ASS NIGGAS FROM DC I SWEATER GAWD I HATE NIGGERS SOMETIMES. GET MORGAN AND LLS THE FUCK OUTTA HERE!!!!!!!,1
Quit living off your grandparents shit and grow the fuck up you big dumb mother fucker and quit acting like a nigger #growuplilbitch,1
Fuck u dumb nigger,1
"@NIGGER_IM_JESUS: @TrueSexFactss: 1 in 50 people claim to have had sex in an aeroplane."" I never fuck bitches in aeropostale""You Dumb",1
I’m a middle aged white guy that grew up in the south and went to school in mostly black communities. I’ve never called someone a negro. To me it’s a slight. Just my opinion.,1
@brittd1178 Everybody get out and vote so we can get this nigger out of office! SHUT THE FUCK UP YOU STUPID RACIST DUMB ASS PRICK .,1
You just tried to compare am apt description of a terrible place to calling black people niggers and I'm delusional? Disgusting.,1
"You know, in 1970, George Romney, who was the secretary of housing and urban development under Nixon, , announced that the federal government had created a white noose around African-American neighborhoods - Negro neighborhoods, he called them - in central cities.",1
"Lol but ur in one crazy ass state bro, I swear the first week u go there u gonna see on the news Florida man attacks wild bear or some shit like that",1
Be careful you dumb fucks. When you use the word nigger. Because you don't realize it's a lie. Im the true king of Niggers.,1
Niggers get real dumb when they see yellow bones they be like look at those milky legs I'd fuck her raw,1
"What the fuck is it with all americans calling each other ""nigger"" even when you clearly aint black you dumb cunts",1
"or sum'n RT @GambinoETP: Suck a niggers dick RT @tayyoung_: FUCK OBAMA, dumb ass nigger""",1
JoeNasty2Point0: FUCK YOU NIGGER SUBBAN YOU BELONG IN A FUCKING HOLE NOT AN ICE RINK”EAT SHIT U DUMB RED NECK WOOOOO,1
I didn't tweet that RT @ObeyDelgado: “@_freaksANDgeekz: FUCK MONTGOMERY ND EVERY DUMB ASS NIGGER DAT LIVE THERE -” you good?,1
I can't believe them niggers called me dumb friday. Fuck that we all know I'm smart!,1
I use to be wilding on his dumb ass my mother &amp; sister use to be don't do that to him lmfaooo fuck that nigger,1
"East Africans can say nigger so proceed out this dumb topic and fuck off, if you’re gonna get butt hurt about it looooool",1
Dumb enough to fuck with a nigger.,1
"@emuhlman they would just be like ""what the fuck why is gayley here dumb nigger""",1
"As lazy as racists are, you'd think they'd choose ""black"" over ""colored"" or ""negro"" or ""nigger"". Black shaves time off your racism.",1
"“@ChewCanSam: Somebody get the camera off that dumb nigger before I flip the fuck out, Subban is a stupid piece of shit” Bostonians huh?",1
"@Vooje_ no one can flood for that long... it's your nigger Internet dumb fuck, go look at your router logs and prove you were booted faggot",1
I know very well how to use thix i quoted i know bec u were saying wrong and i cant remain quiet at wrong and secondly i also knows u and ur family background very well the snakes like u came first as a freind and then start distributing hate inothers and look like no one is as,1
"He joins Candace Owens ,Terrence K.Williams, Diamond&Silk.. They are not black Republicans or black Conservatives. They've crossed the line into being totally white washed . They are the Anti-Black Black People. Malcolm X called them "" The House Negro"".",1
@drexmcxtch — first impression: very cute — a nickname I'd give you: clorox im sorry bb — emoji that fits you: — do I like you: YES — you’re my: one of my bsf — to be honest: sometimes ur annoying (in a good way) but i still love u smsm — ,1
@CitySlicker_05: Who the fuck left the Sunny D out last night. I'm tired of the Nigger-Dumb yuck sunny D,1
[i saw one of my moots do this and i wanted to try doing it too] tell me ur first impression of me and i’ll tell u my impression of u as well :&gt;,1
"@Freeyourmindkid Hell yes! He thinks all of us are stupid. If he felt bad about the kids in Syria, he should be letâ¦ https://t.co/245PTTD76b",1
yes....he is....he doesn't deserve to die but any non black person who says nigga or nigger is disgusting. and so are those defending it https://twitter.com/emmynicg/status/817269263417442304,1
"That is your opinion. Because racism is a serious problem in USA. So u guys have to be really sensitive. But I believe the ad producer does not did it on purpose. All colored people lead a happy life in China, sometimes Chinese treat them too good. I also have many black friends",1
@AndrewM800 fuck off you led me on dumb nigger,1
"but if they did get deleted, then your problematic, bored ass will say some shit about trying to cover up my sketchy past nobody can fucking win on twitter, I don’t care. anything else, sugar? ‘cause I’m bored of you now",1
Fagget I do take if my self stupid I got self care plan that y sits home so I can properly do it ain't the same time that makes me lazy to a dumb retarded fuck like u. See how talking dumb nigger retArtid and plain out redundant!,1
"Fat faceRT @Trey_LaScott: UMAD RT @The_April_Fool: Hey hoe how you doing? RT @tayyoung_: FUCK OBAMA, dumb ass nigger http://lockerz.com/s/259499560",1
"u ever sit in back of bus, drink out colored fountain, sit in colored waiting rm. I guess u lived racism. I really did.",1
Ur wife would say...first follow all sunnah then follow this one,1
If I called a black dude in the street a “dirty negro” he would be offended and think I’m a racist. If I called a white dude a “dirty Caucasian” he would object to the “dirty” part not Caucasian part. Negro when used as a descriptor has a negative racist connotation.,1
@kalvinle_ @osephjays Fuck off to the blue mountains you dumb sand nigger,1
"dat shit im tlkn bout! racism is stupid RT “@iSopHisticAtioN: Why??? Why would you tweet this??RT @tayyoung_: FUCK OBAMA, dumb ass nigger”",1
"First reform ur self before tweeting about others relegion u have no right to do so, no one is claming that my relegion is constitution of world... everyone is free to choose what they want... when cant see in ur own country then dont talk about world",1
Dumb niggers that cut the springs on there car to make it lower &lt; that only fucks up your car even more,1
"“@Fastlikewebb: “@tayyoung_: FUCK OBAMA, dumb ass nigger” &lt;&lt;&lt; ""So you Mad"" ???” #YeahYouRealMad",1
PAY ATTENTION TO THE WORDING.. First off in 1866 there weren't anyone called Native Americans period it was the Autochthonous American Indians and it was white people who changed who we are on the Census rolls called us Black or Negro. We went from Indians to African-American.Smh,1
Always one dumb nigger that fucks things up for everyone else #TopBoy,1
the difference is prevalent right there you dumb fuck. you know damn well if you said nigger. hard r and all you’d get your ass beat. there isn’t any respect in you saying nigga either. i hope you fuck around and say it in front of the wrong people and get your shit rocked,1
"Heyy nourzz, first i miss u loads and second ur really one of the special people I met at uni and a person with the cutest and most adorable soul lysm",1
Leaving your impression on people is the most important thing. Be that nigger like they say down south that made them feel dumb as fuck..,1
Mys first month of life i got to the point where i was so scared to fall asleep like SCARED. One night i cried so hard bc i honestly did not think i would make it another night. Omg what a TIME. So yeah don’t let anybody tell u to not let ur baby sleep in the bed w you,1
"For ME personally if your ancestry is not one of which dealt with slavery, jim crow laws, institutional racism where the words Nigger, colored, Boy, were used on a daily...then No. But like I said thats for ME.",1
Dumb ass niggers. I swear. Shut the fuck up!!,1
"That ""dumb nigger"" was your president for the last 4 years, so get the fuck, @DylanKreiser.",1
@TNTTROLL1 callin me a nigger lol but I'm spreading ignorance what a dumb fuck sit down old fart,1
This response wasn’t any better than ur first one u could have kept it,1
And how the fuck am I gunna drink when I just passed the fuck out?! Dumb ass niggers making dumb nigger lyrics with their dumb nigger selves,1
"I prefer my racism belligerent and out right ,like when old people call u colored in 2017 that's truth I don't like to be played with",1
"@tatumisd stop the racism against Blacks, Colored, Negros, Afro Americans &amp; African Americans. #SuperintendentJP U R WRONG.",1
@CandyLadyChel these dumb fucks taking the word nigger out of huck finn. how idiotic.,1
"Its a niggers thing ain't it, fuck us over then fuck us up with a court case when we revolt against a fuckin dumb motherfuckin nigger",1
"Just like a white person can’t call me a Nigger, they dam sure should not be calling me a Negro. I gave you a list of identifications that we have been called in order by history. UNCF is a black organization founded in the 40s. You can’t call me a negro! PERIOD!",1
“@Merideth_Bieber: @ducidni You Black people are so disgusting This probably why Hitler killed 5 million Niggers” your face is fucking nasty,1
@BtooCold87 never said nigger bitch you just wanna believe what you hear just like every other dumb fuck that's on twitter you,1
#Sprint is #Hiring! #Retail #Sales #Associate #Job in #Coon Rapids #MN  Apply now! http://t.co/0ISep8dx84,1
#COSIGN RT@Greygoose wdga Fuck about that nigger vodka y'all dumb fuckas buying. We still killing the game in 99% of the states. So take tht,1
@MikeSimsWalker This clown is on BLOCK!! RT @SamJags: @MikeSimsWalker FUCK YOU DUMB NIGGER!!!! JAGS SUCK FUCK YOU!!!,1
Black Caucus??? Thought we r supposed to be colored blind. If it was white caucus all u would hear is racism.,1
All they literally had to do was scroll past the posts. Like nobody is holding a gun to their head and saying they have to look at anything,1
first impression: i wish i looked like youuu ur nickname in my head: khush ? do I like u: yesss ever had a crush on u: naah what color u remind me of: bright yellow just like the one which spread happiness,1
"From now on, #Obama2012 staff will manage this account; tweets from the President will be signed ""-BO."" hahaha BO what a fuck up dumb nigger",1
"SLAVERY ISNT A JOKE ARE YOU THAT DUMB TO EVEN SAY THAT? ""inner nigger"" you're a disgusting bitch fuck you https://twitter.com/eri82195_/status/659015706747473920",1
"@EazyBoyJoe noones cryin, ur just gonna get ur ass beat. U dont talk shit. Ima fuck u up u dumb nigger learn to.shutup.",1
Fuck red and white dumb ugly nigger name Wayne Positive trash soft ass nigga &amp; ugly ass Chris call 411pain pic.twitter.com/B7kL2hzkE6,1
"I don’t believe in racism of any kind. But I do find it ironic with all the riots, protests and murders happening as result, this is the one incident you pick up on. He was trespassing. Lucky he did not get shot, no matter what color he is.",1
"@tayyoung_: FUCK OBAMA, dumb ass nigger uh...bitch!!!",1
Dumb ugly nigger name Wayne Positive trash soft ass nigga positive trash fuck red and white dumb nigger pic.twitter.com/BOMwmmm9WN,1
"You are one dumb bitch oh my god “@tayyoung_: FUCK OBAMA, dumb ass nigger”",1
@jabiralhujaifa thanks for favoriting that tweet that i retweeted! FUCK YOU DUMB CUNT BITCH ASS. NIGGER.,1
"@tayyoung_: FUCK OBAMA, dumb ass niggerFuck yall hoes #TeamBarackObama Bitch!",1
unfollow spree cus i wanna have a skinny ratio sorry but if i accidentally followed a jdg stan ur one of the first ones to go,1
"You get no pass ese RT @ImAJesusTweeter: I'm not racist though,I dislike the nigger race,by nigger I mean the ignorant disgusting black folk",1
"@tayyoung_: FUCK OBAMA, dumb ass nigger #ShitNooneSays",1
THE FUCK? Don't wish dumb shit on me nigger.,1
Stop saying the n word if you’re not black. It’s disrespectful and disgusting. There are billions of other words that you can have in your vocabulary but “nigga” and “nigger” shouldn’t be one of them.,1
"@AmandaDupont what's your take on BEEF ? when @CassperNyovest says ""That Colored Nigga"".. that's #Racism u never refer to others by Race",1
"exactly what the fuck I thought. “are you triggered?? my middle school teacher made us say NIGGER, it was horrible ” also this dumb bitch: “Stevie Wonder being blind will forever be funny, it’s so small. are you on crack??” pic.twitter.com/tezb4UcQkk",1
"hayyy first of all ur acc is sexc pls u have good tweets/rts ,,, ure also one of my oldest moots but we barely interact :( i hope we can get closer nd interact more !!",1
Report me then bitch fuck u white boy im.da king he called me.dirty nigger ima dumb fuck I'm stuck n… http://instagram.com/p/vkOjkeNhJv/,1
this boy just called me a dumb nigger someone fuck his ass up,1
Off my complexion ugly nigger name Wayne Positive trash soft ass nigga fuck louis dumb ugly nigger name Wayne pic.twitter.com/lzXpysAr6o,1
"U ever went into your hotel room only to get called by the front, bc someone reported suspicious activity after following your mom her husband and son? This racism shit is real, hands full of luggage and shit same as everyone else. (Keep in mind I’m the only colored person)",1
"@tayyoung_: FUCK OBAMA, dumb ass nigger smh... rude... just ignorant",1
@_bradentaylor_ @ShevinYazel7 @_Devo33 @Raisin_Brann24 bitch you called her a nigger dumb fuck boy,1
Just back the fuck off you dumb river nigger... Go kick your little soccer ball around.,1
@youngwayne00 ur dumb as fuck nigger,1
Why the fuck are you dumb niggers stealing a car at midnight? I hate my cotton picking race,1
7 albums to know me Marvin Gaye - I Want You D'Angelo - Voodoo Stevie Wonder - Songs in the Key of Life The Beatles - The White Album Frank Ocean - Blonde Blood Orange - Negro Swan A Tribe Called Quest - The Low End Theory,1
"some bitch just said "" fuck obama , dumb ass nigger "" I FEEL A ASS WHOOPN COMN HER WAY !",1
"This dumb ass fucker really told me this is ""nigger territory"" like fuck you I'll defend my mom anywhere at any time!",1
"Just know that I’m no longer sharing videos of whites barring Black people from entering the Black persons home or pool. Barge past them, continue about your day, and tell the property. If they don’t do anything about it, THEN you tell social media so we can bully a termination",1
"Look at this hating face lmao sure is living it up RT @TheReal_Rae: “@tayyoung_: FUCK OBAMA, dumb ass nigger” I hope your location is off...",1
“@Fvnxy: Fuck Michael Brown that fat nigger deserved to get shot” yo. Are you fucking dumb?!,1
"Trump, the police, and so called “system” doesn’t have to do shit. Y’all just doing all the hard work for them. Ruining communities and innocent people’s hard work. Latinos y negros are doing more damage than white supramacists.",1
@BillyGardell Bruh give me my memorization skills back for I beat yo pussy azz up ! I feel dumb you Nigger ... I don’t fuck with you so ... so why did you do botch up my remembering skills,1
Is my dad a brainwashed republican; yes! Does he believe anything @realDonaldTrump says; yes! As he doesn’t see past anything other than the lies fed to him. I can show him what happened at a protest &amp; he will not listen. So fuck you Donald trump for brainwashing my father!,1
"He can't be a server at our restaurant, that beard makes him look like a terrorist. Everyone laughs. #fuckthanksgiving",1
some people forget to realize gypsy and that was not niggers who cares about chris brown stupid dumb fuck your gypsy be a gypsy,1
"@ItsTheCons STOP THE WORLD HIPHOP IS GAY AS FUCK, AINT NOBODY EXPOSING SO IM LOOKING @ALL AS SUSPECTS #ZULUNATION R U Dumb Nigger?",1
"Smh “@CastroTrapMoney: Get raped and hop off a bridge hoe “@Kayso5: Smh RT @tayyoung_: FUCK OBAMA, dumb ass nigger””",1
"Please note it's also because u were traveling with white skin. Unfortunately, indians perceive whites as tourists with money and colored people with a sense of threat. Smaller towns have smaller exposure to international racism. This is a broad observation. Not true for everyone",1
"RT “@tayyoung_: FUCK OBAMA, dumb ass nigger” deep down inside you wanna be black thts why ur @name is Tayyoung so I kno u didnt mean this",1
"Go dance on the highway with Romney ""@tayyoung_: FUCK OBAMA, dumb ass nigger""",1
"@tayyoung_: FUCK OBAMA, dumb ass niggersomebody snipe her shitttt lmao whoaaa racis as.ff !!!",1
I was referring to a specific incident where a white Clemson coach (according to first hand accounts of former players) called a black player a nigger derogatorily. blacks have tried to take back that word. Racism should not be tolerated. It depends on how the word was used.,1
I mean...GIVE THE COP A FUCKING PEPSI AND YOU WON'T GET SHOT! RACISM OVER! Terrible.,1
"Damn RT @TheRealMarcC: Wow. Cab driver just called me an ""African Black Nigger"". Disgusting&amp;ignorant. Cab Number 1K92 can drive str8 to hell",1
@JohnXBL STFU YOU DUMB FUCKING FUCK NIGGER,1
@vainitycreature god i fucking hate you turn your music down you dumb nigger jesus christ i'm gonna rape you with a stick fucking fuck fuck,1
"Yeah, yo pops touches you at night it's ok.. RT @tayyoung_: FUCK OBAMA, dumb ass nigger",1
"@Rogue_Lynch: lmao Called @ShawnIsFuego a Nigger last night, i had to be dumb z00t haha « haha zacks bud got this nigga racist as fuck!",1
"It was called ""the Negro Project"" before it was called PlannedParenthood. Margaret Sanger the founder wanted to put her buildings in low income areas and make black people trust white doctors as a means to push her eugenics. First pic is her letter to a trusted confidant.",1
"A lady reporting on the Kobe Bryant incident just said, Los Angeles Niggers. I stunt know what to make of it. I don't know what channel this is but it shows MSN in the lower right corner. #racism #hate##racehate… https://www.instagram.com/p/B7zH1-eAg2j/?igshid=1mwn4q4yfnivm",1
@_cwade @austin_lyons hey I have no problem with beating the fuck outta a 40 year old. He needs to learn how to spell forreal. Dumb nigger,1
some white guy called me beautiful negro princess,1
@FtTyman @GTASeries @MrBossFTW shut the fuck up you dumb nigger,1
", I hate FuckNiggas , like if you gon talk$hit you Might as Well back it up ..",1
"I love U for getting the wrong idea. Don't get me wrong. But don't you think the color ""black"" is just so carnally wrong it would be better to be called a ""negro""?? I mean, your souls aren't darker than white peoples. Why own it more than necessary. That's the attitude cops hate.",1
Dumb ass niggers..shut the fuck up!!!!!,1
"FUCK!!! Why the fuck is my day turning worse? Some fucking dumb fuck of my family broke my nigger phone. So, now im phoneless. FUCK!!!",1
"(2) to a divisive radio talk show host who referred President Obama as""Barack the Magic Negro"", and ""Halfrican-American"", who called African and South American Countries ""Shitholes"", who call Neo-Nazis ""Very Fine People"", who has a White Nationalist (Stephen Miller)...",1
"Nigger means ignorant, unknowing.. IGNORANCE COMES IN ANY COLOR! You dumb fuck. &amp; you look like that ignorant fuck, now.",1
ur gnna be one of my first moots there since it’s new drop ur @,1
@bossy_eri you dumb as fuck you fat nigger bitch. My last name is Koo so shut your fat porkchop eating ass up.,1
Facts by a fellow Unionist. The “Magic Negro” was taken from an article from a Black reporter from the LA Times who called Obama that because of phenomenal white support,1
@EndicottCollege while also saying “kill niggers”. It is disgusting and horrific that Henry wholeheartedly meant every word he said when he sent those messages. He has shown no sympathy or remorse for his horrific comments. As a black women this is si,1
"Is it true though ? I don't put anything past those lying sobs. Don't they always invent a minority friend? ""__ from my family tested positive (and obviously never died because __ doesn't exist)"" is the new ""I have black friends who don't think I'm racist""",1
"Your mother wants to suck his dick tho. RT @tayyoung_: FUCK OBAMA, dumb ass nigger",1
Can we all just get out and vote for romney so we can get this nigger out of office!!!!”go fuck yourself you dumb raciest bitch,1
"BITCHES ARE DUMB AS FUCK. ""Nigger"" and ""Nigga"" has NOTHING to do with skin color. Kill your fucking self.",1
ME TOO FUCK IM SUCH A DUMB NIGGER,1
"everyday, a nigger fucks a dumb blond",1
i cant belive im still replaying for this- first sorry that english isnt my main language and my grammer is not the best.. and how the fact i asked someone question have to deal with that she got scammed.. and its so funny how ur the one who talking with me and not her,1
"BLM is a racist organization that advocates violent assaults, including death, of white people based solely on their skin color. They are also advocating widespread vandalism & purging anything or anyone (past &amp; present) that doesn’t align with their views. BLM is the black KKK",1
"I totally agree that human history is vile, and something we should learn from and move away from. But Nick saying white people ARE savage. Meaning current white people, doesn't have anything to do with the past, it's just racist supremacy.",1
No roe u dumb ass nigger who da fuck would F.e.B,1
Don’t @me about her. What she did was ignorant and distasteful. What she did is offensive. Now if us “niggers” went and called her a “dumb ass cracka” or say “she fucks her cousin” then we wrong. Don’t take up for her because she getting attacked because she chose to be ignorant,1
"I said ""your people still like in caves, that OR THIS ONE BELOW"" and I uploaded a photo :) you went all ""thug life"" when talking about White people dying and you called the castles I showed you trash so, you truly hate us. The negro race cannot be changed. Get used to it",1
"abt the opinion thing, ur one of my very first REAL moots (the kind u interact with a lot and that you dont forge… — kinda sad i don’t know who this is gjdj but ilyt omg pls ur so cute i only interact with cool people so i bet …",1
@phvntvsmvgoriv @sundsuu Would you prefer I say Massa. Oh I don't wana speak ill of my masse da white man. #housenigga #coon,1
"Fifty years ago I got a lecture about don't say ""negro say black"" 'cause it sounds like the n word. Now, I guess it is African America. Have you ever even been to Africa? I've been called white (also cracker and honky) and it has never left a bruise.",1
Lebron James is a stupid cocky ass dumb nigger. Would of made a good slave but stupid fucks wanted equality.,1
"Can't be too dumb he's your president for another 4 years. Sucks for you...Ha!!!RT @tayyoung_: FUCK OBAMA, dumb ass nigger",1
"God fucking damn, you niggers are all the same. Dumb ass fucks who can't afford to live tje right way, always stealing, lying, doing wrong.",1
@BelowThisIs: @RiccyGee fuck you dumb ass nigger. But You Saying Rt For God Huh ?,1
Niggas get over it if you act like a dumb fuck then y can't a white person call you a nigger your being one,1
"I just had to report someone for the most disgusting, racist, &amp; prejudice tweets I have ever seen on Twitter… calling a black a NIGGER?",1
@TheRealJacquet it's not a fucking excuse it's fact look at his line he has a bunch of big dumb niggers who don't know what the fuck to do,1
@GB_MILLI @GRs_Prince @FootySmith come meet me quick let's fight u stinking Nigerian cunt. I'm gonna fuck u up u dumb nigger,1
"“@tayyoung_: FUCK OBAMA, dumb ass nigger”&lt;~~~~~",1
"I’m sick of y’all saying:”She was young” the time she was going around mocking black people, I was being bullied and called a nigger via internet. I’m a year older than her. Stop justifying her disgusting actions. You don’t know what’s it like to be called burnt and runaway slave",1
"i hate white people who say nigger so nonchalant then say ""oh I was kidding"" I'll slap the fuck outta you don't be dumb",1
i didn't do the @s but ur the first one on there u finally beat nandu,1
#BlameOneNotAll is bad because I should be able to hate entire demographics of people for the bad things individuals do to me! #racismyall,1
Then why are you bringing up his past? What does it have to do with anything,1
And honestly it confused me when I still saw black people and poc still supported him. It made me feel like it was okay? I don’t wanna sound ignorant or anything. But his current and past actions speak so loudly and I can’t support it any longer. I don’t wanna give Tati’s video,1
What a despicable & horrible decision! How do those TODAY that had NOTHING to do with slavery back 400 years ago OWE anything to ANYONE? Will the black community pay REPARATIONS to the parents of their DEAD children and babies that have died in the past weeks? WOW this is insane!,1
"dumb ass blinded love fucking aint cool shit. move the fuck on, find some strippers in the club nigger. burn ur bank account. thx",1
"Ignorance @its finest RT @Kristian_elise: 1st this...RT “@tayyoung_: FUCK OBAMA, dumb ass nigger”",1
"Regardless of whether she's a racist or not this is the United States, where we practice free speech. If this dumb white hoe wants to say nigger she absolutely has that right. The more these leftist fucks try to censor our speech the more we lose our freedom as Americans",1
"I think most people would agree that the blue story incident is a more damaging form of racism, but even though both stories were covered, only the blatant racism was called out and condemned. The media need to realise racism isn't one idiot shouting ""nigger"" at a football match.",1
"@5EarthQUakE nigger, nigga. Still dumb as fuck!",1
You thought this was a read....however the book was closed. You are a black woman...which is why it’s disgusting and disappointing to see you have “tolerance” for racial jokes and thinking its funny to jokingly call yourself a nigger in a chat room full of white ppl https://twitter.com/DojaCat/status/1285689919030136837,1
@dYahna_2 Fuck dumb niggers. Like we supposed to tweet about all the artists we ever liked everyday just in case they die.,1
@HumorOrTruth your a fucking dumb fuck 4 years of o nigger the USA will have nothing left this why the USA is fucked cause of people like u,1
"@orbc__jay I told you Jaycen, I'm not just a dumb nigger. I am very gifted .... But I'm ghetto as fuck and I don't care about proper grammer",1
There's a thing called fuck off you dumb nigger,1
You 2 dumb ugly fuck name wayne and ugly ass chris call 411pain ugly black peace of shit nigger name wayne &amp; chris pic.twitter.com/iVvIMdxMIm,1
I get mad when black twitter always attacks Rih but then I remember they're ugly disgusting niggers who get shot for selling food stamps,1
Then I would get your city under control. Rolling riots and looting for the past 5 weeks with a huge increase in murder and crime in general. You haven’t done anything but let black men and women die. Let him come in and clean up your mess.,1
Fuck this dumb ass nigger iece of shit. This bitch can blow me f,1
QPR can suck a fat asian cock. Not guilty on racism charges u dumb fucks. #niggers,1
black person: fucks up black ppl: wow that is fucked up smh just awfu- non blacks: ive always hated that NIGGER that ROACH that disgusting DARKIE. SKIN LIKE AN OIL SPILL,1
"“@tayyoung_: FUCK OBAMA, dumb ass nigger” &lt;-- pic.twitter.com/eO0Wvtbg",1
I hit my toe on the coffee table! Fucking shit fucker bitch nigger dumb cunt fuck asshole jackass fucking bitch fucker.,1
@CheckBBN_Out RT @Kitty_Kat_Kyle_: MITT ROMNEY IS NUMBER 1!!!!!! Fuck that dumb nigger obama,1
"White people will hate you and compliment you at the same time like ""Go fuck those dumb niggers and their big black cocks,you whore""",1
Fuck my so called mama for giving birth to the hoe &amp; fuck my so called daddy for being a dumb ass nigga &amp; raising a lil white bitch that don’t even belong to him only for her to grow up &amp; say it’s okay for her bf to call me a bitch &amp; nigger...shit fuck everybody,1
"Israelites was chosen for a duty onto the LORD A nation of a speckled bird, predominantly Negro/Hispanic &amp; Natives of the north Americas, but there are remnants all over the earth, Not every so called black is from Shem, nor every white is from Esau, yet Esau's faith is sealed",1
you girls can fuck these dumb niggers get pregnant they go jail and then you aint got nun,1
"@AntiDARKSKINNED: Don't start with that I'm brown"" bullshit. You are black, you are a nigger. You are filthy &amp; disgusting.""I'll pray for u",1
"@kylegotjokes @DrePharaoh Welp... RT ""@ChelseaAaronn: FUCK ALL THESE DUMB ASS NIGGERS THAT DECIDED TO FOLLOW ME!""",1
of course you were born in serbia...you're as fucked as A Serbian Film #MKR,1
"fuck you bitch, stop posting the same shit cunt headass nigger. bust yo ass dumb bitch cunt",1
lmaooo!!!!!!“@Bankroll_Bump #POWPOW U DUM FAT HOE “@ms_dominicana FUCK LIL PHAT IF YOU ASK ME DUMB ASS NIGGER NAME IDGAF WHO MAD””,1
Not for reads and dumb as fuck nigger retards,1
"https://www.bradford-delong.com/2020/06/baldwin-the-fire-next-timenoted.html James Baldwin (1963): The Fire Next Time: 'You... are... what happened when the Negro left the land and came into what... Frazier called ""the cities of destruction"". You can only be destroyed by believing that you really are what the white world calls...",1
"clearly she is craving Twitter attention “@nettemichelle smh RT @tayyoung_: FUCK OBAMA, dumb ass nigger”",1
“@RAWbayy: @CampaignSosa300 shut up you almost killed a cop you dumb fucking nigger”nigga shut the fuck up,1
"Btw a nigger isn't a black person, it's a way someone acts you dumb fuck, watch what you call someone",1
"MSM playing the racecard to incite unrest between black &amp; white. They will never tell you their own connections with racist companies like Unilever. Unilever has a very bad racist past, they never excused themselves or paid anything. #racismegesprek",1
Jr lost the game fuck you ya dumb tatted piece of shit fuck yourself you dumbass nigger.,1
So because his teammates forgave him for saying nigger and I hate hate gays were supposed to forgive him too ? If he was black and said “ fuck you dumb ass crackers” would your response be the same ?,1
"@Gnarly_Orange, i just gotta come in and warn ya. That guy is lying. Notch is a racist. Trick is, they disguise their racism behind statements like the tweet above to try and equate the oporession of colored people in the U.S. to things like freedom of sp",1
“@daquanj35: @CapehartJ I'm black nigga. I ain't da nigger bitch'!”//Ok. You're disgusting. Twitter needs to find your IP address &amp; ban you,1
"It’s mos def a difference in nigga and nigger. The ER is banned, discontinued, endangered, extinct. The A brings daps and pounds, establishing relationships, or used to describe a fuck nigg A that done did some dumb or simple minded shit",1
@HiImJackiee fuck you in the asshole dumb bitch nigger!!,1
But shorts on some fuck shit... Dumb muther niggers....,1
"so i’m assuming you’re still hurt by rms whole black hair incident, correct ? or do we pick and chose whose racism matters.",1
"@WhitePowerr_ If you call a African American a ""nigger"" you are a dumb fucking bitch that should die. Kill yourself you ignorant fuck.",1
"@aytanavazquez man fuck this bitch ass niggers how y'all doing i Lil Tunechi im a nuisance i go stupid, i go dumb like all three stoogies",1
He prolly called him young negro with mental problems who beats up old white folks to get off on.,1
Really dumb nigger here is actually happening what the fuck up,1
How the hell are you going to call Kenya a nigger ? She's by racial you dumb fuck ! @skyleraye,1
"Canadian way of saying black. Candadian non-white way of saying Nigger. We know the code words. Disgusting and oh so tired of it. Rememer the HR person in ON govt who passed on resume referring to the applicant as ""ghetto dude""?He was qualified. Words matter. #FireLaineyLui",1
BYE BITCH #Obama RT @TracePeterson: Fuck Obama that dumb nigger I'm going to Switzerland... Thank you America for fucking are country,1
Can you believe a white woman says we can’t say frijoles negro because uhhh why? It’s called Spanish Karen.,1
"Lol you mad bro a nigga run this country Again RT @tayyoung_: FUCK OBAMA, dumb ass nigger""",1
Curly's a true definition of a nigger a illiterate person dumb fuck,1
Right now they are tearing down anything and everything. Even black heroes . What I am referring to is what has been brewing over the past decade .,1
Like you must be dumb as fuck if you think nigga and nigger and the same thing like fr,1
"“@tayyoung_: FUCK OBAMA, dumb ass nigger” this Bitch here &lt;&lt;&lt;",1
"The difference is that the American Revolution was not a revolution explicitly designed to defend slavery and white supremacy, while secession was, according to its own advocates, for that very purpose. Stephens called it the first government based on the inferiority of the negro",1
RT @chancellorf @youngton27 you can never be to old to get wet you dumb nigger - shut the fuck up bitch,1
Are people really still talking about the o2l house thing shut the fuck up there's nothing you can do about it dumb niggers,1
"Osmosis, just another dumb fuck. Only got here job by being a woman. Why not pay back the idiot repubs and nominate a dem nigger.",1
Coke like fuck....and dumb ass Charles wit the “it defleee opens ya up”. Nigger,1
"Lmao #Nomercy“@indeeuhh: Aww someone better fuck this bitch up when she go to school tomorrow. RT @tayyoung_: FUCK OBAMA, dumb ass nigger”",1
"Wtf»RT @SlyCooperton: Obama is a dumb nigger, fuck him all of the ppl he chose for house let him cuz there tired of hisbdumbass",1
Stfu who says nigger all the time you sound dumb as fuck,1
"Fuck nigger because they can't afford me , oR even can't buy me a damn thing. Don't have time dumb ass niggers that always wants something",1
"Has 2 interesting events last year involving race. A group of know nothing kids 18-20 called out he's a white-negro referring to my kid. I called out, don't worry honey, just another racist Maori. Funny thing here, is that they weren't really racist in a meaning full way 1/2",1
Trying to remember if anything happened to me on this day in the past to cause my anxiety or if it’s just kicking up because of all the recent changes (which are all good!) happening for me atm? I know around the anniversary of relatives passing I get extremely upset but? Hm.,1
"Nigga comes from Nigger. Black people need to stop referring to one another as that. Negro, Nigga, Nigger needs to stop. Its ALL disgusting! There's no taking power bake when we say this. It's just ignorant, let that word go. WS laugh @these dummies insulting themselves!",1
Have u heard of the Toronto raptors. An NBA team u dumb fucks. It's about respect u fucking niggers,1
Dumb little nigger needs to back the fuck off,1
"Jerica I want to release anything and anyone who does not serve my highest good and well being. And also release past pain, trauma, any blocks that are holding me back from ascending.",1
Lightskinned nigger “@JennyDaRebel_: It's only a dumb fuck that'll see me and say I bleached.”,1
"@jevans9219: “@tayyoung_: FUCK OBAMA, dumb ass nigger” woah der hoe.... You can't be mad at the bitch for being straight up",1
"Then quit making comments like that, say it’s wrong for anybody yo use the word, not just White people. I’m 55 years old and wasn’t thst long ago they wanted called negro.",1
I saw that video and skipped right past it. I know it’s going to be the top video on that sound and i’m so mad. Black girls don’t get anything for ourselves. This sound was to celebrate black features and skin.,1
"“@OsamaBinHeemin: “@tayyoung_: FUCK OBAMA, dumb ass nigger” Dont Get Lil Reesed Bitch” bitch",1
"Ive been called a ""House Negro"" by several people on the left lmao, most of whom are white",1
"Such a shame that some of my closest friend in med school is just telling bs everytime they posted something abt prevention of covid 19 but irl ga menerapkan yg seharusnya. Yasudahlah at the end of the day, just care and protect yourself and ur loved one first.",1
"fuck all u dumb ass black bitches who keep getting HIV, u stupid ass stank pussy nigger bitches make my race look bad, im ashamed of u hoes",1
It’s amazing how disgusting white people are #onhere stealing black folks pictures to use as cover to call us niggers.,1
"«@_iShotBarbie_ Lmao tell her again RT @MzParkaMzParkuh: That's PRESIDENT nigga to you.. RT @tayyoung_: FUCK OBAMA, dumb ass nigger»",1
@Jazed13 @PaigeLeighhx3 thats gay as fuck. old niggers say dumb shit like that,1
"“@MchenryRoss11: one, they're 3D glasses you dumb fuck. 2, you're not ""rich"" by having ""bands"" by selling drugs. 3, you're no Sosa, nigger”",1
you know what white people im sorry..because NIGGERS are truly DUMB AS FUCK! i swear if they fuck this up its ON FOREVER!,1
fuck you niger it has been twenty years for you dumb ass to laugh about it,1
"(Acts 29:16431) AND it is God's creation, the divine sanctified dark skinned ""Golden"" Negro Hebrew Nations of God's created people which are the genuine original ""real"" Kings and Priests of God today, trained by God and not by devil's possessed white men called theologians!",1
"There goes dumb nigger thumping his foot all night again, got cats armed and ready like anyone gives a fuck about them.",1
"It's BS that white people have more freedoms than colored human beings.This BS needs to stop. White thugs walk around with their big guns cus they have no balls intimidating everyone, but a colored man would be shot immidiately if seen like that. Racism dont u think!",1
“@holyhoe: @QueenHoneyC disgusting nigger get some talent whore”lol shes not black...she's Asian,1
"Only a nigger would say ""pause"" for my headbanging comment. Dumb fuck.",1
"Its her favorite kind RT @APDOESIT: You know you like black Dick..""@tayyoung_: FUCK OBAMA, dumb ass nigger""",1
"What these people with dyed black hair, niggers, Swedes and Chinese demand is absurd! They want sexual hegemony! We have said no and that there is the nastiest of Bombing Commands in Great Britain - beyond the disgusting albino Boris Johnson's control - to deal with it",1
"#ShitRednecksSay RT @tayyoung_: FUCK OBAMA, dumb ass nigger",1
"(Acts 29:18468) AND (the satanic diabolical ""enemy"") sowed (white species Nephilim heritage) TARES among the (divine dark skinned ""Golden"" Negro Hebrew Nations of God's creation called) Wheat (by God, also ""Good Seed"", and ""Sheep"" by God) in God's field which is the world"",",1
"Just an astonishingly terrible take, as though Rev who is a legit force, is the only black person Trump can think of. Nor is base naming anything any African American seeks as settlement for relief against past government interference with their lives, based on Magna Carta rights",1
"“@Jizzy_Neutron: Chill RT ""@KING_COBBA: Obama what the fuck are u talking about u dumb nigger”” This is intelligent thinking.",1
"just learned of the white DJ called ""Joey Negro"" and apparently it was only yesterday that he decided not to go by that name anymore lmaoooo",1
@TreezyDidItOnEm @BillyMinaj you just dumb as fuck nigger.,1
U got 10K u find a one bedroom 1200 a month first &amp; last plus desposit so just say 3000 just to move in now u have 7K ..u want some furniture rite? That’s another 4K now u down to 3K u haven’t even ate r paid ur other bills,1
@neekroh Your picture creeps me the fuck out. #Coon xD,1
"Your 3rd eye is not a sixth sence you DUMB FUCK! Its your pineal gland, dumb nigger!",1
"@_hal3s: @victorialayne_ @KatieM0ats @baileytayl0r @itstaysmith mlk is another irrelevant nigger. Fuck you, dumb racist ignorant ass bitch",1
@kkk_recruting fuck niggers! They are all dumb!,1
You are literally saying blood alone and nothing else is what makes someone who they are unless that blood is nigger blood and in that case claim anything else if yr mixed bc being Black is disgusting I guess,1
“@Horny_Bastardd: I HATE LEBRON !!! YOU DUMB FUCKED UP HAIRLINE CLUTCH MOTHERFUCKER FUCK YOU NIGGER”,1
"disgusting NIGGER @silvacaston loves white women... leave them alone!!! there are enough black women, back off Nigger!",1
Fuck you lame Niggers! Y'all not Trill! Wanna know how? Cuz ya dumb ass don't follow @_Thuggerrr !! GO FOLLOW HER!,1
"Back in the day they called it cooning. She presents herself as being (The acceptable black,) an Oreo. She fllatters white people by diminishing black people within her caste system. She is the highbrow black amongst the loathsome footshuffling negros.",1
@sergiovee_ dumb nigger fuck shit bitch!,1
So someone say nigger ww3 abiut to start but if im a illiterate dumb fuck and say nigga.....its all good im the best???? WTF?????,1
"Ok Nigger RT @KupKakeKatie Im so over black people who say the word ""nigga"" but want racism to stop, I hate you dumb fucks.",1
Thes niggers dumb as ALL fuck. Weep for the public school system.,1
"@giavannacolby fuck you, dumb nigger.",1
"I beat a kid 6-2 his reaction is... ""I hope i get a hit by a bus u over weight fat fuck dumb nigger"" so salty",1
hi everyone i just want to be as transparent of a person as i can. so i want to say something before someone digs up anything on my past. when i was in the seventh grade i used to say the nword a lot. i was around a lot of black people and i thought it was okay. cont~,1
@itzguccibitch &amp; I have changed. I grew the fuck up after your ass. You're still the same dumb nigger doing nothing with his life.,1
"and that fact you coon contrarian ""objective"" ass niggers never call out ur friends cause yall in the same book club is BS. clearly that aint your comrade if they're that anti black racist, u dumb fucks.",1
"sooooo u mad? you gon be aight RT @tayyoung_: FUCK OBAMA, dumb ass nigger",1
"Ha! RT @DUBinc: Ok Nigger RT @KupKakeKatie Im so over black people who say the word ""nigga"" but want racism to stop, I hate you dumb fucks.",1
"The amount of BLACK people defending Bill Maher is disgusting. He commented on being a ""house nigger"". That's racist af",1
@PhilDiscenza nah fuck you. You dumb nigger,1
Why would I want to stop anything bettering black people. Again you’re too young to comprehend. You’re putting words in my mouth and going way too hard for nothing. You don’t know my stance or me. It’s past your bed time.,1
"“@tayyoung_: FUCK OBAMA, dumb ass nigger” LOOK BITCH ! Why u keep throwing this word SUCK HIS NIGGA DICK U FAT HONKEY !",1
Nigger Fuck Your Dumb Mob! Cos I Just Brought Suttin To Make 30mums Sob!,1
Once again I don’t give a fuck if you hate me lmao. You over here worried about MY dick lmao dumb ass nigger,1
“@CruelYear: Dumb ass tweet “@dlat0n: Black people that get offended by the word nigger https://twitter.com/dlat0n/status/431765494065266688/photo/1””fuck thass supposed to mean?,1
"“@tayyoung_: FUCK OBAMA, dumb ass nigger” what do you expect she lives in a town of 250 people her mothers also her sister lol",1
Stop! You racist fuck! Fucking dumb ass nigger!,1
"I'm still fuckin a white girl this weekend knowin ya president black.. @tayyoung_: FUCK OBAMA, dumb ass nigger",1
you scared me at first HAHAHAHHA btw goodluck finding ur ic or make the new one,1
"we are well past the point where arming ourselves for self defense would be justified. I'm not going to say anything illegal should be done, since that would violate tos, but if you are going to be dragged off to a cia black site and have gods know what done to you...",1
MORE COMMIE TERRORIST KOREAN NIGER TALK FOR HARVESTS TERRORIST ALAKSN METH HEAD COP CHURCH OWNS MY MIND FOR COLORED HIGH SCHOOL RACISM WANTS TRUMPS AMERICA SUED,1
"She a ugly ass white hoe RT @Oct5thVeryOwn: “@TRILLXBXTCH_: Shutup bxtch ! RT @tayyoung_: FUCK OBAMA, dumb ass nigger” FUCKING HILL BILLIES",1
"@CARMODlE omg hi!! you were one of my first moots and are still one of my fav!! i love seeing your tweets on my tl bc you’re rlly funny :)) and ur famous oomf, literally winning in life!! interact more? ily &lt;3",1
this nigger is dumb as fuck,1
lmao pow pow bri? RT: @Bankroll_Bump #POWPOW U DUM FAT HOE “@ms_dominicana FUCK LIL PHAT IF YOU ASK ME DUMB ASS NIGGER NAME,1
There is no racism in Trump! Get a new perspective! Ur lenses are colored! Or dirty...u can't see right!,1
Remember black mob aka goodfellas or whatever the fuck you coons and niggers call your gang of thugs.....you started this shit to me. And I will not back down to a bunch of dumb niggers with guns.,1
"I hope that pens fan dies, you don't call Wayne Simionds a dirty nigger he's Canadian you dumb fuck",1
"[We must stand together against those who promote hatred and racism in Israel, Palestine, the U.S. and everywhere.] All bull$hit talk, bern, You are yet to come to #NYCsheletrs and see the hatred, and racism being perpetuated on poor &amp; homeless colored people so that .....",1
Democrat Rep. Sheila Jackson Lee cites racism as source of United Airlines incident in a statement http://fxn.ws/2BVE6tO #FoxNews &gt;&gt;Most niggers do!!,1
You 2 dumb ugly fuck nigger name wayne positive Trash soft ass nigga pic.twitter.com/5BZJq1nD9M,1
"niggers are those who are igrant dumb fucks, who belive the are smart, when really they're doing the chasing [eg, drunk rat towards my rite]",1
"Racism still alive and well more than ever RT @Ace_Muney: RT @tayyoung_: FUCK OBAMA, dumb ass nigger http://lockerz.com/s/259495988",1
i dont see anything wrong RT @KrazyAzzK: Bitch what?! Dumb ass nigger RT @SoulSistaNokc fuck phone went dead and I cant find the charger,1
"i dont see color, but when black folks get on track together, nothing gets past em, just incredible, never seen anything like it.",1
"RT this trick!""@HoesHateHerv: EAT A DICKKKKKKKK ! Your gonna have mulatto kids ! “@tayyoung_: FUCK OBAMA, dumb ass nigger”""",1
Arabian whore RT @DTF_LikeCaillou: Fuck you too then . Dumb nigger RT @NiceHodgy Yall &lt;&lt;&lt;&lt;&lt; RT : You &gt;&gt;&gt; RT @WhatDaMoufDo: You &gt;,1
"hi queen! first of all im rlly happy to be moots w u! seeing ur posts on my tl, esp the aesthetic themed threads, is one of my source of life ajjsgdhs. i hope we could interact more! anddd tbh i see u as a big sister here on twt . also, gl on ur exams! i’ll be praying for ya",1
old news whitey RT @_WSBG: ARE YOU SERIOUS? IVE BEEN LIED TO THIS WHOLE TIME RT @fuck_your_kind: @_wsbg N.Koreans arent Chinamen.Dumb Nigger,1
"Awww she mad RT @D_Str8LiDat: Reporting live from white twitter RT @tayyoung_ FUCK OBAMA, dumb ass nigger",1
"If there's anything I've learned over the past few months as I've listened to my Black friends, it's how much the police enjoy and look forward to certain aspects of the job. It sickens me.",1
As originally stated. Black anything is not inherently bad. It is when black is implied as negative that it takes on the past of blakc = bad connotation.,1
"@BHENDRIX3 you know what fuck nigga, dumb nigger bitch, coon, house niggra, wildcat, i learned these manners from you.",1
"@Shelly_Smyth you dumb dickhead bitchh, dem ""niggers"" of America should fuck your shit up you stupid hoe. Racist headmouth. Ugly prick!",1
"Sry bro I don't talk to teenagers Ur understanding level is not good Doesn't matter how much u love ur gf crush, one sided love, wife but family always comes first Nothing is more important than family chahey kaisi bi ho",1
girl from nowhere is definitely one of those serial movies u wish u could just erase ur memories and watch it again for the first time,1
what triggered this and also what does the black community have to do with anything controversial i've said in the past 24 hours (i'm assuming this is based off of my tweet saying kylie jenner is embarrassing),1
"I was 9 when a elderly man called me and my mom a niggers in the parking lot of our grocery store, because he was trying to park illegally. I didn't really have another incident with racism until I got to highschool when one of my classmates wrote his racist manifesto.",1
When u stop fucking wit a nigger...He goes back to that same dumb hoe he use To fuck wit...&amp; she thinks she winning bt she's jst da rebound,1
@Jblohm3: Imma try to give up swearing for lent but it's gonna be hard fuck you dumb hoe ass bitch cunt pussy nigger,1
#SourcesSay Fuck my life. Fuck Chris Paul. Fuck Houston for getting involved. Can't root for you no more dumb nigger.,1
"You don't need white people to get shit done. Malcolm X called it: “The worst enemy that the Negro have is this white man that runs around here drooling at the mouth professing to love Negros and calling himself a liberal, and it is following these white liberals that has...",1
"Before Trump, dumb niggas just blamed everything on the Illuminati, voting was dumb bc niggas just assumed the secret societies had shit sewed up. Then Trump came like naw niggers I really have power I’m bout fuck shit up for the next 8 piece",1
also fuck everything that dumb nigger has to say anyways bc he only likes yt boys and supports r kelly like tf,1
"so, candi (stripper name by the way), upon scrolling less than 5 tweets down your timeline, i see u defending joe biden who literally said colored = poor. sorry sis racism isnt accidental, ever. and also, call brendon urie, i found someone with a forehead bigger than his.",1
Hey Joseph you dumb fuck that hard R makes a difference actually ppl do not say nigger commonly they say nigga,1
"Some girls are jus dumb, I see why niggers mind fuck em",1
"@aIovesong @XAVIERLEEDS no they aren't. You called him a ""nigger"" with the intention to be insulting, that's complete different. Dumb fuck.",1
Fuck you bitch my i want everybody on my page to get on this fool right now RT @cjriley78: @LilBtheGreat dumb ass nigger,1
"“@tayyoung_: FUCK OBAMA, dumb ass nigger” where TF is black twitter at? Please get this bitch",1
"Like I said, it was the tip of the iceberg. I don’t think I saw anyone unstanning him for solely this incident. The fact that he produced this song may have turned out to be false but that doesn’t make up for anything he’s done in the past and black fans owe him NOTHING because-",1
Ur supposed to take pictures for proof even if it’s ur first one dude,1
mad nigger is mad. RT @Mr_Squire: @ImKittiees you can go fuck yourself as well. Your name's dumb as fuck....stay in your lane son.,1
"It was covered by white moderate. He also warned us about the ""negro opposition"" who'd align themselves with that moderate. Malcolm called them the foxes to the Republican wolves.",1
"Sinister thought but I must ask. Is 45 letting this pandemic run wild because it's hitting black and brown communities hard as well as big cities? I mean, his base is widely rural, right? Sorry, it's a horrid thought but I wouldn't put it past him. Anything to suppress the vote.",1
nvm it was a dumb fucking fanboy nigger fuck.,1
WHITE players only competed against WHITE players and in the so called Negro Leagues Black players only competed against BLACK players? There were many players who would not be in the Majors because of segregation. Still great but records do not count until integration of MLB,1
"I need to get the FUCK outta Texas cause it's nothing but Ignorant droupout niggers, dumb tall tee wearing mexicans, &amp; Racist white people.",1
Anything can be called “racist statements”. “White privilege” is racist speech. Black Sunday Black ice Black coffee. Do we really want to go there. Negro lake in Mobile? Oh we can do be offended if we want. Rap music offends me.,1
LOL ILL FLAME THE FUCK OUTTA ALL THEM DUMB NIGGERS BUT YET THEYRE ON MY DICK ANY OTHER TIME? lol,1
"@TaylorEllis272 Hahaha ""so ahh how bout I almost killed a nigger tonight"" your dumb as fuck",1
Fuck Riko and Jade dumb niggers — Ok http://ask.fm/a/31afn2k5,1
it’s as if i need to be darker to be listened to. i should tell the women of color they aren’t colored enough and their hair is too white girl looking so they can’t really understand. it’s ridiculousness &amp; why racism still continues. u need to be the bigger victim,1
Why are you so mad? Calling names “@badponyracing: @itsericalkelley yet u answered dumb fuck he was a worthless nigger going no where lmao”,1
"Nope. Just honest. Rush mocked a man w/ Parkinson's, had a radio segment called ""Barack the Magic Negro"", called Chelsea Clinton the White House dog when she was 13, &amp; is himself a walking cancer on the world. I won't for one second pretend that I care if he dies. Good riddance!",1
RT @trillsuade: I hate Niggaas that act like bitches ðð¾,1
"And when Amy Siskind got into it online 1 or 2 years ago with 2 Black women journalists that questioned her repub past, and caused them to be harassed by her followers, ecm jumped right to Amys defense without examining anything or listening to the Black women. Be careful. Very.",1
@Impact_MiRx HAHA fuck you you dumb #nigger! That's what you guys get for being so cocky.,1
"“R u not lik de Cushites(Colored race) 2 me,O people of Israel (White race)?” declares de Lord.- Bible(Am.9:7). Am against racism,caste-ism!",1
i'm 5'4 lmaooo ur the first one to tink im tall i love it here,1
RACISM is wen u select ur white clothes to wash first b4 d colored ones. Say NO to Racism!!! Wash dem all 2geda:|-_-,1
"RT @LarrySJones1: @stephenasmith - If Tim Tebow was Black, u'd b all over him like a Big Lipped Nigger on Barbeque'd Chicken"" disgusting",1
"RACISM is wen u select ur white clothes,n wash dem before the black/colored ones!! Say NO to RACISM... Wash them together",1
Coming outside for a grocery run is making me grateful to be quarantined after all. This white man just called a group of black women “fucking niggers” because HE bumped into them. I’d be fine being quarantined forever because people are disgusting!,1
"Lol this girl is posting inspiration memes and black lives matter quotes. But when your white friend called us a negro in lecture, your ears stopped working and your gum stayed closed. KMFT",1
@TheRevAl Hey Nigger Al Get the Fuck off the Air and go back in your Cave.You are One Dumd Burrhead. As Dumb as that Nigger Robinson .,1
We’re in a society brain washed by the past and brain fucked by the present. I’m not black but I will do anything just to make the world equal for people of colour for people with different believes and from different countries I would sacrifice my life for you. FUCK RACISTS,1
“@PhonkyTown: TAKE THAT YOU FUCKING NIGGERS! ZIMMERMAN NOT GUILTY! YEAH BITCH FUCK TRAYVON DUMB ASS NIGGER https://twitter.com/PhonkyTown/status/356232317569744896/photo/1” WOW.,1
some racist fuck just called in and was talking about the dumb nigger tech and I was like uhhh I'm black he said oh shit and hung up lol,1
@onedirection @NiallOfficial shut the fuck up dumb ass niggers omfg stop coping niall's tweets,1
"nigga no one dodged you. Ur cheeks. Ur bio is ""I don't fuck with dumb niggers"" like how old are you? 10?",1
Fuck man all these niggers in this class so dumb as shit they always bothering me for answers n shit like FUCKOFF,1
cole been #1 in the game for at least a year now. love k dot but he ain’t put out anything for like 2 years and there’s no way somebody is gonna tell me his contributions to the black panther is better than the shit cole has put out over the past year. fact.,1
@dZ_SuWoo fuck off you dumb nigger,1
"Hahaha they mad as fuck yal ---&gt; RT @tayyoung_: FUCK OBAMA, dumb ass nigger",1
RT @koromonayy: Racism in America is both Overt and Covert.They may not call Colored people Niggers to their ... http://m.tmi.me/k40yF,1
another dumb bitch nigger selling oxyclean. fuck off gnostic idiot. I live and breathe experience. burn in witches … http://spoti.fi/1NO4e6C,1
Why. It’s reverse racism and harassment. So if a colored person walks into an Irish pub w an Obama shirt hecshould be harassed? I mean I’m sure it happens but it’s wrong both ways. If u support trump ur deemed a racist. It’s not the truth,1
@mgniii12 uhmm tell him don't be a dumb nigger sorry about that race I don't fuck with them,1
@squeezinpeaches @NegativeDyllanP @_SQUISHY_ WERE. Whatever the fuck -kin . You're a damn human you dumb nigger,1
"Lmao a bitch is maaad! #4moreyears RT @islandkidstef: ""@tayyoung_: FUCK OBAMA, dumb ass nigger"" TELL ME WHO HURT YOU....I NEED TO KNOW LMAOO",1
"You're dumb af “@lydialiskai: These people are flat out niggers. You don't burn a flag, especially an American flag. Go fuck yourselves.”",1
"gudnite twitter hoes, bitches, niggers, cunts &amp; dumb fucks!",1
That nigger busy giving @MphO_ReZ mixed signals via tumblr pictures. FUCK tumblr ... He dumb AF,1
"“@2Goats1Cup: Bet you've sucked hella nigger dick in your life tho. RT ""@tayyoung_: FUCK OBAMA, dumb ass nigger""”",1
"He was gonna say ni a, you dumb fuck, he wasn't going to say nigger. They have different meanings.",1
"Lmao u mad at your face. I'd be mad too you sea lion cub. “@tayyoung_: FUCK OBAMA, dumb ass nigger”",1
@juanfarias9 shut the fuck up you dumb sand nigger,1
"a little while ago he said nigger in a video to be “funny”. despite my username, as a young FORMER black fan of his it’s disgusting",1
"FUCK OUT MY MENTIONS YOU DUMB NIGGER ""@TeeJayBruh: @LayupOnHoes_ NIGGA""",1
"RT @tayyoung_: FUCK OBAMA, dumb ass nigger http://lockerz.com/s/259498313",1
ur the first one ive met who doesnt like dinosaurs omg,1
@ESPNNFL Fuck michael brown dumb nigger got what he deserved.,1
@BlogForBlacks why would i give a fuck about some dumb nigger blog?,1
@MzLongLeggz: http://yfrog.com/moh71cej Nigger Brown Colored Shorts A&amp;F racism is still alive and well! As if we needed any more proof!,1
"RT @iNewYorker: @NittyGeez WRINKLED SKIN, WHAT THE FUCK YOU GO DO? I'LL BE HERE, DUMB NIGGER!&lt;This dude or chic is corny #waymanflow",1
Ignorant nigger. What else is knew. Show some fuck humanism you dumb motherfucker,1
"Ah, there we go. You're one of those tap dancing negros that wants to sound like white people when it's time for you to get called out. I hear you sport. I'm glad we cleared that up. I don't mind moving on. You're already lost. Cheers.",1
What the fuck? You're dumb RT @Bray_2_Raw: @FreakingJae @tinytwerk hold up Jae it's alright I gave her a nigger card so she's good ight!!,1
Nigga just tried me on the road. Back the fuck down dumb nigger. Lol,1
fuck your lesbo looking dyke fuck ass bitch ass pussy nigger bitch fuck bitch nigger loving bitch pussy dumb fucking forehead bitch ass hoe,1
"Kill yourself dumb bitch!!! RT @tayyoung_: FUCK OBAMA, dumb ass nigger",1
@thenameisjohn_ fuck u dumb bitch whore faggot cock ass dickwad shit douchebag nigger motherfucker titties,1
"Probably a black dude that voted for obama wanting attention. #ignoreignorance RT @tayyoung_: FUCK OBAMA, dumb ass nigger",1
"Ignorant dumb black people can fuck off, niggers.",1
"Y’all could’ve let my comment stay a comment. Y’all’s negative opinion was not needed, this is the way I was raised I don’t deserved to be called a negro because you black people love to have “the white man” mentality. Grow tf up",1
This is disgusting. But I'm really stuck on the black nigger... Is that not redundant ?! https://twitter.com/ashlleysosa/status/798005187814113280,1
"twas 'airspace issues'...such as you nigger bitches sending troops into an area that has already warned you and said they DO NOT WANT #WWIII SO, DUMB ASS NIGGERS IN THEE us of #AMERICON government... DO YOU THINK #RUSSIA GIVES A FLYING FUCK ABOUT THE ORANGE/YELLOW NIGGER??? #NO",1
"@alovelykink even a ""dumb nigger"" wouldn't fuck you",1
"I just defined it. It comes from a long line of names from slavery nigga, shine,negro, colored, minority we called ourselves black in protest of names given to us by our slavemasters. What name do south African refer to themselves as to show difference from white south Africans?",1
Fuck you dumb ugly nigger name Wayne Positive trash soft ass nigga Not interested dumb ugly nigger pic.twitter.com/li3KmkkiUp,1
@Ian_HHC @zeke4real yeah dumb fuck nigger tits whore munchin cotton headed ninny muggins,1
"@tayyoung_: FUCK OBAMA, dumb ass nigger I guess ignorance is bliss",1
"Y'all disgusting. If a black calls a black ""NIGGER"", it's not ""racist"" but let a white do same, WAR! RACIST!! Growing up I was taught racism was about discrimination but today, I'm really not sure anymore.",1
@wesleyan_u @wesmediaproject @wes_alumni @wes_athletics Amanda Palmer's been saying nigger nearly 10 yrs. her black fans told her how disgusting it is. She does not feel the need to apologize. This is a video of her singing nigger on yr campus. Is this wh,1
"@tayyoung_: FUCK OBAMA, dumb ass nigger ctfuuuu bitch yu maaaddd af ctfu",1
"Ion think anything Jay Z did past The Black Album is a classic. Shit, The Black Album isn’t a classic. A very good album, not a classic.",1
I hate stupid niggers they should've left half you dumb fucks in chains,1
@bboyhong_ dumb nigger fuck shit,1
body guard me like what the fuck this dumb nigger lookin at? mad dogs em. nigger looks down scared asap. dad- :) me- :|,1
And this other nigger cut the line and I had to push her dumbass...fuck the dumb shit...I was out there for 3 hrs,1
"Parents Are Fucked They Need To Go Back To School And They'll See Why Lifes So Sus. And Fuck Black Parents, They're The Worst, Dumb Niggers.",1
Fuck Dumb Niggers,1
My dad comes home and goes u dumb nigger.. I was like what?! I'm layin on the floor what did I do ?! He goes fuck u bigger.. #someonesmad,1
"(Acts 29:18559) AND it doesn't matter what the white devil's alleged so called ""theologians"" declare, because they are white born ""liars"" like their daddy who is Satan because God is not white, and God's people are not white either, but Divine Dark Skinned ""Golden"" Negro like God",1
Anyway I was also called a negro by a white man that night too,1
@Bashlol SHAT THE FUCK UP DUMB NIGGER GO EAT YOUR FUCKIN CHICKEN AND YOUR GRAPE BITCHH!,1
"Racism! WHY oh Y do ppl think like THIS?! If u don't like them or talk about Them U R RACIST! BUT- If Different colored ppl only stay within the same type, It is-Keeping with OR Supporting Your OWN KIND! BUT IF Whites stick with Whites They STILL ARE RACIST! BLK WITH BLK SUPPORT!",1
Lmfao get em bruh fuck that black dude ! RT @rudeuncleji: @Lil_Mike_12 @NoBeeetch @JusReign dumb ass niggers,1
"Why should I be grateful to past white Americans for anything as a black man..? Like black ppl owe nothing to this country, and this country owes them everything.",1
"@JmillzGot_JUICE: Ignorant people these days. RT @tayyoung_: FUCK OBAMA, dumb ass nigger",1
"Fuck you, dumb ass bitch RT @tayyoung_: FUCK OBAMA, dumb ass nigger",1
@ksorbs 😂😆😂 #classic #coon... As pawpaw would DO 🙊 YEP I went there. #momentsimissthatoldmanofhonor #hilariousfamilymemories,1
"Oh I'm sorry, I thought it was ""converse"" not ""conversate"" you ignorant nigger “@TheGooseRF: This dude @IAmLebaron is dumb as fuck.”",1
Senmer News Wire: A Novel about a Colored Lieutenant’s Fervent Efforts to Withstand the Hostilities of Racism in the U.S. Army https://www.senmer.com/a-novel-about-a-colored-lieutenants-fervent-efforts-to-withstand-the-hostilities-of-racism-in-the-u-s-army/,1
"&& what you said sounded dumb as FUCK. A woman just got called a ""nigger"" in Wal-Mart for defending a Hispanic woman. Stay in school. https://twitter.com/beijingfentyy/status/867394343748984833",1
why u so smart but dum foe dez bytch niggers — Ion Fuck With Bitch Niqqas ... But iDo Be Turnin Into A Dumb Thot... http://ask.fm/a/628ekqbh,1
@WildflowerCases scrolling thru ur account ive realized im not the only one whos unhappy. ig i should’ve done my research first,1
RT @chicoine14: HAHAHA FUCK YOU DUMB NIGGERS OF SEATTLE YOU SOUR LOSING FUCKs!!!” Well this is unnecessary.,1
"haha. she mad her President BLACK. RT @tayyoung_: FUCK OBAMA, dumb ass nigger",1
"@PaulCdebaca cause you told him ""fuck you dumb nigger"" don't you remember lol",1
Fuck designers man you a prick if you buy shit just for the brands dumb ass bitch ass nigger,1
Im Xbox Im a dumb nigger fuck that fucks his sister and I'm a billon dollar product and I can't fix my shit I'm a bloody cunt @LizardPatrol,1
Walked in a black owned business with two white girls on a Sunday afternoon and got the most disgusting looks from my fellow niggers them hoes felt the tension,1
RT @TheGoodSin Racism is over cuz we got a black president but Abercrombie is making Nigger Colored pants. Wow.,1
"@YFNZAY @ShawnaThaDoll WHICH IS DUMB CUS WHITE PEOPLE ALL SEE US AS ""Niggers"" FUCK WER U FROM IF U DARK SKIN OR LIGHTSKIN U A NIGGER",1
"Man I hate when a nigga cock blocking at the function , I'm tryna get laid tonight .!",1
Who is doin this under the age of 25.... Nigga no one cuz they all mediocre as fuck. Whew Jesus. The niggers that surround him truly are just as dumb &amp; delusional. Aint sold out nane concert or topped nobody's chart but he supposedly doin it. pic.twitter.com/GZFG9NzBrR,1
"Ok. So I should look past the anti-Semitism, I should look past the hatred towards white people by the leader of the organisation, I should look past the fact that they don't give a shit about the children that have been killed during BLM protests by other black p. Anything else?",1
Fuck allat dumb ahit i never let a nigger put his lips on dis dick,1
Fuck red &amp; white dumb ugly nigger name Wayne Positive trash soft ass nigga &amp; ugly ass Chris Brown pic.twitter.com/B0MuC5eoFM,1
—First impression: so pretty and i omg Ur From TikTok sksks —your nickname in my head: Nicky just Nicky sksks —closeness ratings: I hope 10/10 —do i like you: DUH —you are my: one of my fav moots —to be honest: I really wanna know u more —should you post this too: yes,1
no ones mad. what’s disgusting is white women are out here trying to “breed black” so they can have mixed children but will walk around saying nigger.,1
"WHY NOT ITS UR OPINION NO ONE IS GNA ATTACK U ILL BE TBE FIRST ONZ TO BITE THEKR ANKLES (unless it zeina, o ly zeina and me can drag u)",1
Fuck you ugly black trash nigger name dwyane michael carter ugly dumb trash off my pussy off my fucking complexion pic.twitter.com/7q4bx1e4aO,1
first impression: funny gujju ur nickname in my head: harshu do I like u: yes man you are one of my fav mutuals ever had a crush on u: noo what color u remind me of: pastel blue,1
"Dead ""@NahNiggerNah: oh you a smart glue-paste colored bitch? RT @YoungIFF: @Nah You can say nigger &amp; I can't? That's racism in itself.""",1
omg me 2...that saying is dumb as fuck &amp; makes u sound like a dumb nigger!! RT @HesOnDeck_FF #wordsihatetohear you dead ass,1
@IAmJustice_ @stephanierevans well I find you a dumb ignorant nigger that doesn't give a fuck about anyone but himself taha,1
"You Mad??? LMAO ""@ATL_GEMINI777: Lmao :( RT @tayyoung_: FUCK OBAMA, dumb ass nigger"" pic.twitter.com/zXwORJ0Y",1
Fuck red and white dumb ugly nigger name Wayne Positive trash soft ass nigga pic.twitter.com/jW0eEbTi9b,1
I care about real racism. I hate race baiters and racists and who pick and choose stories for their self serving agenda. Calling every little incident that happens to a black person 'racist' is ridiculous and you're not going to make any friends doing it.,1
Slaggg on the phone plzzzz I beening picked on fuck offf you dumb ass dirty crab of a whore shut ya mouth don't ever call my mate a nigger,1
@ChallengeMTV You only care about racism *this week*. Remember you had the Monster Camila on champs vs stars AFTER the Leroy incident. And you only fired and banned her when she called a Black staff member a Nigger and put her hands on her,1
"Why she mad doe? MY PRESIDENT IS BLACK! Embrace it RT @HIGHimAD: This bitch mad.... Haa! “@tayyoung_: FUCK OBAMA, dumb ass nigger”",1
Stop acting dumb and grow the fuck up you little ignorant piece of nigger,1
@Anndrenaevaldez @biancanicollle I'll kill your fucking family you autistic fucking nigger FUCK. GET CANCER you dumb fucking whore bitch.,1
i wasn’t the first one to reply under kama tweet. you clearly don’t even know what ur talking about,1
Racism won't stop as long as u stil select ur white clothes 2 wash 1st b4 d black&amp; colored 1s.Say NO to racism n start washing em togeda..,1
"RT @tayyoung_: FUCK OBAMA, dumb ass nigger x—is it that serious? u mad?",1
"Zayn isnt the first one. They're doing jokes to each one of them privately or not like they never know each other, u can take example if u have good relation with ur siblings",1
It is very easy to pick out individual anecdotes. Any race could do this and pretend racism was institutionalized. The odd incident is not indicative of the wider morality. When did the police start ruling any crime suicide or otherwise? That is the job of the courts.,1
Remember when you dumb niggers said Kanye West made Taylor Swift's career? Go fuck your mother.,1
"“Incident of anti-black racism” BUT “police said, adding that the incident is not being treated as a hate crime”. Pick a struggle!",1
"A UK music TV show called TOTP. Every Thursday night, the nation's kids watched. A ""raunchy""dance troupe filled in when acts couldn't appear/ had no video. Half- naked White girls in lacy underwear cavorting with oiled negro males. A jew, Arlene Phillips, was responsible.",1
RT @THESLUMPGOD: I Sampled Jaws,1
@KimmyluvsDick damn bitch you dumb as fuck. You look like a damn fool. Fucking nigger. Go back to picking cotton you fucking slave.,1
@ZachCrofutt @SeanHowell21 go fuck your sister you dumb nigger,1
Y'all really dumb hating ass niggers not niggas !! Nobody gotta fuck wit young snupe that man just turned 18 and got murdered show love,1
"Lol have over grown that but sad cos the ladies upfront will suffer for it,,, First Ex stole upon luxury I was given her and second one took me as maga two until I showed her my Warri attitude after sending cultist to me Blame ur gender cos is about to go down",1
@T0KAH0NTAS_: you're dumb as fuck. RT @JakeChiodosTarr: Fake nails remind me of niggers. Aka ignorant black people. Ewwwww thank you&lt;3,1
#thingsisayinschoolthemost get the fuck out of the middle of the hall dumb niggers,1
"Yeah all your #WhiteRacist are mad as hell. A colored,black,nigger,coon is still in the #WhiteHouse now that's racism huh??",1
"Fucking nigger phone, fuck yourself dumb piece of shit #iloveTony",1
"@DDN_Ali like u; when the fuck did I say I was god dumb nigger. she's my friend,and you don't know shit about her relationship with her mom!",1
Why. The fuck. Would you ask me to follow you back. then fucking UNFOLLOW ME. You dumb cunt ass nigger bitch.,1
"“@sportsethority: @Solbcheq sorry to tell you dumb fuck, now shoot yourself nigger” lol, ok, but I was agreeing with you",1
You Dumb Ass Fuck ! Fuck Context ! He Said NIGGER NOT NIGGA And Second That Word Been A Derogatory Word Since Day 1 ... BYE,1
Not ur first think about the camera lenses one etc,1
"saying blackpink did “so much collab” is ridiculous, they’ve done only 2 collabs so far and its not for their album, this collab will be their third overall and the first one for THEIR album get ur fact straight ppl",1
@yourhighaj: @Kursory @MomoZoned HAHAHAHA FUCK YOU DUMB ASS NIGGER. YOUR THE REASON US WHITES HATE BLACK PEOPLE,1
"i rap dumb because it pays. HILARIOUS as fuck. nigger, 1st off u aint getting paid! so wtf is you talking about?",1
"I would disagree. I would say she is speaking her mind, freed from the enslavement of the federal government caused by the democratic party for the past 50 years. She understands how to uplift the black community, unlike white liberals who have never had to want for anything.",1
@aaliyahkotus look at u ugly as fuck nigger u ain't white u Hispanic the Kkk would still kill yo dumb ass,1
@Jacoblaubner33 @frankyjacobs97 fuck you dumb niggers,1
I'm black and I call it a hate group. BLM hasn't done anything for the black community in the past 9 years of its inception. The way they demand the white people to bow down to them is ridiculous.,1
Ok so when when we first started talking in the gc and all for some reason i though you were like a little dry but i think you were just warming up bc now i know ur super fun and funny and ur one of my fav moots ily!,1
@Brenan_F u unfollowed me fuck you dumb gfxer kys u dumb nigger ! ! ! ! ! ! ! xD ! ! !,1
@ThugLifeElmo The shit you post is dumb as fuck! You can tell your a stupid nigger,1
oh ur the first one there,1
"Dfl, hurt“@tayyoung_: FUCK OBAMA, dumb ass nigger”",1
@MandaSwaggie ur a dumb fuck u say world piece yet u call them niggers now go eat shit and die,1
Stupid nigger dumb fuck,1
"Im a nigger YESSSSS lemme correct yu racist ass dumb fucks. Im a proud African American. Idnt get offended, we arent in the 60's anymore",1
"“@tayyoung_: FUCK OBAMA, dumb ass nigger” FUCKOUTTAHERE !",1
"Yes I am for 75 years, live with systamic RACISM, set on back of the bus. Lived Colored, and White. Been called smart ass Nigger more times than I can count. So disagree with me but I have survived being BLACK. OH my grandfather was called BOY until he died at 70",1
"If you had the world’s attention for 30 seconds, what would you say? — probably ""fuck niggers"" or some dumb shit https://curiouscat.me/Yukki_/post/733606611?t=1544941027",1
"How THE FUCK do you keep smoke contained? Sir, just call me a nigger for all that. You sound dumb.",1
.... “@J_Clark011: That dumb nigger turned me completely racist today. Fuck that. You don't talk to me like that. Black sum bitch.”,1
“@PresidentChicho: @_BamBelly well your a dumb ass” well your ass fuck boy nigger cake,1
"- & FUCK @tayyoung_ . Fat Ass ' Whatever Yo Race Is ' RT @tayyoung_ FUCK OBAMA, dumb ass nigger",1
"“@tayyoung_: FUCK OBAMA, dumb ass nigger” you mad ? STAY MAD",1
I will never underfuckingstang why these dumb ass fucking niggers do shout outs all fucking day on instagram. Oh my fucking FUCK,1
"Did u see THIS?! ""During a hearing on whether to declare racism a public health crisis, state Sen. Huffman, R-Tipp City, asked if “the colored population” is hit harder by the coronavirus bc perhaps they don’t wash their hands as well as other groups.""",1
@ErinAndrews fuck that dumb nigger,1
"Still, Davis, who is gay, said he pays a social premium for supporting Trump. “I’ve been called Uncle Tom, Uncle Ruckus [a character from the ‘Boondocks’ comic strip], traitor, house Negro, Oreo — white on the inside,” he said. “Literally everything but a proud black man.”",1
"Dumb ass lil bitch smoke crack and each 100 dicks hoe “@tayyoung_: FUCK OBAMA, dumb ass nigger”",1
Get the fuck off my pussy you dumb fucking nigger name Wayne Positive trash soft ass nigga not interested Off my complexion14 dumb trash,1
"Someone called my mom a dumb ass nigger after she blocked them. So with that being said, if you’re a racist, fuck you and your whole ass existent and fuck your dumb ass mom too while we at it",1
"SMH “@tayyoung_ FUCK OBAMA, dumb ass nigger”",1
@GameboyLover666 like you wanna talk shit? Okay bruh but dont make it fuck with girls I'm talking to you dumb fucking nigger,1
"THIS SI SO IM AJDDJKSFBSKDBD IM NEBER HERE ANYMORE BUT ITS FUNNY CAUSE UR ONE OF THE FIRST MOOTS I HAD HERE AND BY CHANCE, PURE CHANCE U REPLY TO THE ACC IM ON ALL THE TIME IM-",1
"RT""@ShawnIsFuego: haha zacks bud got this nigga racist as fuck! &lt;&lt; lmao you dumb NIGGERS!"" « Haha see!!",1
“@Lovera_74: Alright time to go to the stadium to fuck up that dumb african congo nigger ibaka”,1
"It's kind of disgusting that a black woman who is a little right leaning is automatically an Uncle Tom house nigger ""bedwenching for whitey""",1
alot of niggers dont advance in life becasue they dumb as fuck - chip,1
Nigga isn't a disrespectful word but if you intentionally call a black person a nigger you are just ignorant as fuck. Dumb slut,1
"@Soulifyed @Brxys Originally nigger was meant to only hurt African Americans, now it's used as a term to shout at complete dumb fucks.",1
"Bitch fuck u RT @B33rd: Fuck You Bitch RT @tayyoung_: FUCK OBAMA, dumb ass nigger",1
Do you know anything about history? The league was created in 1920 for black (called negro at the time) and Latin people who weren’t allowed in the white leagues. That is all.,1
Look at you. Now look at us. All ya'll niggers look dumb as fuck.,1
"@tayyoung_: FUCK OBAMA, dumb ass nigger you made bro",1
"@tayyoung_: FUCK OBAMA, dumb ass nigger Ha you mad..... OH OKAY LOL",1
lol fucking nigger. dumb freshmen needs to understand that shes fake as fuck~,1
"This guy really told his son that this stick was a ""nigger beater"" who the fuck does that shit dumb ass people I wish I can beat you",1
#coon alert! #morningjoe,1
Gay aids. Anchorman 2 was easily one of the funniest movies of the year. If you don't like it FUCK YOU UNFOLLOW ME YOU DUMB NIGGER CUNT,1
You dumb nigger shut the fuck up and move somewhere else. Get the fuck out of America. Go to the cfl. Ooooo forgot. They don't want you eather. Worthless idiot.,1
@ObeyRxj lol. U. Gluten eating faggot dumb nigger fuck boi,1
"@tayyoung_: FUCK OBAMA, dumb ass nigger&lt;&lt;&lt;&lt; yo daddy look like Kernel Sanders LMAO uggggg ass",1
@SleezyStevie69: @iamdiddy shut up u dumb nigger &lt;&lt;&lt;&lt;look at this dumb fuck how u get on my tl #loosin,1
"Ladies why do you allow your Boyfriend's / Husband's / Side Niggers to grow NAILS? F@ck off, their nails are packed with Some disgusting black stuff.",1
FUCK YOU DUMB NIGGERS TAKE WHY YOU FUCKS TAKE AWAY 360 PLAYOFFS YOU CUNTS,1
"I don't have a problem w/ a white person saying""nigga""but when its dumb fucks like @ashleyheil2 saying""nigger""she needs 2 get that ass beat!",1
Lrt that's kind of scary but I suppose it is easy to play dress up online in general... once people started Black fishing I dont put anything past them,1
not gonna lie i laughed and ur second statement but if u shimmy a lil bi/pan lesbians into that first one tho,1
@Dont__Rush__Me yes fuck patrick is he dumb nigger like all nigger are like me sa,1
"Cmon man. You’re smarter than this. The words “United negro college fund” are not racist, but if 3 white dudes start a band and call it “united negro college fund”...is that racist? It’s problematic at least. Roger stone could have called him anything, He chose that word.",1
Tweets dont make a sound dumb fuck RT @IanStuart6 K_KEruh @KELLYROWLAND @chrisbrown You sound like a stupid #nigger! #TeamHate #WPWW,1
"@Squid_iRun800: “@tayyoung_: FUCK OBAMA, dumb ass nigger”stfu, you mad bro? Lol &lt;--- Jit maddh lmao",1
@FamoLoyal No you dumb fuck. I was making fun of all you niggers thinking you're tough just for being from Detroit.,1
Why even do anything about the snakes? They are extremely docile. Just walk past them,1
@Aubrey8895 NIGGER MEANA IGNORANT LOOK IT UP DUMB FUCK,1
"Call me disgusting then! Because if any non BLACK person, especially a white one, calls me a nigger I’m going to slap the dogshit out of them too...it’s a new day for the Karens around the world.",1
Niggers act dumb and think I will appreciate stupidity and all that. I don't deal with girl-behaving boys. Fuck with me or Go to Jerusalem,1
Her: I wish I was black *2 minutes late*r Fuck obama that dumb nigger yupp cause all black people say that....,1
just like u colored love to yell racism when u don't get ur way.,1
@RepoHdz @DiverseSoles fuck outa my mentions dumb ass white boy go back to yelling nigger on your pic like the little clown you are,1
#Dutyfree at LAX. Shame on you for your horrible leadership skills when it comes to workplace relationships. Shame on you for the assault on “Black” employees. It’s disgusting and it’s discriminatory. I was called a nigger and I still work with these employees. What gives?,1
After u find out a fine bih hit a nigger on a lower lever den you Niggas b obligated to fuck her fine dumb ass lol,1
"What’s bad about this whole thing is,this plays apart of why we get profiled. They don’t look at this as a few bad apples. They look at it as “Niggers being Niggers” And innocent law abiding Black ppl pay the price. Disgusting! Grey sweats had Ass tho, Ass was jiggling as she",1
@m_miller51 @NEngstrom5 some dumb fuck called these big black dudes niggers take it from there Neal,1
"Like, who likes black people? niggers are so disgusting.",1
"lol, like anything has changed. It's not like you've showed up to a single protest and stood up for black lives during the past two months. You're going to do what you've done from the beginning: Sit on your ass and let whatever happens happen.",1
in the past if you're white in a black neighborhood you probably wouldn't expect anybody to call the cops if you got attacked ... however now you're not even allowed to call yourself ... and if you do they won't come anyway ... and if they come they won't do anything ...,1
Cottupt attorney at law karla Jo Shannon of Rocklin California is a dumb fuck irush white nigger,1
Same I dreamt some white guy called me a negro and I chased him and beat him and his child up,1
"@finney_eoin @Arsn Shut the fuck up, you dumb illiterate nigger!",1
both of them give off middle schooler energy except the first one is being forced to take a pic with ur cousins and the second one is during a school field trip,1
So when she called all the members in her group Niggers that was a term of endearment? When she laughed at Normani being called a Nigger that was a term of endearment. I’m the one being negative for pointing out RACISM? Fuck off with that dumb shit.,1
"He was appointed as Acting Nov 13, 2019, and it is now well past the 210 day expiration. Same with Cucinelli. I thought Acting anything can't do everything a fully appointed person could do?",1
"“@tayyoung_: FUCK OBAMA, dumb ass nigger” bitch needs her ass stomped on .",1
"Hi, guys. I won’t to do you guy even like black? Because all of your comments about blacks are negative and degrading. You never seem to find anything positive to say. All your positive conversation is about whites. Have black hurt in thr past, that you hate them.",1
u gota love racism today in #america insted of callin me a nigger u wana call me the colored boy.u rotten muthafu?!$+ its 2011,1
@NewEraJihadi @ShamiAnalyst You are too pussy to handle Kurdish girls.  Western boots would turn you to worm meat.,1
"That's dumb as fuck, grow up nigger",1
I really want to pop in on some of these Black Owned Redtaurants but mfs is saying they wait time for simple shit like wings is 2 hrs and not even telling you the food is ready. Who waiting anything past 20 minutes for some food? Not I.,1
"Coon - A Black person who sells out and kisses up to racist White people, especially those who defend racist White people against Blacks; an Uncle Tom, what Malcolm X called a House Negro.",1
Tyga confirms relationship with Kylie Jenner? WHAT A DUMB FUCK HE IS 25 SHE IS 17 HELLO RAPE RAPE RAPE SICK DUMB NIGGER!!!,1
@hipppytay nigger: ignorant dumb fuck Black person: a chill ass nigga,1
What's going on in Baltimore is stupid as fuck. Dumb niggers rioting will definitely fix the problem. Ignorance at its best.,1
"(Acts 29:18609) THAT exclusive white people ""cult"" magic sorcery demon ideology called Christianity of Satan, not of God, never was of God, because God has His own religion) for strong is the (Divine Supreme Hebraic Dark Skinned ""Golden"" Negro) Lord God who judgeth her (referring",1
"“@Pretty_BSJ: Bitch stfu .RT @tayyoung_: FUCK OBAMA, dumb ass nigger”bitches out here trying to get 187'd sis @Pretty_BSJ",1
"Bros, you are yet to comprehend the meaning of the word racism in a multi colored nation like U.S. In the end, they might only give him 15-20years with option of parole. This means that he can be out of jail in the next 10yrs...simply because he's white and he killed a 'nigger'.",1
"Black people don't like being called ""negro"" by white folks or any other race. Period.",1
"no only you dumb nigger — Listen here, you little bish. Go hate on someone different. Get th fuck outta my ask y... http://ask.fm/a/5gi9gjc3",1
"Wow, fuck dat RT @CaRaMel_DeLuXe: Just got called a nigger at work by a customer..cuz his dumb ass didn't know how to use a bluetooth",1
“@Ashley_Audio: LUKAKU WHAT THE FUCK ARE U DOIN WHY THE SHITTY STUTTER RUN UP YOU DUMB NIGGER”hahahahhahahah,1
"You maddddddd RT @maddyiegalbann: RT @tayyoung_: FUCK OBAMA, dumb ass nigger",1
"How come I can’t 1v1 people in Atlantis discord without getting called a nigger,broke,and a slave shits dumb as fuck.",1
"@Purely_Ambition: Sooo mad. RT @TracePeterson Fuck Obama that dumb nigger I'm going to Switzerlan yooomaddddddd lmfaoo
Shut the fuck up you dumb nigger. Your in South Milwaukee.
@SmokieeLODNS Yeah! You just a NIGGER. Ignorant! You dumb as fuck as if beati",1
I'll be the first one to tell you hillary sucks ass but if you dont think the russians are balls deep in every aspect of American affairs that they can get into then i dont know what to tell ya bud.. other than pull your head outta your ass but i guess thats part of ur patriotism,1
Anything having to do with DEI or Black feminism. Hell I feel like that's all I've been doing for the past month or so with all the white folks that have been reaching out to me.,1
You 2 dumb ugly fuck nigger name wayne positive Trash soft ass nigga pic.twitter.com/BmgrlQgrzS,1
@stransinf: @BoltJames_ The link doesn't work you dumb fuck nigger &lt;==Lmfao,1
Mr. Fulara u even nt know about the conditions of that area. Neither ur Credit chor CM. First ask him how making hoardings of ur CM can help Delhi getting rid of Dengue mosquitoes. The work Gambhir Sir has done in 1 year for the people of Ghazipur know this bcoz I'm one of them.,1
"Crazy how so many black people are homophobic but as soon as someone calls them a nigger they ready to raise hell shit doesn’t make sense to me, you can’t oppress a group of people and then be butthurt about being oppressed y’all be lookin dumb as fuck",1
"You know the fact that you still consider race and are saying that there HAS to be a colored person is the reason why racism still exists. If u want to eliminate racism, don’t consider it",1
im trying ur probably gonna be one of the first to see it,1
"Just wanted to say that I like the profile pic, ur the first person I found with the same one as me",1
very appropriately so go fuck yourself you dumb fucking nigger,1
"@alansjcs I was called a ""dumb nigger"" and told to ""shut the fuck up"" by the supervisors at the St. John's shelter in Ithaca, New York.",1
"“@tayyoung_: FUCK OBAMA, dumb ass nigger” BITCH .... Black Power",1
Swear these niggers some dumb fucks,1
"“@Watsup_Ray: @MindlessTaliyah You corny as fuck lol” mhmmm so are you, dumb ass nigger",1
Fuck you dumb ass nigger all you do is suck weiner swear niqqas on xbox be ragiiiin,1
and double fuck @RacistNegro69 . You shitdick cocksucking ginger blackface nigger. Wtf are you RT this? Dumb motherfucking savage animal.,1
Didn’t Martin Luther King use the word Negro? Why is that word Racist ? I’m called white indians r referred to as Indians and black people use to demand to be called Negro’s . This is someone trying to stoke the racism card for personal gain,1
@TreyLoveMyWings YOU CAN LICK MY FAT PUSSY AND FUCK OFF DUMB NIGGER,1
Being bitter and holding animosity over the past will only keep we black America oppressed! Knocking down statues wont change anything! Pandering wont make us whole like you said about lift every voice and sing! Realizing that despite her flaws America is still the greatest 1,1
"she a white mans whore. she literally took a sample from a album called negro prison songs and was like ""i bet some white man would pay me a lot of money to bring him this",1
WHAT THE FUCK U TOOK Y SONG U DUMB FAGGET ASS NIGGER (@YouTube http://youtu.be/6kvfgmgjKMg?a),1
"Ebert always got it, and if these past couple of months have proven anything it's that proximity to black folks does mean you'll get it.",1
@jswag23usaf Jon? Get the Fuck on you dumb nigger,1
"@OlmecaXicana Did u know the founder of Planned Parenthood said, ""Colored people r like human weeds and r to be exterminated."" that's racism",1
These dumb fucking NIGGERS love their basketball. ..them ain't boycotting one fuck..they still gonna watch the play-offs,1
RT @TrueStarDreik: @beautifulone926 lol don't #fail me racism still exist lmao◂-- oops didn't mean 2 fail u but the word colored lmao,1
@Nerrving actually im an asian fish who hates niggers like you and @Xenoxed fuck you too dumb autistic niggers.,1
Nigger means ignorant so i guess that you @Jay_Martin504. Cause this bitch dumb as fuck.,1
"My goodness""@ChewCanSam: Somebody get the camera off that dumb nigger before I flip the fuck out, Subban is a stupid piece of shit""",1
"She jus wants attention, she'll be ight !RT @JahFamouslife: FUCK YOU BITCH RT @tayyoung_: FUCK OBAMA, dumb ass nigger",1
“@WayneL_Jr RT @BooBoo_Britt: WayneL_Jr your nigger ass is hella dumb fuck out of here” pic.twitter.com/4W6fV8bqnQ,1
@LegendOfShelby when the fuck did I call anyone a nigger? You look dumb as fuck.. I never said anyone was a nigger..,1
"Wow, how incredibly lame! This is not going to fix anything. Most of the ppl alive today have not been subject to things that happened a long time ago and is in the past and further, they do not deserve a damned penny simply for being black!",1
"Who tf said I said our purpose is to fuck? Lmaooooooo. u still in college tho. U dumb fkn coon, IKE. nigger.",1
"She did say she was misunderstood. You know black twitter and Facebook. You have seen EFF storming peoples homes for things like this.Knowing white people and how paranoid they can be , you can understand the way she might have thought after.Hope i dont get called a house negro.",1
niggers backwards is sreggin. you niggers need to sto... — You dumb as fuck because it's niggas spelled backward... http://ask.fm/a/3m7aj4e6,1
"@tayyoung_: FUCK OBAMA, dumb ass nigger BITCH YOU MAD ! CALM YO WHITE ASS DWN !",1
➳ first impression: A really great person cuz u made me confident here ➳ ur nickname in my head: mema api ➳ u are my: First twt friend and one of my besties here ➳ to be honest: I love u soo Much from bottom of my heart ➳ should u post this too: Suree,1
"At my current job I'm the only black person on staff, and I hear the n word 20x a day. I once got sent home an hour early because my white boss called me a negro and I said it was racist. Coworkers have also called me slave, asked if my hair was real.",1
"These are the same dumb fucks that say all lives matter. The term Karen is an actual name on millions of birth certificates, nigger isn’t",1
Kunt and Andre's meals were way worse! That zuppa di pesce was an insult to everything Italian. #MKR,1
These little niggers on beyond scared straight look like dumb fucks trying to fight 30 year old men when their 14. #dumbass,1
Callin a black person a nigger is equivalent to laughin in the face of a dumb fuck who thought that really offeneded us #BackFire,1
Fuck Toledo dumb niggers need to learn to drive,1
@orderSOMEfood shut the fuck up with your dumb nigger logic.,1
@Colton_Zappe: Fuck that dumb nigger Obama You Mad about it ! Lls .. My president is Black #TeamObama,1
Racism is when u select ur white clothes to wash before d black colored ones .Don't be a racist wash them all together....,1
the hard r originated from white people because they were called negros (obviously meaning black) but at the time white people couldnt wrap their head around the spanish pronounciation is what i heard. either way the hard r is all on white people,1
"You need Jesus! RT @loveee_tdale “@tayyoung_: FUCK OBAMA, dumb ass nigger” watch ya mouth.",1
"why are black people always referred to as 'niggers' they're people just like the rest of us treat them that way, racism is disgusting",1
Those white painted up imposters so called Native Americans are not the Real Indigenous Indians of the USA. We are the Only Negros who are Hebrew!!! All blacks in America are not Hebrews. They have imported a lot of foreign niggas to culture rape us and replace us. GENOCIDE!!!,1
I can’t believe u niggers are tryna justify that bitch calling us niggers lmfaoooo this is why the white people dont respect y’all dumb asses now fuck outta here,1
I've just realised I've been underpaid at work which I'm fumming about then I see that this dumb nigger is retweeting me FUCK OFF,1
@Itsry4nn: KICK ME OUT THE DECK AND THIS IS WHAT YOU GET YOU DUMB NIGGERS FUCK NIGGERS wtf?¿,1
"Fuck you dumb bitch ass niggers, and fuck you too Twitter, you whipped ass bitch. Fuck all you gay ass niggers. And you big faggots that think you know shit, learn what a distress signal all is, you two bit niggas",1
I judge yall intelligence based on da shit y'all like b y'all niggers dumb as fuck,1
"For the record, if anything were to happen to me, I would NOT hurt myself or disappear silently. I don’t want to even entertain these worries but as someone who’s dealt with mental health issues in the past, I don’t want that to EVER be used to justify harm befalling me",1
RT @MurdaGame505 Taylor Swift is the ebst fuck that stupid dumb nigger kanye west his music should be protested he just a mad nigger,1
Raito prolly like fuck that dumb nigger,1
.......I am NOT atheist....... .........I DON'T worship the devil..... For all you dumb ass niggers who keep asking....gooo fuck ya self :),1
"I see u on the news 2mrw.. #DEAD SMH RT @tayyoung_ FUCK OBAMA, dumb ass nigger",1
One big fucking fatass snoring outside and one dumb fuck nigger snoring inside .... where's my gun when I need it :/,1
And yet I had a debate with a black man using the word nigger to adress people in his tweets bit ironic that explained why only he could use it as if I didn't know I said if you stop using the disgusting insult it might just disappear,1
@RadioYeg have you heard anything about callingwood in the past 30 mins? Looked outside and theres a bunch of black smoke just west of the marketplace,1
fucking tats up to yo motherfucking eyebrow aint it. where the fuck yall get that from. CRACKERS. that shit is heavy metal. niggers is DUMB,1
michael clifford from 5sos fuck you you dumb ass nigger i h8 you follow me . @Michael5SOS x454,1
Get the black vote. They’ve done it in the past and never passed anything to actually help the black community or minorities for that matter. Only passed things that make it harder for them. 2 party system teaches us to be divided and someone in the middle is best for US.,1
"“@ceeowcee_: “@tayyoung_: FUCK OBAMA, dumb ass nigger” WTF IS YOUR PROBLEM” They just found Obama is their REAL daddy.",1
“@madaysun: When I'm calling people Pakis and Niggers then you can all call me a racist.” Well that's just dumb as fuck,1
@PauIGeorgeLeg dumb fuck I said nigga not nigger illiterate kike NIGGA is in the dictionary you should try picking one up stupid ass NIGGA,1
You dumb ass nigger Fuck your mum and your Motherfukin pain,1
This is a divide. I am a Black woman. You find it difficult to hear anything that doesn't affirm him unequivocally. Even decent people can do problematic things. We are reckoning with our racist past and present. Frank conversation is part of it.,1
Niggers can be dumb as fuck,1
He feel sorry for his mistake & that was done in anger because he is Sidhearts first. U ppl neither feel sorry for ur deeds &amp; neither stop making issue if small things. U got one topic today &amp; this discussion will go till whole night. Keep going on,1
Who the fuck this dumb ass nigger is throwing shit at me,1
"Haterrrrrrrrrrrr RT @brownmuzik: oh. ok. RT @tayyoung_: FUCK OBAMA, dumb ass nigger",1
Soon enough her Shadowy Dress wrapped over both of them as both of them Sank into Darkness Below. Pitch Black. Chiaki could not see anything for a while...And then...She suddenly found herself a familiar scene. Watching her past self go through Junko's maze.,1
@AlexAdamo &amp; @_JesseWilson_ holy fuck u dumb niggers. SHUDDUP,1
who the fuck is that luke Hemming gay Dumb Nigger looks Like Slender Man But GAY!,1
"@tayyoung_: FUCK OBAMA, dumb ass nigger FUCK YOU AND YO CRACKER ASS MOMMA BITCH! THAT'S WHY HE WON AND YO WHITE ASS MAD!",1
So ur favorite colors black? U like niggers? How disgusting! — I meant as in a color to wear. http://ask.fm/a/5h3g2e04,1
Racism is when u select your White clothes to wash first before the Black/ Colored ones... Don't be a racist! Wash them all together...,1
"MLK: ""In our struggle to end this thing called segregation, we are not struggling for ourselves alone. We are not struggling only to free 17M Negroes. The festering sore of segregation debilitates the white man as well as the Negro. We are struggling to save the soul of America.""",1
Man wtf is this damn #Coon ass nigga #BillyBlanks doing on that damn commercial? ? #CooneryAtItsFinest,1
Great documentary about Douglas’s trip to Ireland called “Frederick Douglas and the White Negro”,1
"@zaynmetro we'll ""have"" what we want when people like trump supporters stop looking at us black people like disgusting ""niggers"" and",1
IDK maybe a dumb nigger hoe lol RT @MarchsOwn11 @Nashell__Badu but I fuck for all 3 reasons what does that make me?,1
Racism wnt stop if u still select Jr white clothes to wash them first before the black and colored ones. SAY NO TO RACISM! Wash them 2gether,1
"They commit more crimes and get shot less. When whites die no one gives a fuck. When 1 black dude dies every one mourns. Blacks are privileged. You can run in circle, keep giving those privileges to the colored and then you will see what real racism is.",1
@gallegos_kianna talking about the girl I told you about dumb fuck!! J &amp; my nigger from art! Stupid fuck,1
"Roger Stone, after having his sentence commuted by Trump, went on a radio show and called the black host a negro. The president straight up retweeted a video of someone yelling white power and this too!? Throw this administration straight into the fucking garbage already.",1
@JohnSinceaR fuck yourself honestly play off host for once dumb nigger,1
"I could say “I didn’t know dolphins are mammals, cool.” & you niggers will come out the darkest depths of hell to embarrass me “DUMB ASS BITCH! THEY GOT NIPPLESSS!!! HOW THE FUCK YOU AINT KNOW THAT??? DUMB BUM BITCH”",1
I assume nothing of the sort. Do you see the irony of holding out a tiny fraction of black voices as having proxy legitimacy over the millions that disagree? This is a time-worn strategy white supremacists have supported since slavery. It's called the good negro.,1
Nigga. NONE OF THAT IS RELATED TO THE CONTENT WE WERE SPEAKING ON!! We are SOLELY TALKING ABOUT PEOPLE AIRING OUT THEIR PERSONAL DETAILS FOR FAME AND CLOUT!!! If you don’t have anything EDUCATED TO SAY then SHUT THE FUCK UP DUMB NIGGER!!,1
"Wow RT @GiovanniIsReal Are you REALLY that ignorant? “@tayyoung_: FUCK OBAMA, dumb ass nigger”",1
"I am Black, and I only like to be called by my birth name. It is not acceptable to be called a Negro or any other variation of the word N****r. When classifying such as Caucasian or white, refer to me as Black or African American.",1
"Go lose some weight RT @tayyoung_: FUCK OBAMA, dumb ass nigger",1
"Strong, beautiful black women should stop working with her because she doesn’t give a shit about how they look in the end. The photographic industry never says anything about this because Annie is an icon and a brand but the results and past works speak for themselves.",1
@BOSS_NIGGER no it don't it stands for millionaire u dumb fuck,1
@Twisttay @Nxstra get the fuck out of my mentions dumb nigger,1
You must really be a cat b/c you have no concept of human history or experience. The moment u stop denying the racism of Trump &amp; his supporters (which is constantly on display in their words &amp; deeds) is the moment u will see w/o the -colored glasses!,1
He literally just called the radio host a “Negro” live on air. You don’t think he’d flash the white power symbol? Yeah you might not be the brightest either,1
"“@tayyoung_: FUCK OBAMA, dumb ass nigger” attack!",1
"dumb nigger you’re the one that replied to me, i suggest you fuck off before i dox you.",1
@m_oetken: @KingTravie I can't believe you said that dumb nigger fuck. Oh sorry...,1
Ayo fuck dis bitch #@AryanQueen she's dumb racist her stat say nigger,1
@ajarenaye cigs and weed aren't the same thing you dumb nigger fuck,1
Just because u r looking at ur system does not mean it is correct. Is it not someone that updated it??? Why not wait for the customer to first confirm receipt of the items? No! U went ahead to update ur system to say both items were delivered when only ONE was delivered,1
"To be honest, I only like Obama cuz he a nigga, and he the first nigga at this level, that's bout it ..",1
A nigger can't drive down to come pick me up....making excuses! Broke unreal dumb fucks!,1
@P0WERS_ @eGoaTizM @IHuntGoblins @FeILonY @Sxnatra @KennyKrayola Dude what the fuck are you saying you dumb nigger? You sick dick ghoster,1
"You fat face cracker bitch, I'll let the choppa sing in yo trailer park RT @tayyoung_: FUCK OBAMA, dumb ass nigger",1
"fuck you, dumb bitch . wassup w/ the neck ? RT @MoriahRae1: Fucking Nigger won again.",1
My cuz and dumb lieing 2face nigger hope his ass go back to ATL GET THE FUCK OUTTA CHITOWN PUSSY,1
I’ll be ur first one,1
@brandon_corado: fuck wit me js http://vine.co/v/OD7VUA1DpLXbitch dumb ass fuck. If you hit a nigger in da face .like come on hoe,1
Yea he mad AF lmao “@MariaaElise: He mad! “@OBEY_10x: You mad bro? “@Colton_Zappe: Fuck that dumb nigger Obama”””,1
"Lmfaoo! RT @_BryanRivera: FUCK yooouuuu...ignorant CRACKER RT @tayyoung_ FUCK OBAMA, dumb ass nigger",1
lmaooooooo fuck u nigger ... u hoopin tho RT @MrStJohnsGreat: @Tonesmooth call me dumb again u Latin fuck,1
Man shut up this isnt a history lesson about your past. I personally never said you owe me nothing what your family being broke got anything to do with me. Save that hard work dedication shit for somebody who dont know. Google black wall street Tulsa ok,1
"excessive police brutality experienced by *peaceful* protestors these past months, then frankly you don’t want to see anything get better. you are just trying to defend a broken status quo that targets black people and minorities with prejudice and excessive...",1
So what how cares I don't give a fuck dumb nigger lmao,1
Sigh. This world. “@ruckin_andrew: @youngblackbitch @dannyyonce I can do what the fuck I want lmao. Dumb precious lookin nigger.”,1
#WhyDoIHaveTo have a dumb nigger fuck as a roommate?,1
"Literally at my job, my coworkers got yelled at by this lady because they were trying to get her pick up order and touched her phone The lady tried masking her racism but it was very clear My job is literally 95% Asians. I was shocked when my coworker told me the incident",1
When the family starts clownin now the feelings get hurt... negros called me dirty white one time.. fuck my cousins mane,1
@HoldOn_Shawty and I'll use it again. Nigger nigger nigger you're a dumb nigger. Fuck you gonna do?,1
Liberalism is thinking that changing the names of places and tearing down statues does anything to change the material conditions of black people. Malcolm X’s “liberty or death” came from Patrick Henry. He wasn’t concerned about canceling past historical figures.,1
That's because you skipped/didn't follow the tutorial completely until the end / start building castle when you haven't finished ur tutorial. My first one is completely fine. But my second one is failed because i kinda rush to build the castle,1
But a whole million for a GTi? Nah fam that nigger dumb as fuck. Id rather buy a performance pack GTi and an Audi S3 with that money.,1
"@tayyoung_: FUCK OBAMA, dumb ass nigger pic.twitter.com/cmVqU9lJ",1
“@jeff_x3: Dumb nigger I just repeated what I said-.-”fuck you and that word!,1
Fuck Obama! Fuck Fuck Fuck! Dumb ass Democrat! Lets just give education to illegals Fucking Nigger. Dumbshit #Rage,1
Racism :: Still lives hard.. im staring at it now!!!!!!! im colored but wat is u? are u colorless.. swineeeeeeeeeeeee,1
"1-""how the fuck u come around the conner shootin"" 2-""shut up nigger"" 1-""im white u dumb fuck"" everybody ppl argue on black ops 2",1
@JenniferCohagen @PCraigRoberts One more Putin paid internet propaganda troll blocked.,1
@WhitlockJason u a house nigger!! You're a disgusting black Man U should be ashamed of yourself going on there talk down on JH DICKHEAD,1
My white mom just called Black folks “African Americans” when speaking about inequality and I was like “uh don’t say that you sound like a cop” She then asks “what do you want me to say? Black people? Negros?” I’m so tired. It’s like she doesn’t have Black kids.,1
I would not hesitate to say that its unfortunate that so called demonstrations are taking place in Birmingham at this time but I would say in more emphatic terms that it is more unfortunate that the white power structure of this city left the Negro with no other alternative. -MLK,1
"RT“@tayyoung_: FUCK OBAMA, dumb ass nigger” YOU LIL RACIST ASS BITCH!! CHOKE ON A CHAINSAW YOU FUCKING DICK SUCKING ASS CRACKER!! FUCK YOU!",1
See we told you Niggers are dumb and incompetent...I don't give a fuck...Black President...#WHITEHOUSE,1
"it’s not us living in the past, we shouldn’t delete the history of anything. even though black people have faced an incredible amount of oppression, erasing history and culture is very wrong. the past makes us who we are, you can’t just ignore the pain that they went through",1
Nobody wants to be racist but fuck that dumb nigger he ain't worth a fuck,1
"These new niggas really dumb as fuck man. How you see a TA join and don't do anything? That's like going to a drug deal and you know one of them is a undercover but you still buy anyway. Again, you new niggers are stupid.",1
"UR FUNNY ASF i love seeing ur tweets and u were one of my first mutuals, i'm sorry for putting gore on ur tl &lt;3",1
"They want that White . All this time we been telling them they are the 's, but that wasn't good enough. These some of the same Negro's that called Bill Clinton the first black president because he played the and did dumb . I call it, ""White Jesus Syndrome""",1
"Prognose 2020/21 (2/2) 6.Muslim BLM gone distanz white communistas 7.All minioritys conclusive be right,left or muslim side 8.First civil war(s) USA next time (only month) Negros against Negros-they called it ""Uncle Tom`s"" versus black muslim 9.West Europe burns ...",1
Stephen A wearing a white mask to dance to hip hop and get more views is NO WHERE NEAR the same thing as whites wearing black face to MOCK the so called negro. Foh,1
"@YoungAlexiz @one_adan @Mendoza6Ivan dumb ass, it ""Fuck OUT my mentions"" fuckin nigger",1
@VinceMcMahon YOUR FUCKING WRONG COMPANY BITCH NIGGER @RentACenter IM SMARTER THAN DUMB ASS FAT FUCK BRING NIGGER ASSES ON,1
"Oh she mad RT @ChrissiBaxter: why did you do this? RT @tayyoung_: FUCK OBAMA, dumb ass nigger",1
"(Acts 29:19160) DARK Skinned ""Golden"" Negro, God colored people, and if not ""God colored"" in one's mind, and soul, if one has ""repented"" of his or her devil's ""whiteness"" which condemns the white species Nephilim called TARES by God and promised to burn in Hell by God, for we",1
It amazes me how dumb people are they keep saying kreayshawn is saying nigger....no you dumb fucks it's... http://tumblr.com/xdk4f0fj6b,1
fuck you stupid dumb ass bitch nigger cunt fucking faggot bitch &amp; go die you dumb sack of cum lol jk,1
"RT @BBErika_: Hate a nigga that try and run me, ""you can't wear this, you can't go out, you can't chill with them"" likeeeeee is u my man orâ¦",1
Fuck Obama only reasons half u spics are in America is cause this dumb nigger opened the boarder pic.twitter.com/shQK1EsKn1,1
keeth i stg. he literally struggles to stream n acts paranoid that hes going to say the nigger again n he almost did 2x. he didnt stream for a yr. he could've made an effort to not say the nword in private but he didnt n its a dumb fucking decision. i dont personally give a fuck,1
"Haven't you learnt anything in the past 4 years? The blue (actually black) one will enable rich, connected, entitled people to enjoy the same freedoms we all enjoyed as part of the EU. The rest of us won't be able to afford it.",1
Why does this dumb ass nigger dog insist on stepping all over my computer. Fuck off ho3.,1
Y'all see why I think us calling him this is disrespectful? We give dumb rednecks like this 1 fuel RT @tayyoung_: FUCK OBAMA dumb ass nigger,1
TRAYVON MARTIN smh..racism is so dumb..ppl judge ppl by skin color thats fucked up..FUCK CRACKERS &amp; FUCK NIGGERS . were all HUMANS,1
"Im glad they suspended that fat fuck. The #Deadskins are a bunch of dumb niggers and thugs. Fuck them. And btw, they still didnt get an INT",1
"When u miss almost ur entire first year with a concussion , and u have missed significant time on other teams for the same thing , one could suggest retirement as a legit option.",1
"I don’t know how many times I have to say this to get my point across to any racist people, but COLORED PEOPLE ARE STILL PEOPLE!!! Who told you they weren’t? Like seriously, where did u get that idea? I genuinely don’t understand. I don’t get how someone would think racism is ok",1
"@love_laurenxoxo @shmerin_ @nosavageshere @pinkher0in okay. That doesn't change the fact she called him a nigger, the fuck? dumb like shit",1
"Im confused. Not confused that white people shouldn't say ""nigger"" but I am confused on the difference between ""niggers"" &amp; black people. When I hear a black person say ""nigger"" it usually means a disgusting, rude, broke and annoying black person? Isn't that what she's saying?",1
@DeeSaysTheTruth Fuck You Dumb Nigger,1
"I don’t wanna see anything bad happen to him. I disagree WHOLEHEARTEDLY with everything he’s done in the past 5 years, but I can’t say, “We need to take mental health seriously in the black community,” and then say, “Fuck Kanye.” It’s hypocritical.",1
"some guys are the biggest BITCH, fuck nigger. dumb fool.",1
and the n word is racist bc white people called the slaves niggers since negro is black in spanish and their skin was darker. It was a term made to identify us and belittle us only bc our skin is darker. that’s why it shouldn’t be used. the history and meaning of the word is bad,1
 we dont trust these niggas all these bitches ,1
I wonder how @goshawty123 &amp; @Shelly_Smyth are feeling about the niggers winning... AGAIN lmfaooooo! Dumb fucks!!,1
Can’t believe one of my white mates called me a negro as if racism doesn’t exist in Scotland,1
"The white man has called you: negro, con, etc. but your real name is : God #Farrakhan #NOISundays",1
"No place for racism in Islam, #ReduceInternetPrices #TÜRNERWORLD #thedryve #TaxiDriverShow #shoutsony #africa_american #Niggas #Niggers #Colored #Black #African #American #OkeSpeed #WildWildChallenge #NorthernBlues #WestTogether #ShayYouGoStayByHimself",1
Where’s the difference in you calling black people “coon” and her calling black people “nigger”. You sound dumb as fuck.,1
"No name calling? Re watch it. 6 seconds in “here’s the idiot that called me a nigger”. The black lady is in the cop station yelling and dropping f bombs. Not calm. However disgusting, calling someone racial slurs is not a crime.",1
You are a Racist if u select your white clothes to wash before the black and colored ones....Stop Racism! Wash them all 2gether!!..=D,1
"talk to me don’t keep ur thoughts to urself.. I know its hard one step at a time, lets figure out this part first",1
"nicki still won. whitney was a dumb crack nigger. fuck her. get used to it, pig (@YouTube http://youtu.be/H9nPf7w7pDI?a)",1
"Are you called a negro by white people to your face often? When you fill out applications have you ever checked off the ""negro"" box? Do you ever read news stories where the subject, victim or suspect is referred to as ""negro""?",1
Couldn’t the director find a woman to play the role? Why are these men being asked to put on dresses? cause niggers is DUMB AS FUCK,1
"This Bitch retarded.... RT @tayyoung_: FUCK OBAMA, dumb ass nigger",1
"I hate when my brain starts thinking about dumb things that I don't want to think about. Fuck you too, nigger.",1
"RT @juiciicoochii: Yeap you're gonna kill yourself this year! RT “@tayyoung_: FUCK OBAMA, dumb ass nigger” the next 4 years to be exact lol",1
"Well done you have proved what is wrong in the world, people like you use the word ""racist"" for anything and everything just to cause an argument, fucking adult baby. Black people will always let the side down by bitching about the past instead of making a better future",1
hmmm..have to ask Was Kanye West PPP loan given by the trump administration to bribe Kanye to get on twitter and announce candidacy for President to try to persuade the Black vote because trump is losing I don't put anything past these grifting fuckers,1
GOD DAMN I HATE IT WHEN KIDS ON FACEBOOK SAY THAT THEY'RE DRUNK AND THEIR ONLY 15 YEARS OLD. SHUT THE FUCK UP DUMB NIGGERS.,1
Wow yes you are spot on why so much hate. Black people do not hate white people for the past if anything we would like to patch up our grievances and heal together but there are those fringe people white and black we can't keep this up we are going to fall a divided nation,1
"i'm colored and totally disagree wz u. you must be a racist against whites for sure. racism is in BOTH way, remember that.",1
"@kanyewest fuck you you dumb nigger I wouldn't stand up at your show for shit bitch, I hope you and your family fuckin rots in hell.",1
"“@OBEY_10x: You mad ? “@tayyoung_: FUCK OBAMA, dumb ass nigger”” she is definitely mad! Lmao",1
There was a movie from 4 years ago called “I am not your negro” are you saying white people cant even say the name of the movie?,1
i thought the first one wasn't aesthetic enough so i may have kinda sorta went thru ur media,1
"My brother get the Fuck on my nerves, dumb as nigger using my locking gel for grease ....... Nigga just dumb",1
@TheWolfieGirl Kill niggers #KKK hold up BITCH KILL YO SELF FUCK WRONG WITH YOU YA DUMB BITCH,1
"Figures...the problem with the “it’s just one time”, is that the guy/gal who just “one times” it, does it again &amp; again, and their buddies see it and do the same....the practice spreads like cancer.....or COVID....u pick. BLUF: do ur job first, extras after.",1
Fuck off you dumb nigger,1
@BlackMagicccc fuck off you dumb nigger!,1
"“@tayyoung_: FUCK OBAMA, dumb ass nigger”oh yea..u mayonnaise skin ass girl fuk u 30 times bitch..tune yo ass up..",1
"My hubby predicted krazyvKanye is running to get black votes away from Biden. I said, I didn't think so, but after reading this tweet, I don't put anything past bunker boy. He is desperate. We must keep out eyes on the truth. #VoteBiden2020",1
"And you all give this nigga a pass for what? Canceled a 14 year old and this grown man 22 talkin bout niggers bruh. Fuck smash as a whole community, y’all dumb",1
These dumb ass niggers get on molly and think they MICHAEL JACKSON BAD NIGGA HIT ME IF YOU BAD MY NIGGA WALTER TOLD ME THAT ONE NIGHT ON THE BLOCK AND U STOLE ON THAT NIGGA CAUSE I WAS BAD AF BEHIND MY SHIT SO IF LIL D WAS TRAPPING LIKE THAT I KNOW I GOTTA TRAP HARDER FUCK FEDS,1
#RIPAntonioMartin Fuck you dumb niggers,1
Go drink your mother's piss!! God bless. RT @Colton_Zappe: Fuck that dumb nigger Obama,1
@jordan_jon I'm pretty fucking sure I'm dating a white redneck and I can say nigger and I want yyou dumb black fuck you need hung!,1
All the whites and some colored say its not racism but all the colors are saying it is. U.S. is still segregated.,1
"This is awesome. If we have learned anything these past few months, it’s this. It doesn’t matter if you’re black, why’re, yellow, brown, or any other color. There is pure evil in this world &amp; it’s foolish to not carry of you’re legally able to. #2a #ForEveryone #GoodForTheseGuys",1
@imsojames @ibemon42 @Cobbdaboss @TommyScarr @omgitsmattv @CumOnMeChino @HarshBro you dumb fuck nigger!,1
@_Anastasios_ dude shut the fuck up you look like a pedo and lol you're a dumb ass bet you don't even know what the word nigger means?,1
"That isn't right at all. We were called colored by white people. Then negro in an effort to be more respectful , because who the heck were ""colored"" people? Following the civil rights movement, we chose African Americans to honor our roots. Then to be more inclusive Black.",1
I feel like being called a “negro” in a business setting hurts worse than being called a “nigger” by middle class white supremacists.,1
"LMFAO you sound ignorant and pressed!!! Stupid “@tayyoung_: FUCK OBAMA, dumb ass nigger”",1
Dumb white bitch don't even know the real def. Of Nigger BITCH its ignorant &amp;that's what the fuck u are hoe,1
@bisping did u seriously compare racism towards colored people the same as wht white people Re going through these days? U don't know shit,1
Niggers are dumb as fuck!!,1
"I hope the dumb bitch falls down the stairs, and fuck you niggers I'm not here to hold the door open for you.",1
@_SaraLynch @natehurrle99 @ballforlife4 @carter_dowdle24 fuck that nigger and his dumb nigger kids,1
@NattyCman: These dumb as geezer scared to leave work early. Will only go early if I do wtf man we aint friends nigger jus fuck off lollol,1
"Aww someone better fuck this bitch up when she go to school tomorrow. RT @tayyoung_: FUCK OBAMA, dumb ass nigger",1
"“@tayyoung_: FUCK OBAMA, dumb ass nigger” #HERBAD",1
Ben Carson u know GOD and know what u see is not right. There should never be any protest about racism still going on in any country period. The agenda has been pushed from our White House u wear your Rose Colored Glasses but others see the Truth. U all will not be in our WH,1
"@tiffyMontana: All the niggers gonna be out there today lol RT ""@tiffanyNOco: Daytona is a black people beach and its disgusting ...""",1
Nigger. Jus bcuz she don't want you .. You goon style ? Smh dumb fuck,1
@PassMyPills: haha i spelled rhode island as road island because ima illiterate nigger dumb fuck,1
@NicktasticYT @OpTic_Scumper shut the fuck up you dumb nigger,1
So some so called christian bitch called me a nigger behind my back and thought she was slick but one of my employees heard her say it.....yeah lemme catch you outside my store bitch and see what the fuck I say! Jesus cant save you now you rasict bigot dumb bitch!,1
What they have turned into is beyond anything in the past. It’s right down evil. The activist The rioters Black Lives Matter universities brainwashing our children Hollywood sponsoring the evil and bail for the destruction of those who did it. Deaths of police officers.,1
dumb niggers mentioning Kurt Cobain in their rap shit... fuck you. just fuck you,1
No dumb fuck calling someone a bitch is just being offensive to that someone but when you say nigger your offending the African race.,1
Fuck mr.benet dumb nigger took my hat,1
"kill yourself . RT @tayyoung_: FUCK OBAMA, dumb ass nigger",1
A BUNCH OF DUMB NIGGERS WITH A BUNCH OF DUMB NIGGER WORDS AND ACRONYMS. FUCK MY GENERATION. OH MY GOD.,1
I can’t think of much of anything past the juxtaposition of Lori Lightfoot’s praise of John Lewis today and her deployment of CPD against Black and Brown youth yesterday.,1
RT @MontaSane: Stop claiming these Bitches you niggas look stupid ð,1
"Did he learn from his past? and yet he has no clue about his own British history!! I doubt he learnt anything from his teenage years.. he is a hypocrite just like his wife who treated her family like shit all black, white and royal..",1
@honestlyzoey nigger I said yoeZ. Now call mojang and say it was someone else you dumb fuck or I'm killing your family,1
"@carlitos_way08 It amazes me how such young, dumb niggers can become so rich and famous...and fuck english, who needs it to get signed? PRO",1
"“@tayyoung_: FUCK OBAMA, dumb ass nigger” I hope u choke on ur spit in ur sleep n die.",1
Some little fuck called me and my mom niggers because we called him an idiot for almost hitting her car .. i told him come say it to my face so i could pepper spray his dumb ass but the lord told him to drive off.. but lord knows i was readyyyyyyyyyy,1
"literally:( my mom was bashed for liking my dad, since he was black, ppl like her are called “nigger lovers” it’s so disgusting and uncalled for.",1
@johniiboiixD dumb Nigger Haha you'll be Having all the Fun But fuck it alright Use Diego's Room,1
“@tedddydgaf: I hate niggers .” You sound dumb as fuck.,1
fap = masturbate dumb nigger — Fuck you . https://curiouscat.me/__dori____/post/272013893?1514976354,1
"Wtf? Ignorant is right! RT @SweetKelly_Kiss: TL this what this ignorant chick said&gt;&gt;&gt;&gt;""@tayyoung_: FUCK OBAMA, dumb ass nigger""",1
"In 1954 Johnson Publishing, the owners of Ebony magazine, made this documentary called ""The Secret of Selling The Negro."" It's goal was to increase their ad revenue by educating white companies on the spending power of the newly ""integrated"" Black people in the US.",1
"This is definitely real and not the only type of ignorance they used to pass out. I had a substitute teacher in the 5th grade who kept one and read it. The whole time they were mocking us & at the end said to ""so pull another trigger and kill another black nigger"" just disgusting",1
Emery just cuz you suck fucking dick at hockey doesn't mean you have to be a dumb nigger and take it out on Holtby. Fucking nigg fuck off,1
"!!! RT @44pearl: “@PainBueller: Turn your location on RT @tayyoung_: FUCK OBAMA, dumb ass nigger” Turn that ish on!!!!!",1
Hi i don’t know if u remember but you’re like one of my first deobi moots n im proud to see how much ur acc has grown!,1
So the only thing these dumb niggers fuck up last night is my knee and flux is tonight like why not some black eyes why my fucking knee,1
@DeAngeIIo @Gudnitetoyou ye its up get the fuck on dumb nigger,1
@Shanaynay42X idk who the fuck you think you are ! idk why you be throwin out the world nigger ! watch yourself dumb bitch .,1
No dumb ugly nigger name Wayne Positive trash soft ass nigga fuck red and white pic.twitter.com/I6aIEnKUbS,1
get your dumb nigger dick sucking hoe ass the fuck out my trailer! I 12ish you guys could witness this shit show!!,1
"LOL RT @tayyoung_ FUCK OBAMA, dumb ass nigger",1
"@tayyoung_ FUCK OBAMA, dumb ass nigger"" &lt; mad ass mad ass mad ass bitch",1
"Black scum calling a black officer, ""House nigger"" and ""Master"". Saying, ""Don't shoot me, Massa!"" Disgusting. #FergusonOctober #Ferguson",1
@junogoddess2 Shut the fuck up dumb ass. If u got attacked by a nigger you'd want to kill him too trust me. Plus it was self-defense u fuck.,1
"#NancyPelosiROCKS @MSNBC @CNNPolitics She stood Up For America @realDonaldTrump Awarded the Medal Of Honor to A Man who Is A Racist Medal of Freedom was for his White Supremacist Base ""Barack the MAGIC Negro"" ""Jim Crow"" &amp; Slavery Hidden in So Called Good Economy",1
@No_Niggers da fuck??? Bet u ain't bold enough ta say nun of dat shit ta a nigga face doe...dumb bitch,1
"I have posted this disgusting image before and make no apologies for posting this again. These are black people, probably from Niger, bound ready to be sold as slaves in Libyan markets. To think this exists in 2020 is an abomination. @todd_val",1
@imgooby: #UnansweredHipHopQuestions if ur a niger du u atomatikly liek hip hop? You're dumb as fuck,1
@tommychong you dumb nigger so u think not owning anything is good what about us the little guy u have money we don't so u don't give a fuck,1
"@tayyoung_: FUCK OBAMA, dumb ass nigger too bad no one loves you and ppl like you are the reason a nigger is in office lmaooo",1
FUCK YOU YOU DUMB FUCKING NIGGER JOE D YOU ALWAYS FUCKING SOME SHIT UP DOG FIRE THIS NIGGA NOW @detroitpistons,1
this dumb ___ got alot of retweets from this bs! “@Shelly_Smyth: I would never fuck a black nigger they ugly and have aids”,1
"RT @tayyoung_: FUCK OBAMA, dumb ass nigger WWWOOWW.... glad whoever you voted for is not my president. please, leave the country.",1
"Last night somebody was driving yelled out ""nigger"" to me... I was dying and I'm dumb ass dad yelled ""fuck you"" and I was still laughing",1
"Actually, no im going to keep complaining about how ness is a dumb nigger why the fuck did I get PK fired 7 times",1
I just want to say one thing some loosers stop Ur indirect and all because u all the first one to react and make dramatic when Ur fav post about bashing so get off bitches concentrate Ur idol because we don't give fuck about Ur 1Rs opinion about Parth so be in Ur limits,1
@chisholmhunt dumb nigger fuck,1
Fucking dumb nigger trying to rob me fuck that I'll break his fucking face next time,1
RT @Fuck_Mel_: U mean ignorant RT @mjjeremiah: RT @Fuck_Mel_: #DUMBASS ur a dumb nigger so go fuck urr momma already &lt;3,1
Now I'm fucken pissed son don't let me catch that dumb nigger on the rebound or I'ma fuck his ass up !!!!!! #Heated,1
“@gagasapostle: @MarinasDiamonds I AGREE FUCK THAT NIGGER” are you dumb?,1
Boy boy that's all I have to sad ass niggers dumb ass hoes how much will u take before u just sad fuck it and all that come with it,1
"How about a quote from Biden’s friend who called him son. “Yet, Mr. President, we talk about racial equality. I assert that the Negro race is an inferior race. The doctrine of white supremacy is one which, if adhered to, will save America.” Source:",1
Pops always said can't give these dumb niggers money they'll find a way to fuck it up,1
WE CLAPPING for COUGH SYRUP DRINKERS??? FUCK DUMB NIGGERS! http://fb.me/2FJ4rwirI,1
"RACISM is wen u select ur white clothes,n wash dem before the black/colored ones!! Say NO to RACISM... Wash them together=)) True or false",1
"*lil Reese's her ass* stupid bitch ""@tayyoung_: FUCK OBAMA, dumb ass nigger""",1
how bout u keep in mind that the cops started this and not the protestors how bout u care about the colored people getting murdered every day due to racism and care ab what this movement is actually ab than being a racist sympathizer!!! dummy.,1
uhh “@shadydelrey: @fucktyler heroin is cool as fuck stfu you know nothing dumb nigger”,1
Sooo mad. RT @TracePeterson Fuck Obama that dumb nigger I'm going to Switzerland... Thank you America for fucking are country,1
"It’s so wild how I can scroll past you bitches this\you bitches that\women this\women that every single day of my adult life whether it be music, media, social media, or in person but as soon as someone says anything about black men in relation to their treatment of black women +",1
"Okay I feel bad bcs I literally forgot lushlino was white bcs I remember ssd, and they Overuse aave ALOT. I should've called them out :_",1
@FUCKCRUCIFIX psn is not off cause of hackes you dumb fuck go fucking kill your self you dumb nigger,1
"Racism is when ɣõu̶̲̥̅̊ select ɣõu̶̲̥̅̊r white clothes and wash b4 u wash d black/colored ones!Say ""NO"" to racism! Wash all together!!!",1
@HustlaYT YO GET FUCKING CANCER BOI WHO THE FUCK U TALKING TO OL DUMB BITCH ASS NIGGER NECK YOURSELF DUMB IDIOT DONT EVER TALK TO ME LIKE,1
Niggers on twitter is just dumb as fuck,1
It’s a racist word. Who wants to be called a negro by a white man?! It was acceptable at that time because that was the title that was given to us so they had no choice but to accept it. Just like calling us African Americans is incorrect as well. We have always been here.,1
"“@tayyoung_: FUCK OBAMA, dumb ass nigger” you mad bitch?",1
"I understand u coz it applies to me too being a colored i also dont get any relief, i didnt even get a food parcel but lets not step down to their level of hatred nd racism, show them you are better and you actually do care about others, fukc the anc not all blacks supports them",1
@GiselleOx @Jahquizz a smart-dumb nigger is someone who thinks there being smart but are actually dumb as fuck,1
"How sick is the Left? Imagine if this were BHO’s child. Racism, white supremacy or white nationalism take your pick. Lara Trump blasts 'disgusting' incident when woman spit on her husband https://youtu.be/4DSDb4AXK7s via @YouTube",1
That’s just a slang word that white people created &amp; now black ppl changed it and made it an entitlement for them to use ONLY. The word originated from the Spanish language called “negro” which means “black” a color not a race.,1
"@MsGreenDGAF: @tayyoung_: FUCK OBAMA, dumb ass nigger"" smh... rude... just ignorant"" who the fuck is this ugly ass bitch ??",1
You are literally disgusting... And you're going around using the word nigger but isn't your fave black? Dumb ass.,1
"Dumb ass parakeet looking nigger lips having ass, fuck.",1
"Ok let's get this straight, what is your point ? this doesn't even have anything to do with you. I'm talking about who openly calling someone else Hitler, you looked past him in Black face and directed yourself towards my comment",1
@_tSizzzzle_ lol shut the fuck up I don't watch that stupid shit what the fuck you thought mother fucker fucking dumb fucking nigger,1
"poc tell y'all constantly that there's a racism problem in [xyz] community but when we get the ""oh, we never see that"" card do u know how hard it is to say ""of course you don't because you're not a colored person.""",1
STOLEN // reply and ill give you one = luv ur pinned = i love seeing u on the tl = ILYSM = want to be friends with u = i stalked ur acc = i consider u as one of my fave moots = you’re sweet = would do anything for u = first time i see you,1
"And there were Italians who lived in black neighborhoods and called themselves ""negro."" Whiteness wasn't the important distinguishing factor. Today we use that as a proxy for acceptance, how white you are. At the time ethnic and religious differences mattered much more.",1
@TheBlackVoice @TheRoot This is a surprise? #uncletom #coon #coonery #housenigga,1
"There goes ur mentions RT""@tayyoung_: FUCK OBAMA, dumb ass nigger""",1
"N niggas wanna ask why i don't fuck wit people, yah dumb ass niggers don't know how to act!!",1
"I am a firm believer that black lives matter and how they were treated in the past is unacceptable , but “WE” haven’t done anything. You cannot categorize all white people in one group DL Hughley. Just sayin. #JimmyKimmelLive #BlackLivesMatter #AllLivesMattter #onelove",1
nooo amaryllis ): your one of my first moots here and it saddens me that ur leaving but i understand lately twt have been so toxic. i hope you'll feel better now pls always take care we'll miss you,1
what do you mean her past lol she does this on a regular basis. all she did was post a black square on ig that doesn’t mean anything especially when she continues to be racist and offensive bye,1
I’m happy with who I am today because I learned a lot the past few years and I feel like I’ve become a better person. If any of you ever need help with anything don’t be afraid to ask me for help! I’m always here for you all,1
@TERiYAKi_CHiNK: lmaoooooo niggers are dumb as hell im glad this is the time of night that no one is on to see this Fuck ya,1
"first impression: WEEB? your nickname in my head: Jewel closeness ratings [1-10]: 9 do i like you: yes! you are my: dtsgc mootie, friend :&gt; ever had a crush on you: no should you post this too: if u want one random thought: i need to watch the anime ur pfp is from a",1
"No, I am waiting for the hypocrisy to come spewing out of those who pick and choose what racism is bad and what racism to support, not based on the language, incident or intent of the racist actions, but based on the political leanings of the racist perpetrator.",1
@Korzify @Skoogyy fuck you dumb fucking idiot fucking faggot go die with him u fucking retard anime queer fuck you bitch ass nigger fucki,1
"Not pulling a race card when i have a kid clearly calling me a nigger, u dumb fuck",1
michael clifford from 5sos fuck you you dumb ass nigger i h8 you follow me . @Michael5SOS x453,1
Bitch ass Grizzlies won fuck it it's just some dumb niggers chasing after a ball anyway,1
"And those mutherfucking white women crying about being called Karen. Let me just say nobody best call me Negro or colored because their white asses decided the name is ""perfectly okay"" names. Chile let me grab my herb cuz I'm all pissed. Not surprised, but still",1
Bitch. Slut. Fuck. Suck. Dick. Stupid. Bop. Bitch. Whore. Hoe. Nigger. Pussy. Shit. Dumb. Ass. Coon. Beaner. Gook. Cracker. Fag. Tits. Clit.,1
ARE YOU DUMB THE ICECREAM TRUCK SONG “do your ears hang low” IS RACIST. ORIGINALLY CALLED “NIGGERS LOVE WATERMELON” BY HARRY C. BROWNE IN 1916. i’m ready to get the FUCK.,1
I don't give two fuck u sound dumb as the fuck and I don't care who u follow I do wat I want oh by the way I'm not a fan bitch nigger https://twitter.com/flightclubCEO/status/816661677852807168,1
ok then u and ur family should be the first one up for the guillotine live stream,1
"NIGGERS Are So Stupid.... ""Chaparis You Listen To White People Music?"" .... *pause* YOU DUMB FUCK MUSIC HAS NO COLOR!",1
"“@tayyoung_: FUCK OBAMA, dumb ass nigger” this bitch",1
"@RecycledTexan I give one fuck about impressing a ""WHITE NIGGER""! This is your language, it's in your dictionary ""PALE NIGGER""! R U DUMB?",1
@MandaSwaggie: fucking nigger go back to africa shut the fuck up you dumb asshole,1
"Wouldn't put it past him to start pushing Goya beans as a Corvid vaccine ""The numbers are amazing - None of the Doctors have ever seen anything like it. Why not try it (what harm can it do?). Try Goya black beans today. You won't regret it."" Cc #Trump",1
from the link you shared. i knew it was heterochromia as theres multiple colors. i didnt know anything past that,1
RT @FatDonaId: YOOO what the fuck is this? dumb uneducated nigger,1
"Bitch, ya white ass is MAD huh?! Lol welp IM HAPPY! RT @tayyoung_: FUCK OBAMA, dumb ass nigger",1
Was I the only dumb fuck as a child that would tell the teacher there was a curse word on the map when I saw Niger?,1
"Why isnt anyone demanding Netflix be taken down cause of a documentary called ""I'm not your negro"" isnt that racist? Or is it only racist if a white person reads the entire title? Or is negro okay to say? @netflix I'm confused.",1
@DaTrillStak5 You are a stupid fuck defending Desean he apologized cuz he knows he fucked up and what he said was wrong. Racism is at an all time high? Is that what you said you stupid nigger don’t you remember actual slavery. You dumb piece of shit.,1
why the fuck this dude just mention me talking about Hi Nigger :) . such a dumb dry humored ignorant man,1
"Dumb Biology ""@Iam_Tdust: ""@CaptClover_: I'm in Law...what The Fuck Is MR NIGER D"" some nursery Rhyme? Or something 2 do wiv Biology!""",1
Not the same thing you niggers dumb as fuck,1
first of all ur one to talk,1
"lets get one thing straight. if i hear anyone say nigger, even if youre black, youre dumb as fuck, must actually be a cotton pickin nigger and i will beat your face in till there is nothing left. beel has spoken. bitch",1
"Because of their military service, black veterans were seen as a particular threat to Jim Crow and racial subordination. There was increased Black resistance to injustice, some called it the rise of the 'New Negro,' no longer subservient to white people.",1
@DirtyGate and did you just call my pussy fat? Nigger i don't fuck with your kind! Dumb and ugly! Go take care of your kids!!,1
@Jels_x FUCK THAT NIGGER! I'm not dumb !,1
@MGTheVillain @Robby_nV @Jmzed_BE the fuck? Get outta here you dumb nigger,1
"@Danielle_Zuri just because black people want to say ""niggas"" and not nigger doesnt make it better its still a disgusting word",1
"F*cowards. Not a 1 on 1 fight. This is the definition of Nigger. There are black Americans and there are this trash. Gotta attack in a pack, that's how animals act. Disgusting, like to see them show the Aryan Nation gang this then release these nothings in prison.",1
These kill all Niggers comments r disgusting. Horrendous crimes committed by all races. These nutcases were wrong but not all black ppl are.,1
"RT @S_F_L @dwalktheninja32 @FlameStarta Nor have we, We still laugh about Emmett Till The Dumb #NIGGER wont do that again. - fuck yu crack",1
@YoBoyNiQs yo nigger evolution fuck! Why u making fun of scarce when ur uglier then him. For fucks sake ur a dumb monkey. Go to the zoo !,1
Fuck off dumb nigger go rob some more houses and try mine so I can make sure its the last one you rob,1
1s dumb &amp;1 just don't give a fuck. RT @Gene_Mack What's the difference between a Nigger and a Nigga ???,1
"I had no idea she played the second Black Widow, and the film is set in the past before Natasha's death. Literally anything could happen to Pugh's character in this film.",1
"mots7 was my first comeback and i loved it smmm, cant wait for the next one &lt;3 wbu guys? what was ur first comeback? #MTVHottest BTS @BTS_twt",1
"but u said ""even when we see the Snyder cut Thanos will slightly be a better one"" so how did u come to that conclusion. And now in this reply ur contrasting your own first tweet.",1
"Lmfaoook this white ho mad -----> RT @tayyoung_: FUCK OBAMA, dumb ass nigger",1
No one RTed that fuck y'all I was just trying to help dumb niggers kys,1
@xobambimarieox You'd get naked anyways you dumb nigger.We all know this so who gives a fuck if your camwhoring ass gets naked or not ?IDGAF,1
I'm not saying every black person is a nigger but the trashy thugs are. It's disgusting what this world has come to bc of them.,1
Racism won't stop as long as u stil select ur white clothes 2 wash 1st b4 d black&amp; colored 1s.Say NO to racism n start washing em togeda..,1
Sitting here wondering why someone who clearly violate twitter guidelines and is blantantly racist and disgusting this woman not only called me but MULTIPLE BLACK FOLKS NIGGERS! Why is she still able to have an account?! Explain this to me?! @Twitter @jack @TwitterSupport,1
"Hahahaha, failure is one of learning process. Fail isn't an end point of a road.Sometimes failure teach to be a better person, and failure can answer all reasons that u couldn't see back then that has lead u to miss steps in the first place. By failing u can see ur weakness.",1
Idc anymore... Im gunna make my day great. Fuck all yall dumb ass niggers out there! Im a fag and love dicks! #pride,1
"Everybody read @MeekMill location ""Killadelphia"" what a dumb nigger.... ignorant fuck...",1
I forgot to SS it but u have to create an email accnt. Use hangul to create one by writing ur in first box n write ur name again with some number n choose @gmail.com after you'll be redirected to this page n fill all info,1
@FLawLesSlayer DUMB COON FUCK YOU NIGGER DIRTY HICKBILLY,1
"But when was the last video, the last article, the last anything that showed Whites targeting Black Children? It is always the other way around. They target the youth and they always do it unprovoked and say it is justified because of what happened in the past.",1
"LMFAO she mad as hell 2 Terms hoe ! RT @A_little_Crzy Yea head nigger in charge bitch RT @tayyoung_ FUCK OBAMA, dumb ass nigger",1
"@BiggRon_: 2 Times RT @BobbyLowInHD: Kill yourself dumb bitch!!! RT @tayyoung_: FUCK OBAMA, dumb ass niggeru salty! Trashy ass fugly bitch",1
@Super_Man12 stfu dumb nigger ill fuck yo mamas pussy,1
FUCK NIGGERS haha I'm being sarcastic so if you reply you are the dumb one hahahaha XXXDDD get prank'd pic.twitter.com/Fp7TwkeVz5,1
@PrizeTrain18664 go fuck yourself dumb nigger i hope you get genital cancer you fat arabian ginger monkey,1
@iH8TvvitterHoes @BornSinner lmfao the left is a dumb nigger and the right is a real nigga! All of you guys are dumb as fuck!,1
"@keys2theLEX: Somebody shoot ths bitch in her left eye!!!! RT @tayyoung_: FUCK OBAMA, dumb ass nigger lol ignorance is bliss",1
"Fuck you you ugly white bitch @tayyoung_: FUCK OBAMA, dumb ass nigger",1
You lazy dumb niggers have had 100's of years to get w the program! Fuck @TvLizzie and niggers! @_lovehanna,1
U a parody account tho“@ElBootyKing: @b0ss561 dumb ass niggers like u r reason black people cant move forward u close minded as fuck bruh”,1
"i have to idea why but i HATE when ppl call me pet names, SOME ARE OK, but if ur gonna call me one ask first or else death",1
#tosh.0 fuck u nigger asshole fat ass dumb shit ok,1
#RBDC is dumb wack i only fuck with them jungle niggers cause ima jungle bitch u could find me with the trees..lmaooo 8),1
My phone been off the hook all morning now that I’m up shit quiet. Fuck all of u dumb ass niggers that hit my phone! i hate u all this morning,1
"Figures RT @tayyoung_: FUCK OBAMA, dumb ass nigger",1
dumb fuck niggers,1
@KHomatose See? RT @aishasekhmet: Jesus is the greatest enemy to black people. Got these niggers dumb as fuck! White folks made up Jesus.,1
"“@tayyoung_: FUCK OBAMA, dumb ass nigger” fuck you, fuck your mom, just die ! Racist ass bitch !",1
My son never knew racism until he started Virginia Tech.I reached out to U 4 help 4 support 4 my son.U &amp; everyone else at Uni abandoned him.The shame is on U 4 kicking a brown colored student to the sidelined as if he was trash.These posters don’t make Blacksburg any less racist.,1
The cure for corona virus we had known about for 15 years when we had the first strand of it which is almost the same as the one now rt if ur happy mask wearing time is over,1
@HorizonUtero yeah he's a dumb as ugly ass black nigger fuck him,1
i hate when im on Instagram doing Instagram things and a niggas nowhere 2 b found ass bitch has the nerve to mention me / like my commentð¤ð,1
"Our school is filled with ""niggers"" well at least it isn't filled with illiterate dumb fucks #DBHATEWEEK",1
Niggas is stupid as fuck. He not even Mexican dumb ass nigger,1
If the black population would do a little bit of research on you they would know you wouldn’t do anything to help them. I’m shocked a black man ask asked you to be VP with all your past racist comments. What a clown both you and Obummer are!,1
@_KFChris fucking dumb fuck nigger bye,1
"Calling black people ""niggers"" for not following your world view exactly is disgusting. People have different opinions on ""normal"".",1
Is a carnivore when you stay up all night & sleep all day? NO! WHAT THE FUCK? Dumb niggers make me sick.,1
@VeronikaCloutie lol yeah we did. he's disgusting. HE'S A SANDY NIGGER! like an egyptian black guy,1
"“@Will_Duke2: Dumb niggers” fuck you motherfucker, fuck around an get your ass headbutted",1
Y'all niggers got no respect....dumb ass fucks pic.twitter.com/CiOo9aNNQ4,1
FUCK DRUG SHIT NIGGERS CUNT FUCK BASTARDS A SPADE A SPADE AxHead NOT DEAD DUMB STUPID KRISTEN DEANN ALDERSON DRUGGED CUNT FUCK BASTARDS,1
"Hoe don't let niggers get on your pale-faced ass. ""@tayyoung_: FUCK OBAMA, dumb ass nigger""",1
If u have such a problem with caucasian colored people go join the nation of Islam with farrakhan. If u didn't u would not have made that comment. Racism is for the kuffar.,1
happy buttday @rajaicuddler u r prob one of my first friends from twt and i love u so much. also ur voice is amazing and i hope u sing a lot lot lot more in the future,1
Boys that I'm carrying you dumb ugly fuck name wayne ugly nigger pic.twitter.com/p7Q34HtTsU,1
"if a nigger is dumb enough to come in my mentions or DM's with his fuck ass music, I will insta block or Expose yo beggin ass",1
"aueghrrg being gay means ur debating whether to buy a skateboard or rollerskates but knowing that no matter which one u pick, ur going to drop it anywayz bc u have the attention span of a goldfish and get stupidly angry at urself for not being good at something on the first try",1
wow ppl in plc like to fuck wit niggas computers SMFH!!!! DUMB NIGGERS!!!,1
“@BrendanAlec: And that's why you shouldn't of traded sekac. Dumb fucks the nigger's useless @CanadiensMTL” dont be a habs fan pls,1
"White shall henceforth be called cracker, honky, gringo, or peckerwood. White is a skin tone. Negro is a derogatory term meant to keep a black man ""in his place."" If we're going to keep a child in office and allow childish behavior amongst his cronies, might as well go all in.",1
White privilege she said it's white privilege. . &amp; tim Scott is what Malcolm x called the house negro. He left us out in the field while he &amp; boss eating &amp; doing good at the big house. Where is his reaching hand? What has he done lately?,1
Racism is wen u select ur White clothes to wash first b4 the Black Colored ones... Don't be a racist! Wash them all together #teamObama2012,1
No not really i will admit some peoples lives are affected by the past but using the past as an excuse for crappy behavior and being lazy isnt good all black Americans can do anything a white american can,1
@Chris_Broussard stop sucking mayweathers dick and go fuck your women dumb ass nigger!,1
She was like what does that mean? I just told her she will understand when she gets older since her mom once again has to explain racism. They are sick I’ve heard white people call dogs niggers when the owner is black as well it’s disgusting,1
Dumb Police trynna Pull a nigger over.... #BetterLuck. FUCK DA POLICE,1
@goshawty123: plz get shot like that other nigger Tupac @barackobama fuck u dumb ass pig.. pink mother fucker,1
Hay Dumb Fuck Cops You Got a Top 10 Fantasy Arrest List ?? NOT NIGGERS !! You Know How You Just Put People to Jail for NOTHING ??,1
ITS ONE OF THOSE “if ur first @doesn’t reply in 5 mins they have to change their layout” HAVDHDBJ,1
"I salute u for doing what ur doing...but i don't get it. I'm a semi dark colored asian, my cousin's black, chinese, albanian, russian...i do know racism. I just don't undersatnd the video..",1
"Racism is when u separate ur white clothes,and wash them before the colored!!",1
first impression: interesting name your nickname in my head: Tepy closeness ratings [1-10]: 8 do i like you: yes you are my: gccgc moot! ever had a crush on you: no should you post this too: sure one random thought: gogy is looking quite cute in ur pfp,1
"Kenyans turned the bants to racism, color discrimination etc Like WTF we have never had such incident in Nigeria becos we NG don't go down like that. #kenyansvsnigerians #KenyavsNigeria Pick up the picture of anyone n do a clapback or do something, don't be boring, tueh!",1
"@gbbyjenkins @zachthemanward ""my nigger boyfriend"" hahaha it 2013 ya dumb fuck",1
fuck the UN... just a big ass cracker gang... niggers is dumb for serving crackers. Fo REAL! yesser massa!,1
yall ever be scared to stan more than one thing at a time cause u think ur gonna lose interest in the first thing,1
"An Arab dating a Black person is literally like dating trash, according to the rest of their Arab counterparts! I heard Arabs say that it’s disgusting! Yet, they wanna say ""negro, nigga, nigger"". All these variations, but the last thing they wanna be is black!",1
@Los_Rodz the fuck does wet back mean you dumb fucking nigger spic,1
"Klavan, u look like s burglar ffs u stupid Estonian cunt",1
"Done reading CNN for now our world is crazy as hell and the ""niggers"" are dumb as fuck",1
kanye is a dumb nigger. country has been around alot longer and made the music morld. fuck that gumbo ass nigger. ill give him an asswoopin,1
If ur surprised by seeing racism in 2017 then u probably haven't lived a life with colored skin,1
The owner or CEO of twitter is a pedo. IG is another one letting these racist and pedos post whatever they want but if anyone post anything pro black or the truth about the past/what’s going on now it’s fact checked and censored or taken down ASAP,1
"No dumb fuck Gbenga ""@kidwonda__: What nigger, ur shirt? :s ""@Gingerboy_bolu: @kidwonda__ aws the niggga tho??? he just vanished""""",1
RT @franco244: @Rainmargi2 I'm Italian you dumb nigger bitch.==&gt; Fuck You!,1
Burn in hell you nigger! I hope your family gets killed &amp; your mother gets raped by a White man! Dumb fuck!,1
"She was dumb enough to post and record herself saying fuck niggers there's consequences for that, that white privilege can't save her from https://twitter.com/abemalan/status/920137582897283072",1
@Imrude89 @korilashay you would think a fucking nigger is sexy you dumb cross breeding fuck,1
Not responding to you but ok. Responding to the username below you that compared systemic racism on colored people to childbirth. I guess u didn’t understand my tweets before tweeting NUNCE!!,1
ur the one who replied first??????,1
I only have one UR memory card and this is the first ssr memory i got bless,1
@MERMAIDX22 tell your bestie to listen to it omfg that dumb ass nigger fuck e.j now is grey goose,1
Quincy bout dumb as fuck we got to his house (he snook me in) and dis nigger didn't even do his chores #smh,1
"K, you're east indian.. Not black. Turn down the nigger beats #bitch #annoyed #pisssedoffalready #disgusting",1
@Ricky_Rick00 dude we were the best team ever. We made shit happen! #aggies #Coon,1
@Jeremiahpena6: @HoltArturo @AnthonyBiasetti fuck you* I'm a dumb nigger chill,1
@TANKOLA1 Fucking niggers that person should go kill himself or fuck it I'll kill his dumb black ass,1
"“@RACKcityRO: ""Shyt you just don't say !! Smh @tayyoung_: FUCK OBAMA, dumb ass nigger""” WOW. That girl. Smh #IDIOT",1
"“@MS_UNIQUET: RT @beckhamishere: “@tayyoung_: FUCK OBAMA, dumb ass nigger”bitch suck our black nigger dicks”",1
oh i thought this guy blocked me lol yea ...um look it's hard to explain to ppl how anything works when they think me white white man and white man work together they black so white man no work with them you need to move past pre k for you to catch up,1
"Yet, a Black Man, who heard a white man at a retail store call someone a Nigger, casually and without fear because of the climate you create, got Checked for it and you racebait it to your followers for victimization purposes. This is both Alarming and Disgusting to see.",1
u kno why we have racism? bcuz white people FEARED annihilation..when they discovered diff parts of the world they ONLY saw colored ppl.,1
@israelstacks lmao fuck u obama dumb niger,1
“@holyhoe: RT IF YOU WANT THIS NIGGER TO GET DEPORTED TO AFRICA @ChiefKeef” bitch you sound dumb as fuck .,1
"What it is called a ""negro"". Asking the white master coming to show him the holly path to follow. Sad",1
@SoIidifys SMD YOU DUMB MONKEY LOOKING APE FUCKING PUSSY ASS NIGGER!! FUCK OUTTA MY MENTIONS RANDOM!!!,1
first impression: nice your nickname in my head: angelica closeness ratings [1-10]: 8 do i like you: yes ofc you are my: friend ever had a crush on you: no should you post this too: if u want one random thought: i really like the rose in ur dn,1
People really still don't know the difference between nigga and nigger holy fuck are people still that dumb?,1
TIME TO GET DRUNK FUCK THIS SHIT COLLEGE LIFE SOME SHIT U DUMB NIGGERS THAT CANT CATCH A BALL. OR GETTA 2.0 WILL NEVER KNOW ABOUT.,1
"Funny thing is, im dominican dumb ignorant fuck. RT @VichugoPM: @bellamorenaa You are the nigger... you always be fuck ... jajaja",1
"Fuck lil Wayne, you dumb nigger.",1
and 5 hours later ur still first the only one here thx,1
He’s a hypocrite. And proved he’s racist as well. He was offended a black lady called him out. For calling a lady negro. If a white person did that he would be villified,1
"U mad? RT @tayyoung_: FUCK OBAMA, dumb ass nigger",1
#quoteyourteacher dumb fucking nigger why do you get it wrong you paki bastard fuck off to your own country you terrorists(in teachers head),1
fuck I hate spell check. dumb niggers,1
"Theres no prince and shining armor thats coming to save you, stop feeding the young girls BULLSHIT , bitch ur daddy is the one who pimped u out in the first place..",1
"UMAD RT @The_April_Fool: Hey hoe how you doing? RT @tayyoung_: FUCK OBAMA, dumb ass nigger http://lockerz.com/s/259499560",1
"The “Negro Republican Party as it was called, did not exist until 1867” it was opposed by the “Lilly White Republicans.” Republicans spent the 19th, 20th and now 21st centuries opposing black advancements. No Black Republican POTUS in history.",1
➳ first impression: Another sweet dolly.. ➳ ur nickname in my head: Hiffi ➳ u are my: One of my loveliest apis.. ➳ to be honest: I like ur profile alooot.. ➳ should u post this too: Suree,1
Nigger you full of jokes dumb as fuck let me know when it clicks.,1
Fuck you dumb nigger I should hang you by my cherry tree-Me to you in 2017,1
"you really mad as shit my man in here another 4 yrs ctfuuu ... RT @tayyoung_: FUCK OBAMA, dumb ass nigger",1
"@_basichoesADORE: fuck you fat white bitch. RT @tayyoung_: FUCK OBAMA, dumb ass nigger.---- fck ya wrinkley ass mama cracker!",1
First of all the word is nigga you dumb fuck secondly that’s apart of racism stop trying to be dumb and woke thirdly when your ancestors were calling my ancestors niggers in order to segregate us and show the difference no one screamed now listen to this,1
@Droseph_nostres awh fuck it he a dumb nigger anyway,1
The exact same white “friend” who called you a nigga/nigger/negro in high school is posting about BLM now that it’s trending smh. Where was this energy 8 years ago??,1
"“@tayyoung_: FUCK OBAMA, dumb ass nigger”your on suicide watch",1
@sirjacob11 atleast im not some dumb nigger who scams on a video game and then gets sad. Grow the fuck up your like 30,1
"Nigga in the blunt stay dumb lyk dish tears RT @Kingzzley: Amarula is the one RT @Madtzoo: Fuck this real nigger shit, Amarula is delicious",1
That nasty bitch trife as fuck and the dumb nigger (cause it was a black guy) says oh I'll wear a rubber!!! Are you fucking kidding me,1
I TOLD YOU THIS GUY WAS OUT OF HIS MIND • “@iCumBl00d: #IStandWithObama on nothing. Fuck that dumb gay nigger faggot.”,1
@TwanCassette fuck you you dumb orange nigger,1
"What insanity! I was raised dirt poor, and attended predominately black schools. So because I'm white, none of that matters? Rights obtained by blacks over past 155 years was voted into law, primarily, by white men. Privileged? You folks don't help anything.",1
"FUCK ALL YOU STUPID BLACK PEOPLE, DUMB NIGGERS UNFOLLOW ME",1
"The events of the past are truly indicative of who Trump really is. His attempts to portray himself as anything other than a racist dog do not and will not work on Black voters. You Karen, are clearly afraid of the truth .",1
I never said anything about her racist past except “the tumblr posts abt Normani were fake”. I never spoke for black ppl. I said it’s your choice whether to forgive her. So please stop twisting my words,1
"You don’t understand context. “3) A Black person who sells out and kisses up to racist White people, especially those who defend racist White people against Blacks; an Uncle Tom, what Malcolm X called a House Negro.”",1
Fucking dumb piece of fucking shit fucking nigger bitch god damn cunt fuck.,1
@xlouistom @1337jenny @_jennabella_ FUCK YOU NIGGER GO THE FUCK TO HELL BURN IN HELL YOUR MAMA THINKS YOU WERE A MISAKE! DUMB TWI,1
"You haven't answered my question. I can find no reports about him doing black face, I don't remember seeing anything about this in the past. I will keep looking and see if I can find anything to validate your claims.",1
"You act white wrong skin tone, but all the time. My white grandma also used to insult my appearance and hair on a daily basis lol. Would only let me hang out with my white friends, called my dark skinned best friend ""that little negro boy"" and my light skinned friends hoodlums",1
keem you dumb fucking nigger you misspelled #FridayFortnite on 2 of you most recent posts. You dumb piece of shit. You misspelled your OWN FUCKING EVENT FUCK YOU YOU DUMB CUCK.,1
"#WHOA 0_0...you mad!? RT @tayyoung_: FUCK OBAMA, dumb ass nigger",1
"FAVE MOOT love ur brain, ty for introducing me to loona mwah. ur one of my first friends here ever since i joined carat stan twt",1
"LORD forgive her bc she knows not what havoc her thoughts are ab to cause #IgnoranceInItsPRIME “@tayyoung_: FUCK OBAMA, dumb ass nigger”",1
Dumb ugly nigger name Wayne Positive trash soft ass nigga fuck red and white off my apartment number trash pic.twitter.com/wcBstGOKCB,1
"Appreciation is common in every sport, Pakistan got standing ovation in Chennai. Racism is norm in only one sport. Pick one good incident and over look thousand chutiye, stick to eating macchli.",1
listen. ur the one who said she was bad in the first place. u did this to me,1
@AlexAlexBurton Shut the fuck up you dumb nigger,1
Its really funny when dumb white bitches get offended by the word nigger while my black friends don't give a fuck. choke on a dick slut.,1
Fuck red and white dumb ugly nigger name Wayne Positive trash soft ass nigga pic.twitter.com/UETIXNK2pH,1
@eighttrayOG @timevxs dumb ass nigger!! get the fuck back in you tree boy. white powah jumpin off here. go smoke crack from yo momma titty,1
Ah nigger will kill your dumb ass &amp;&amp; won't give a fuck about you smh,1
LMAOOOO RT @ElegantBella: Man fuck everybody. This game has stressed me out and this dumb NIGGER Morgan caused us game. Good night,1
Fuck that dumb nigger on my birth certificate. Fuck him fuck him fuck him!!,1
"@terrellowens you dumb ass nigger you are the lebron of football , you asshole tryin to take over Chad's spot its his city GO FUCK YOURSELF!",1
Drunk white people dumb asf talking bout “can I say nigger” bitch can I call your mom a cousin fucker fuck you,1
"Today's real house negro, a black person lying to black people being paid by white people. If she said the opposite and praised Trump's policies, guess how she'd be treated and names she'd be called.",1
dumb nigger bitch was starin at me bumpin my music infront of a hospital ...the fuck was her problem?!,1
first one I don't want any fight if ur staning u can black me silently I won't mind,1
@KKKlan you're all a bunch of dumb motherfuckers. Put a nigger dick in your mouth and shut the fuck up.,1
“@Kitty_Kat_Kyle_: MITT ROMNEY IS NUMBER 1!!!!!! Fuck that dumb nigger obama”klye DONT GET FUCKED UP ON ELECTION DAY,1
"“@tayyoung_: FUCK OBAMA, dumb ass nigger” this is the America we live in smh!! When will it end?",1
also if u have anything made recently abt dealing w/ past trauma during this time would love to see it tyvm i can only listen to so many black girl in om episodes,1
"Like your vote mattered.... BITCH! RT @tayyoung_: FUCK OBAMA, dumb ass nigger",1
"“@tayyoung_: FUCK OBAMA, dumb ass nigger” &lt;--- #ItsAShame",1
"yiooo i swear im about to loose my cool in a minute, dumb ass nigger ! ughh just shut the fuck up ! #LIVE",1
"Rush Limbaugh 1992 called Chelsea Clinton, age 12 the “White House dog” and flashed her picture on screen. Called Sandra Fluke a slut, harassed Black people for years, he called Pres Obama, “Barack the magic Negro” and Michelle “gorilla in heels,” he gets the Medal of Freedom.",1
@abdoshbag shut the fuck up you dumb ass nigger. where do you live?,1
great :D! which one is ur first language,1
"Somehow, people are trying to bring up shit i said in the past &amp; are trying to cancel me. LOL Like seriously, what gives with this situation? I really didn't say anything that controversial!",1
Scott's a dumb nigger. FUCK HIM. — Oh dear http://ask.fm/a/5hi407cp,1
You 2 dumb ugly nigger name Wayne Positive trash soft ass nigga u black &amp; brown fuck red and white pic.twitter.com/PQ1Wb7QNOx,1
“@RapeDrew: This is twitter. Imma speak freely. NIGGER.”that's how dumb white fucks like you get they ass whooped,1
"But he's the President doe “@tayyoung_: FUCK OBAMA, dumb ass nigger”",1
Don't try to rob my friend you dumb nigger. Fuck you,1
Esau the so called White Man TELLS THE TRUTH ABOUT NEGROS IS JUDAH/PLAN PARENTHOOD Psalms 64:8 “So they shall make their own tongue to fall upon themselves: all that see them shall flee away.”,1
"Shut up JAZZ fan U the classless.. EVERYBODY know Utah full of racist ass white people Lmao Met a guy from Utah &amp; he said everything but nigger to me.. Cuz he knew job or not, I would fuck him up as SOON as that line was crossed.. Just dumb ass people",1
"@tayyoung_: FUCK OBAMA, dumb ass nigger Kill Yourself -____-",1
You mad?? @Snap4TheKidd: ''@Daa_Untouchable wow fuck you dumb pussy nigger'',1
@EmilyPaige1213 just say dumb shit like i do. Piss off the world. Say nigger. Fuck it. Who cares.,1
"Some dumb FUCK: ""There are kids starving in Somalia"" Me: ""well if the little NIGGER was here i would give hIm the rest of my sammich...",1
"Lmfao RT @scoooterrr: Real fat RT @Mo_Prepboy: ""@tayyoung_: FUCK OBAMA, dumb ass nigger"" i hate racist fat bitches like this.""",1
"Calm down baby... RT @tayyoung_: FUCK OBAMA, dumb ass nigger",1
"It’s called networking, people take pictures with each other all the time, Trump still refuses to sell apartments to black families and Robert Byrd apologizes for his past and regretted it. That’s at least better the Trump who can’t even apologize for anything",1
@AyooLEEEEISH You sound dumb as fuck being a nigger has nothing to do with skin color. I'm not black either I'm African that's just a label,1
I know this white Latina that found out her grandpa was listed as negro in a PR census (which doesn’t matter cuz lots of times it was used as “other”) &amp; the 1st thing she asks me is if she can use the n word. Im like y if ur never called that? &amp; yes she proceeded to use it.,1
i dont think its right to say nigger and im cool with all black people but i dont agree with white girls dating black guys its disgusting,1
U dumb fuck you amd that African nigger cuz my shit get fucked,1
Ur first one was super unique as none of us had gone through that setup before and tbh we were kinda disorganized a bit becuz we got so much more content than we are used to.,1
@No_FAKINGG: People always asking me what I'm mixed with. She a bad asian bitch lol,1
@DoonSquad5 @Datpiffhomie @king_5quad hey nigger dooner you spelled calisthenics wrong you dumb fuck,1
Let’s not forget when I got called a “stupid negro” in the senior group chat and all the white people told me “you know he doesn’t mean it like that. It’s peter”,1
@TPJSiX @GBaldy_ @eMpKamiKaze @iBuLieVe @eMp_Murk I will u dumb puppy ugly rat ugly fag u gross and ugly ugly fuck nigger u have a lisp,1
If niggers fuck u 4 free n ur lights bill has not been paid #MoralOfTheStory u dumb as hell...,1
"@tayyoung_: FUCK OBAMA, dumb ass nigger bitch stop being ignorant!!!",1
WHAT THE FUCK ARE YOU DUMB NIGGERS DOING GOING FOR 2 JESUS CHRIST FUCK YOU DUMBASS COACHES I LEGIT FEEL BAD FOR YOU FUCKING JACKASSES,1
"U tell ppl its ok if someone ridiculed ur race cuz your soul chose to be born as minority, as colored. What a joke? You told ppl who had to live with racism to not respond with anger / fight against it cause it doesnt solve anything. What bull is this! Miss Malaysia? U kiddin me?",1
@SexiVixenFromMD you're right the lightskin/darkskin battle is dumb as fuck cuz all the whites see is nigger either way @voguish - Cuffs,1
"Mad? >>RT @tayyoung_: FUCK OBAMA, dumb ass nigger",1
@RealKayneWest fuck you you dumb nigger I would never stand up at your fuckin show bitch hope your family fuckin torts in hell #fuckurattitu,1
pussy ass bitch dumb muthafuker like fuck u nigger — i'm white http://ask.fm/a/elbjagf,1
@summertime1949 @mikevick @bcraig027 @Outie93 Dumb fuck learn how to twitter fuck you piece of shit Fuckin Nigger lover mother fuck,1
NEWS FLASH: I'm white! -Thanx 4 reminding him evryday cuz Im sure he hasnt noticed my paper-colored skin. sad u use racism 2 mask jealousy,1
"«@tayyoung_ FUCK OBAMA, dumb ass nigger» Fuck you &amp; all your ancestors bitch",1
"Emblematic of the racist agenda. Anything celebrated by the race they hate is condemned. The old Dem white racists used to condemn jazz music, African dances and beliefs, anything black. With Dr King’s leadership we moved past that. Now they are re-segregating our society. Pray.",1
"@woaaahhxcassidy bitch you sound dumb as fuck how do you act like a ""nigger"" if that's the case you're one",1
@goldchaneI I would never lay my hands on a woman like that u dumb ape nigger fuck,1
@DMONEYSTACKINN okay stfu you ugly NIGGER your dumb as fuck for even trying to start shit again your all talk you bitch,1
Fuck red &amp; white dumb ugly nigger name Wayne &amp; ugly ass Chris call 411pain black brown positive positive pic.twitter.com/4mWMpSpEbD,1
"Beat it! RT @BosSsDj: Me and the crew just caught a nigger tryna jack a car and gave him a beating at rosebank,Dumb Fuck!",1
I found the comment very disgusting. All my life I was made to feel like I was less because I had the darker skin. Like deadt tf serious. &amp; To think black people think being “light skin” is some sort of achievement. In the eyes of white people you’re still a “nigger”.,1
Fuck you ugly dumb nigger name Wayne off my toys ugly trash pic.twitter.com/VQBl1omc1o,1
"u mad as shit, u fat fuck! RT @tayyoung_: FUCK OBAMA, dumb ass nigger",1
@xEliasFlores what the fuck nigger. Don't follow me. Get a fucking haircut dumb bitch,1
"@_kawonn_alyakk_ @DreamzHits know that Im Asian too you bitch.But just know that a ""nigger"" is a lot more educated than you. You dumb fuck",1
@SADA_BREUANA who the fuck let you on the internet you dumb fuckin nigger??,1
@MoStaacKs @Kludgykiller fuck u Meech dumb nigger don't take it offensive just kidding but yeah your a nigger. Idgaf u suck Creddy me LMK,1
"Anonymous asked: nicki minaj is a nigger, keith urban shouldve dick slapped that dumb fuck http://tmblr.co/ZdDjcuUYADl7",1
what about the 15 or so black KIDS shot the past 2 weekends ? anything on that?,1
"When this hype season is all over I probably won't say nigger faggot retard stupid dumb fuck shit-ass stuff like that (or this) ever again, so enjoy it while it lasts. Then again, I might write a book with my dick. Who cares? I'd rather be meditating and playing video games, oO,.",1
Bro first learn something. Pubg PC is owned by Bluehole Pubg Mobile is developed by Tencent Pubg Mobile is published by Tencent Pubg Mobile privacy policies are maintained by Tencent Its more Chinese than you think. Seeing one line in Google won't make ur facts right. Research!,1
yess exactly the police can murder black people and we can be okay with it because it’s in the past and they’re dead now. exactly. what if i kicked your ass? you can’t say anything because it’s in the past now.,1
@Lilcruz2 you really tryna get me in trouble on twitter😂😂😂 #coon,1
@BryantMcAlister I'm sick of dumb niggers like u George Zimmerman is a fuckin Hispanic so go fuck yourself,1
@praisexoscar you're nigger youself you dumb fuck,1
Human being not white. I see u as the same no colored. Thats what keeps racism going.,1
"Niggers sound stupid af sayin a iphone better suck dem nd fuck them , dumb ass nigger idiots .",1
"will yall dumb ass niggers shut the fuck up! nobody gives a shit what you have to say, now fuck off",1
all this bc of that dollar and the thing is rich people are the ones donating AND no one is spending ur money in the first place why are y’all so bitter,1
@Robfrmda4 @love__adriana fuck you dumb ass nigger bruh tf wrong with you man go be a nigger some were else man,1
"@R_Mendenhall Get the fuck out the country you dumb nigger , then buy a rope and lynch yourself #Steelers #Mendenhall #Osama #ESPN #NFL",1
"Vice was abt interviews, which explained y trans ppl detransition. The Reddit one was written by a FtMtF who genuinely wanted to detransition, but still didnt regret to transition in the first place. U dont want reliable sources, u wanna shut up anyone who doesnt agree w ur views",1
Guy do whip dance didn't see the white girl continue to dance she call him a nigger but that's funny to you dumb fucks smh,1
@hi_imSoryia -____- fuck you too then dumb NIGGER,1
The BLM at it again.They don’t understand history.Frederick Douglass was a spokesman for the Black People.They are just ripping and tearing at anything that represents the past.,1
GAYLE and OPRAH are using white supremacy and CBS to demonise and destroy blackmen and throw them under the bus for money and ratings. Malcom x called them HOUSE NEGROS.,1
Angry aint we “@Colton_Zappe: Fuck that dumb nigger Obama”,1
"“@tayyoung_: FUCK OBAMA, dumb ass nigger” &lt;=====THIS LITTLE DUMB Hoe! Bitch go in YOUR room and let yo daddy skeet on ur face!",1
"@tayyoung_: FUCK OBAMA, dumb ass nigger *This is wtf I'm talking about.",1
Who the fuck comes to someone's house unannounced at almost 2am? Dumb ass nigger.,1
"Shut yo Honey Boo Boo ass up RT: @tayyoung_: FUCK OBAMA, dumb ass nigger",1
"Maxine Waters Blames Trump for Smollett Incident — ‘He’s Dog Whistling Every Day’ - This is how stupid faux racism is. If Jesse werent black, Maxine would have said. Pick what/who you support by color. Civil rights are earned not bullied. Maxine you will be dropped by history",1
@Needa_grow_ALil nigga u r dumb as fuck!! Trade beats for an I-Pod? I didn't know niggers were that stupid,1
"To add to how tone deaf this is he called him Eloquent and clear, using the same coded language white people do to praise what they perceive to be a ""good negro""",1
FYI I'm black. There is a thing for white culture called the magical negro. White people love the idea that there is an unusually talented or gifted Black person who saves the day. This has pretty much been about the only type of film with AAs in it that gets academy awards,1
"Oh my god. Guys, the head of a pizza company said some dumb shit. This isnt a civil rights issue, this isnt a travesty or a tragedy. Stop acting like a the world is so corrupt every time some says nigger, faggot, or kike. Just shut the fuck up, eat your pizza, and move on",1
"@saltylemonjuice Yep- go look up the definition, ya dumb NIGGER! That's what the FUCK YOU are.",1
fuck you going nigger? RT @Frico_LiVaRachi: I'm gon miss this dumb twitter shit,1
@FRAGG_NATiON YOU FUCKEN DUMB MUTHAFUCKA NIGGER. I HOPE YOU DROP THE FUCK DEAD TONIGHT N I G G E R! NIGGER NIGGER COON NIGGER NIGGER,1
U are not a self made nigger and u have tattoos all over ur neck u are dumb as fuck the only job u will ever get is at a butchery,1
A white man called a Black Man a NEGRO on the RADIO??!!! Why am I not surprised?,1
Mfs will defend NB people saying nigger allllll day but let a black person use a slur and its a witch hunt. Both are disgusting but why are we treated differently?,1
Ur the first one ik to twerk with a dildo in there ass which is sexy af tbh,1
the word nigger and I sure as fuck don't appreciate you defending a dumb CUNT like her,1
"@Obey_TINA @Stupid_Niggers @PolyWhoop i didnt play mw3, remember? i said i was coming back in bopps 2 dumb fuck",1
Fuck i am fed up with dumb niggers,1
this show funny as fuck...white people lookin at us like 'even the rich black ppl are dumb...niggers' lmao,1
"Look how long we had google, niggers still dumb as fuck",1
"We know people in the wine industry who are struggling because they are colored, they receive a better reception abroad than in &amp; around the Cape Winelands &amp; it's tragic. Racism isn't just what you say, it's also the way u treat people - it's the prejudice held of ""us &amp; them""",1
@FreakyBillon lmao nigga don't you got work?!!,1
"Bitch fuck you RT @tayyoung_: FUCK OBAMA, dumb ass nigger",1
realizing this white lady on The Cookout called them negros in the beginning then was all in his house and sitting at they table,1
"This dude said ""dumb sosh nigger fuck""",1
I'M DARK SKIN YOU DUMB FUCK RT @niggalogic @SuicideRascal YOU NEED TO DIE FOR BEING A HOUSE NIGGER,1
"that's horrible to read, 'cause I'm feeling so disgusted by such these white ppl, I'm also one white human, but I hate those types so much! White didn't really face racism like other colored ppl do, in my opinion, it's not the same.",1
"Lol. u bet!""@Psyche_Mac: Racism is when u wash ur white clothes before the colored ones...""",1
"“@tayyoung_: FUCK OBAMA, dumb ass nigger” mad ehh?!",1
"@ki__2x fuck you dumb nigger, pull you pants up and step up bitch. I will yam on yo black ass",1
ms trisha ur mind it amazes me one of the first bw au that i actually finished shdjnxksjsjshsb anw keep doing what ur doing ily and ur works of art &lt;3,1
"&lt;tsui-ji&gt; gyl: go into #asian and tell em you are white, have muscles and drive a nice car and mad chicks will msg you",1
"I call BS. The homeowners didn't have to feel threatened by black peaceful protestors walking past their home. If anything, they escalated a confrontation.",1
@skeppyextra hi i donated on ur stream asking if u could check oht my fanart :) it was my first one so it was bad but i still really want you to see it:),1
"“@tayyoung_: FUCK OBAMA, dumb ass nigger”&lt;&lt;&lt; Have Some Respect For Ur PRESIDENT Hoe!! Lol",1
"fuck you fat white bitch. RT @tayyoung_: FUCK OBAMA, dumb ass nigger.",1
"Cute(˘̯˘ ).. RT @MacFreshPrince: GAY! :""D dumb fucks""@_L_ANDILE_: Gay! ""@Reciprocator_: What do you call niggers who listen to bieber?""""",1
"You ain't get no Dick tonight so you mad at the black man.!?....“@tayyoung_ FUCK OBAMA, dumb ass nigger”",1
I'm tired of these stupid niggers on ps3. Shut the fuck up your fucking dumb porch monkey,1
"1 incident of racism vs 1 of kindness, of course @AlArabiya_Eng picks -ve. Playing #victim always! @MrPolyatheist",1
Let Me Stop Retweeting Dumb Shit myBoy Fuck Around &amp; Break myFucking Neck Crazy Ass Fucking Niggers I Mess W|,1
#RealClassy #StripsForCopsAndIsMarried #DISGUSTING'Filthy nigger!'White woman reacts 2 Black man starting his car.... http://ohnblog.com/newohnblog/2014/06/04/filthy-nigger-white-woman-reacts-to-black-man-starting-his-car/,1
Haha You Can't Say Black Nigger In The Same Sentence Because Niggers Are Obviously Black Ya Dumb Fuck,1
Wow! Birds of a feather flock together. Roger Stone called Mo Kelly a Negro while on Mo's show. @realdonaldtrump surrounds himself with open racists bc he (45) is a racist himself. Racist white people R notorious 4 using racist tropes while maintaining that they R not racists.,1
"RT @Mr200taxnjckson: Taylor on a scale from cracker to pretzel , how salty are you ? RT @tayyoung_: FUCK OBAMA, dumb ass nigger",1
"as the world caves in, first one on spotify ig, btw if ur sad rn and thats why your asking i really hope you feel better soon",1
"A Harvard JD doesn't imply ""dumb"" RT @StaxxFifth: AH YOUMAD BITCH SUCK THIS LONG SHADED SMULE RT @tayyoung_: FUCK OBAMA, dumb ass nigger",1
"“@ranran_42: EVERYONE STAYS HATIN SORRY I LIKE TO BE HAPPY &amp; BLAST CHRISTMAS MUSIC, ITS BETTER THAN YOUR DUMB NIGGER SHIT FUCK.”",1
Fuck you doris ya dumb nigger,1
Y'all make sure y'all following a nigga #coon⛽🅰🆖💯lilbitch 😹😹👌 #joeworld,1
Dumb fuck wipe your ass bitch nigger cock muncher idiot,1
why the fuck am I a dumb fucking nigger you dumb fucking nigger,1
Why have I got someone on my timeline sayin fuck david stern you a dumb ass nigger for sayin that,1
"i’ve noticed it’s a trend on here y’all have to belittle accomplishments and make ppl feel like shit for simple stuff like graduating/going back to school, getting your first apartment (or a new one), buying a used car, etc. take that shit elsewhere. fix ur spirit.",1
"So a random Iowa fan pulls up in his car and sees me in a Michigan State shirt and says, "" Fuck you and Michigan State you dumb nigger..""",1
As a black man I’m not supporting music that tells me to go kill or harm another black man... keep all that gang shit/ fuck the ops shit out my ear. Niggers are dumb supporting that BS then be heartbroken when a black man dies by the hands of another...,1
But... he’s right. Atlanta is full of so called shoot em up negros and a Wendys was the best you could do? The hood want respect from everybody but only want to do it to each other and never White Supremacy.,1
Black is a color . African American is a Culture . Nigger means ignorant . Learn your facts dumb fucks .,1
"After black soldiers fought in WWI, many of them came home refusing to acquiesce to whiteness. They would do crazy stuff like look white men in the eye and call them by their first names. They called themselves the ""new negro"" - who thought of themselves as equal to whites.",1
@KeithBishop64 Very true. It was a nice show to watch until the racism incident. Did Ricky pick anybody who wasn't white?,1
@YourFavWhiteGuy shut the fuck upAbout your dumb as app your acting like a nagging nigger!,1
"Black ppl aren't expected to do anything, depended on for anything. Yet free to participate, work, enjoy the freedom of humans all across this globe. If you waste your energy on the past you will be wasting it for building the future.",1
Turner did not withhold his disappointment. Turner called the court an “abominable conclave of negro hating demons” (with one exception) who “issued another decree that colored men and women must be driven into Jim Crow cars whenever it suits the whim of any white community.”,1
I swear to God. This dumb nigger bitch. I have got to bleach my hair reeeeeal fuckin' soon. D:&lt; FUCK.,1
"Yea fuck you RT @therealexel: IF YOURE A NIGGER FUCKING UNFOLLOW ME, FUCKING DUMB NIGGERS.",1
Bro. U gotta chill RT @CHILLShrammy: Dog FUCK KP that dumb nigger bitch lmao,1


